// Code generated by go-bindata. DO NOT EDIT.
// sources:
// api/_common.json (936B)
// api/bulk.json (2.81kB)
// api/cat.aliases.json (1.489kB)
// api/cat.allocation.json (1.75kB)
// api/cat.count.json (1.506kB)
// api/cat.fielddata.json (1.864kB)
// api/cat.health.json (1.479kB)
// api/cat.help.json (563B)
// api/cat.indices.json (2.124kB)
// api/cat.master.json (1.332kB)
// api/cat.nodeattrs.json (1.344kB)
// api/cat.nodes.json (1.492kB)
// api/cat.pending_tasks.json (1.36kB)
// api/cat.plugins.json (1.31kB)
// api/cat.recovery.json (1.557kB)
// api/cat.repositories.json (1.363kB)
// api/cat.segments.json (1.406kB)
// api/cat.shards.json (1.721kB)
// api/cat.snapshots.json (1.538kB)
// api/cat.tasks.json (1.752kB)
// api/cat.templates.json (1.501kB)
// api/cat.thread_pool.json (1.758kB)
// api/clear_scroll.json (618B)
// api/cluster.allocation_explain.json (814B)
// api/cluster.get_settings.json (911B)
// api/cluster.health.json (2.284kB)
// api/cluster.pending_tasks.json (646B)
// api/cluster.put_settings.json (887B)
// api/cluster.remote_info.json (291B)
// api/cluster.reroute.json (1.457kB)
// api/cluster.state.json (2.035kB)
// api/cluster.stats.json (888B)
// api/count.json (3.118kB)
// api/create.json (2.387kB)
// api/delete.json (2.295kB)
// api/delete_by_query.json (6.931kB)
// api/delete_script.json (694B)
// api/exists.json (2.482kB)
// api/exists_source.json (2.346kB)
// api/explain.json (2.872kB)
// api/field_caps.json (1.393kB)
// api/get.json (2.615kB)
// api/get_script.json (573B)
// api/get_source.json (2.342kB)
// api/index.json (2.695kB)
// api/indices.analyze.json (718B)
// api/indices.clear_cache.json (1.873kB)
// api/indices.close.json (1.456kB)
// api/indices.create.json (1.123kB)
// api/indices.delete.json (1.359kB)
// api/indices.delete_alias.json (1.066kB)
// api/indices.delete_template.json (724B)
// api/indices.exists.json (1.551kB)
// api/indices.exists_alias.json (1.535kB)
// api/indices.exists_template.json (957B)
// api/indices.exists_type.json (1.617kB)
// api/indices.flush.json (1.918kB)
// api/indices.flush_synced.json (1.32kB)
// api/indices.forcemerge.json (1.786kB)
// api/indices.get.json (1.662kB)
// api/indices.get_alias.json (1.547kB)
// api/indices.get_field_mapping.json (1.929kB)
// api/indices.get_mapping.json (1.812kB)
// api/indices.get_settings.json (2.09kB)
// api/indices.get_template.json (990B)
// api/indices.get_upgrade.json (1.252kB)
// api/indices.open.json (1.621kB)
// api/indices.put_alias.json (1.156kB)
// api/indices.put_mapping.json (2.066kB)
// api/indices.put_settings.json (1.94kB)
// api/indices.put_template.json (1.377kB)
// api/indices.recovery.json (1.069kB)
// api/indices.refresh.json (1.256kB)
// api/indices.rollover.json (1.443kB)
// api/indices.segments.json (1.411kB)
// api/indices.shard_stores.json (1.513kB)
// api/indices.shrink.json (1.378kB)
// api/indices.split.json (1.372kB)
// api/indices.stats.json (2.298kB)
// api/indices.update_aliases.json (644B)
// api/indices.upgrade.json (1.627kB)
// api/indices.validate_query.json (3.107kB)
// api/info.json (235B)
// api/ingest.delete_pipeline.json (726B)
// api/ingest.get_pipeline.json (644B)
// api/ingest.processor_grok.json (334B)
// api/ingest.put_pipeline.json (798B)
// api/ingest.simulate.json (779B)
// api/mget.json (1.992kB)
// api/msearch.json (2.403kB)
// api/msearch_template.json (1.474kB)
// api/mtermvectors.json (4.189kB)
// api/nodes.hot_threads.json (1.808kB)
// api/nodes.info.json (1.188kB)
// api/nodes.reload_secure_settings.json (765B)
// api/nodes.stats.json (3.023kB)
// api/nodes.usage.json (1.03kB)
// api/ping.json (228B)
// api/put_script.json (1.022kB)
// api/rank_eval.json (1.43kB)
// api/reindex.json (1.786kB)
// api/reindex_rethrottle.json (806B)
// api/render_search_template.json (537B)
// api/scripts_painless_execute.json (414B)
// api/scroll.json (840B)
// api/search.json (8.266kB)
// api/search_shards.json (1.739kB)
// api/search_template.json (2.82kB)
// api/snapshot.create.json (1.069kB)
// api/snapshot.create_repository.json (972B)
// api/snapshot.delete.json (782B)
// api/snapshot.delete_repository.json (775B)
// api/snapshot.get.json (1.195kB)
// api/snapshot.get_repository.json (799B)
// api/snapshot.restore.json (1.084kB)
// api/snapshot.status.json (1kB)
// api/snapshot.verify_repository.json (944B)
// api/tasks.cancel.json (1.113kB)
// api/tasks.get.json (747B)
// api/tasks.list.json (1.548kB)
// api/termvectors.json (3.266kB)
// api/update.json (3.234kB)
// api/update_by_query.json (7.27kB)

package static

import (
	"bytes"
	"compress/gzip"
	"crypto/sha256"
	"fmt"
	"io"
	"os"
	"path/filepath"
	"strings"
	"time"
)

func bindataRead(data []byte, name string) ([]byte, error) {
	gz, err := gzip.NewReader(bytes.NewBuffer(data))
	if err != nil {
		return nil, fmt.Errorf("read %q: %w", name, err)
	}

	var buf bytes.Buffer
	_, err = io.Copy(&buf, gz)
	clErr := gz.Close()

	if err != nil {
		return nil, fmt.Errorf("read %q: %w", name, err)
	}
	if clErr != nil {
		return nil, err
	}

	return buf.Bytes(), nil
}

type asset struct {
	bytes  []byte
	info   os.FileInfo
	digest [sha256.Size]byte
}

type bindataFileInfo struct {
	name    string
	size    int64
	mode    os.FileMode
	modTime time.Time
}

func (fi bindataFileInfo) Name() string {
	return fi.name
}
func (fi bindataFileInfo) Size() int64 {
	return fi.size
}
func (fi bindataFileInfo) Mode() os.FileMode {
	return fi.mode
}
func (fi bindataFileInfo) ModTime() time.Time {
	return fi.modTime
}
func (fi bindataFileInfo) IsDir() bool {
	return false
}
func (fi bindataFileInfo) Sys() interface{} {
	return nil
}

var _api_commonJson = []byte("\x1f\x8b\x08\x00\x00\x00\x00\x00\x00\xff\x9c\x93\xcf\x6e\xdb\x3c\x10\xc4\xef\x7e\x8a\x85\xce\x9f\xa5\xbb\x6f\x39\xe6\x43\xd1\x18\xf9\x73\x0e\x56\xe4\x28\x22\x4a\x91\xea\xee\xb2\x86\x51\xe4\xdd\x0b\xd2\x76\xda\xb4\xce\x25\x07\x1d\xc8\xdd\x9d\xfd\x69\x34\xfa\xb9\x21\xea\x3c\xd4\x49\x58\x2d\xe4\xd4\xed\xa8\xdb\xb3\xf0\x02\x83\x28\xd9\xcc\x46\x2c\x20\x76\x0e\xab\xc1\xd3\x78\x24\x8e\x91\x6e\xf6\xb7\x84\xe4\xd7\x1c\x92\x69\xdf\xfd\xd7\x64\xb2\x2b\x0b\x92\xf1\x45\x68\x36\x5b\x75\x37\x0c\x87\xc3\xa1\x47\x64\xb5\xe0\x7a\x97\x87\x97\x12\x3c\x06\xa4\xe1\x7c\xa7\x60\x71\xf3\x20\x98\x20\x48\x0e\x83\x2b\x22\x48\x36\xb8\xbc\x2c\x39\x6d\x73\x23\xd3\x7e\xb6\x25\x9e\x36\xad\x95\x50\xbb\x1d\x55\xfc\x7a\x16\x98\x1d\xdf\xce\x44\x9d\x1d\x57\x54\x84\x31\xe7\x08\x4e\x6d\xac\x15\xfe\x7e\xd7\x36\x49\x53\x96\x85\x8d\x6c\x06\x09\xac\x48\x82\xa7\xff\x1f\xee\xbe\x92\x40\xd7\x9c\x14\xfd\x9f\x0a\x13\x97\x68\xdd\x8e\x26\x8e\x8a\x76\xfd\x7a\xaa\x76\x73\x59\x38\x7d\x86\xe3\xbe\x6d\xa5\x36\x4f\x02\xf6\x3c\x46\xd0\x0f\x8e\x05\x5a\xe9\x48\xab\xad\xcd\xad\xab\x28\x26\xe5\x3d\x09\x44\xb2\x3c\x9b\xb0\xc3\x67\x78\x6e\x93\x8b\xc5\xa3\x39\xa2\xc6\xee\x1b\x35\x29\xca\xd3\x6f\x83\xda\x8a\xeb\x38\xff\x3a\xa3\xb9\xc8\x75\x14\x35\x09\xe9\xe5\x43\x92\xc7\x19\xf4\x74\xff\x65\x8b\xe4\xb2\x87\x27\xc1\xf7\x02\x35\xf2\x98\x42\x0a\xb5\xab\xa7\x27\xc5\x54\x62\xf3\x29\x86\x51\x58\x02\xce\xd9\xf5\x99\x52\xb6\x73\x7c\x89\xdf\xa6\xc7\xec\xdb\x57\xa7\x94\xd3\x76\x7f\xf7\xf0\x78\xa9\x68\xdf\xbd\xe3\x9e\x42\x34\xc8\xf3\xca\x36\x5f\x83\x8f\x41\xed\x43\xf4\x1b\xaa\x09\xe6\xad\xa2\x06\xb6\xfe\x3d\xb5\xbd\x7a\x78\x52\x55\x2a\x0a\x4f\x96\x49\xe0\x8b\xc3\x39\x7f\x35\x71\xb8\x60\x6c\xea\xf3\xba\xf9\x15\x00\x00\xff\xff\xc6\x74\xd2\x07\xa8\x03\x00\x00")

func api_commonJsonBytes() ([]byte, error) {
	return bindataRead(
		_api_commonJson,
		"api/_common.json",
	)
}

func api_commonJson() (*asset, error) {
	bytes, err := api_commonJsonBytes()
	if err != nil {
		return nil, err
	}

	info := bindataFileInfo{name: "api/_common.json", size: 936, mode: os.FileMode(0644), modTime: time.Unix(1675080317, 0)}
	a := &asset{bytes: bytes, info: info, digest: [32]uint8{0x35, 0x2f, 0xbb, 0xc4, 0x0, 0x1, 0xd3, 0xb9, 0x19, 0x1f, 0xbc, 0xb3, 0xad, 0x72, 0xd0, 0x8f, 0x7c, 0x14, 0x2c, 0x8, 0xde, 0x3b, 0x80, 0x8a, 0x57, 0xf0, 0xe0, 0x82, 0x55, 0x2e, 0xa7, 0x3b}}
	return a, nil
}

var _apiBulkJson = []byte("\x1f\x8b\x08\x00\x00\x00\x00\x00\x00\xff\xcc\x56\x4d\x6f\x1b\x37\x10\xbd\xeb\x57\x0c\x78\xa9\x8d\xca\x5a\xe4\xea\x73\x7a\xe8\xa9\x01\xec\xa2\x87\x22\x90\x28\x72\xd6\x3b\x08\x97\xdc\x0c\x87\x96\x55\xc3\xff\xbd\x18\xee\xae\x24\xb7\x52\x80\xd4\x2e\x90\x93\x56\x1c\xf2\xbd\x37\x9f\xe4\xf3\x02\xc0\x6c\x4b\xf8\x62\x6e\x41\xbf\x01\x8c\x4f\xae\xf4\x18\xc5\x0a\xa5\x68\x6e\xc1\x74\x22\xc3\x6d\xd3\xec\x76\xbb\x15\x06\x9b\x85\xdc\xca\xa5\xe6\xa1\x90\xc7\x06\x63\x33\xad\x65\xb4\xec\xba\x86\xb1\x45\xc6\xe8\xb0\xe9\x6d\x16\xe4\xc6\x27\x97\x6f\x94\x61\xd5\x49\x1f\xcc\x72\x24\xe9\x51\xba\xe4\xb3\xb9\x85\x3f\xcd\xa7\xdf\xee\xee\xcd\x12\xcc\xa7\xdf\xef\xcd\xe7\xc9\x5e\x38\x1c\x14\x01\x98\xc1\x4a\xa7\x52\x9a\x75\xd5\xba\x3c\x5d\x1f\x41\x66\x0b\x98\xe6\x99\xa2\xc7\xa7\x97\x33\x2b\xcf\xb2\x1f\x70\x36\x7c\x3e\x41\x61\xc9\x27\x74\x00\xa6\x1e\x78\xb5\x04\x60\xf4\xb4\x81\x5b\x30\x59\x98\xe2\xc3\x41\xc6\x18\x36\xcc\x8e\x69\xa8\x41\xd3\x3d\x1f\xb1\xb5\x25\x08\x54\x24\x68\x13\x03\x09\xf6\x19\x76\x1d\xb9\x0e\x7c\x8a\x3f\x09\x0c\x9c\x1e\xc9\x23\xa4\x88\xe6\x80\xf5\x72\x84\x1d\x19\xdf\x43\xc5\x9c\x54\xd0\xd3\xdf\xa5\x66\xf1\x0f\x55\x1a\x2d\xdb\xff\x2b\x5c\x2e\x14\x8f\x6b\x45\x5f\x47\xdb\xbf\x4d\xf4\x1f\x1d\x4a\x87\x0c\x92\xc0\x7a\x0f\xd2\xe1\x28\x5b\x81\x75\x51\x17\x18\xf3\x90\x62\xbe\x10\xb7\x9d\x25\x59\xb7\x89\xd7\xd6\x09\x3d\xe2\x3a\x77\x96\x7d\x7e\x93\xa8\x3b\x94\x5c\x99\x63\xe9\xb7\xc8\x90\x5a\xa8\xa8\xe0\xd2\x40\xa8\x26\x2b\xd0\x97\x2c\xb0\x45\x18\x69\x61\x8b\x6d\x62\xd4\xc0\x3a\x44\x4f\xf1\x01\x76\x24\x5d\x45\xd1\x12\x84\x34\x20\xd7\x36\x5b\xc1\x94\xa8\xac\xfe\x7d\x58\x42\x8f\x36\xea\x7e\xdd\x3a\x30\xf5\x96\xf7\x13\x5d\x8a\x61\xbf\x82\x3b\x14\xdd\xb9\xb1\x21\x6c\x6a\x3a\x6d\x08\xaf\xf4\x2c\x21\x69\x0c\x77\x94\x11\xf2\xb8\xd9\xc6\x3d\xc4\x14\x6f\x22\x3e\xd8\x2a\xef\xd1\x86\x82\x10\x30\x57\xf5\x11\x12\x03\x7e\x2d\x36\xcc\x31\x96\x24\x36\x9c\xf8\x3b\x79\xaa\x74\x6a\x1e\xe9\xae\x8e\x76\xc6\x21\x90\xb3\x19\x7e\x86\x0f\xd7\x06\xce\x66\x86\xb1\x65\xcc\xdd\xc5\x54\x60\x2c\xfd\xeb\x44\xa4\x9a\x83\xb1\xcb\x85\x0b\x6a\x47\xb7\x36\xe4\xfa\x31\x27\xfa\xd8\xcd\x67\x93\xf7\x6b\x0b\x1b\x3d\xbb\x51\xe1\x11\x26\x11\xd5\x0b\x6c\x5b\x74\x82\x7e\x74\xa7\xc6\xbf\xb7\x5f\x10\xa4\xa3\x7c\x4c\x10\x3c\x52\xa6\x6d\xa8\xe5\x37\x4e\xba\x25\x50\x0b\x9b\x99\x7f\x02\xd6\xbf\x63\x3a\x8e\x1c\xdf\x85\x57\x1d\xdb\xc0\x95\x2a\xf3\x63\x49\x5c\x8f\xd0\x3e\x41\x4c\xd2\x1d\x8a\x68\xc2\xc7\xbc\x3a\xdf\x02\x9c\x8a\x68\x51\xbf\xa9\xe6\x07\x74\xd4\x92\x83\x09\x6c\xac\x98\x0b\xa3\x8a\x7a\x4c\x45\x2e\xf2\xa9\xfd\xdb\x6c\xbf\x3c\x69\xf9\x90\x9c\x44\x69\x06\xfd\x51\x87\xe3\x89\x9a\x75\x4e\x85\xdd\x65\x41\x81\xb2\x7c\x5b\xce\x3d\x17\xd4\x1e\xac\x35\xa0\x85\xc1\x28\x85\x63\xad\xd2\x09\x1d\x5a\xc2\xe0\x75\x53\x4c\xb2\xd4\xdf\xa9\x48\x40\xe1\xb5\x07\xeb\x86\x7c\x3c\xbd\x04\x67\xa3\x8e\xa4\xf4\x88\xcc\xe4\x3d\x46\x48\x11\xd0\xba\x0e\x72\xd9\xde\x30\x7e\x2d\x98\x2f\x44\x78\x62\x5d\xe3\x53\x1d\xef\x6f\xf0\xed\xe3\x45\x99\x13\x36\xb4\x9c\xfa\x69\xb2\xab\x6e\xf4\xaf\x7d\x7e\x17\x3f\xa6\x6b\xea\x7f\xf2\x43\xd8\x3a\x01\x1b\xfd\x9c\xb8\x83\x4b\xef\xe7\xc9\x40\x03\x06\x8a\x55\xee\x7f\x2f\xfc\x7b\xbd\x55\x26\x24\x20\xaf\xf2\x07\xc6\x7a\x4d\xe5\x0c\x14\x5d\xea\xb5\xdb\xe7\xbe\xc8\x75\xe2\x9c\x79\x13\x2c\x4e\xe4\x99\x6d\xf2\xfb\xd3\x37\xdb\x39\xd2\x63\x67\x7b\x6c\x29\x52\xfd\xd4\x88\x79\x2b\x16\xae\xf4\xda\x4c\xf1\xa6\xfe\x19\x2c\x71\xbe\x5e\x42\x46\x7d\x70\xe8\x80\xde\xee\x21\xe2\x4e\x35\xe7\xe3\x0b\x50\xa3\x45\x8c\x5e\x29\x74\xc2\x1f\x0c\x19\x99\x6c\xa0\xbf\xc6\xa8\xd4\x17\xdf\x62\x16\xfd\xb2\x78\x59\xfc\x1d\x00\x00\xff\xff\x3b\x80\xde\x42\xfa\x0a\x00\x00")

func apiBulkJsonBytes() ([]byte, error) {
	return bindataRead(
		_apiBulkJson,
		"api/bulk.json",
	)
}

func apiBulkJson() (*asset, error) {
	bytes, err := apiBulkJsonBytes()
	if err != nil {
		return nil, err
	}

	info := bindataFileInfo{name: "api/bulk.json", size: 2810, mode: os.FileMode(0644), modTime: time.Unix(1675080317, 0)}
	a := &asset{bytes: bytes, info: info, digest: [32]uint8{0x96, 0xba, 0xdd, 0x2d, 0xe2, 0x0, 0xa9, 0xa1, 0x1, 0xf, 0xd1, 0x6c, 0x3d, 0x2a, 0x12, 0xd3, 0x38, 0xf4, 0x9d, 0x3c, 0x3b, 0x8b, 0x7e, 0x86, 0xb, 0xd5, 0xed, 0x7a, 0xb4, 0x47, 0x51, 0x6d}}
	return a, nil
}

var _apiCatAliasesJson = []byte("\x1f\x8b\x08\x00\x00\x00\x00\x00\x00\xff\xa4\x94\x41\x8b\xdb\x30\x10\x85\xef\xf9\x15\x83\x4e\x2d\x64\xed\xbb\x6f\x4b\xbb\xf4\x5e\x4a\x2f\xa5\x2c\x13\x69\xbc\x56\x91\x34\x46\x1a\x27\x0d\x4b\xfe\x7b\x91\xec\x24\x6e\xb0\xd3\x40\x4f\x89\x47\x9a\x79\x9f\xdf\x93\xfc\xbe\x01\x50\x1a\xa5\x42\x67\x31\x51\x52\x0d\xe4\x12\x80\x32\xac\x07\x4f\x41\x50\x2c\x07\xd5\x80\xea\x44\xfa\xa6\xae\x0f\x87\x43\x45\x0e\x93\x58\x5d\x69\xae\xdf\x06\x6b\xa8\xa6\x50\x4f\xb5\x44\x18\x75\x57\x47\x6a\x29\x52\xd0\x54\x7b\x4c\x42\xb1\xd6\x28\x4f\x45\xa3\xea\xc4\x3b\xb5\x1d\x45\x3c\x49\xc7\x26\xab\xfe\x50\x5f\x5e\xbe\xa9\x9f\x53\x7d\x88\xee\x42\x02\xa0\x7a\x94\x2e\x23\xd4\xaf\x1a\xa5\x3e\xa3\x6e\xe7\xcb\xe3\x8c\x9b\x0d\x37\x1d\xf5\x7b\x40\x4f\xa7\xb3\x4a\xe9\x8c\x92\x66\x4a\x00\x2a\x6f\xf9\xab\x02\xa0\xe4\xd8\x93\x82\x06\x94\xb3\x49\x2e\xba\xa3\x4d\x94\x74\xb4\x7d\x31\x29\xef\x78\x06\xcd\xde\xe3\x53\xa2\x1e\x23\x0a\x19\xc8\x3d\xc0\x2d\x14\x08\xc8\xe3\x13\x08\x43\x24\x19\x62\x50\x97\x59\xa7\xe9\xdf\x69\x0e\x87\xfe\x86\xae\xe5\xe8\x51\x56\xf9\x92\x44\x1b\xde\xee\x13\x22\xa4\x8e\xa3\xc0\x9e\x62\xb2\x1c\x32\x9a\x74\x04\xcf\x5a\x53\x2f\xd0\x11\x1a\x8a\x5b\xa0\xea\xad\x82\x5f\x89\xc3\x16\x8e\xe8\xdd\x8c\xf3\x3a\x5c\x39\xd6\xe8\x56\x61\x76\xcc\x8e\x30\xdc\xa7\xf9\x5a\x6c\x80\x32\x09\x6c\x18\xdf\xcf\x66\x59\xc3\x10\x58\xb2\x4f\xd1\xd2\x9e\x0a\x64\x12\x14\x82\x36\xb2\x87\xf1\x5c\x41\x60\x43\xf0\xc1\x50\x8b\x83\x93\x06\x5a\x74\x89\x3e\x2e\xd3\x8e\x1d\xaf\x62\x3d\xf1\xb0\xee\x61\x5e\xbf\xcf\xfc\xf2\xbb\x77\x56\x5b\x01\xee\x29\x16\x5a\x98\x86\x42\xcb\x11\x34\x87\x40\x7a\x2c\xf3\x9c\x73\x19\xab\xbb\x21\x39\xb3\x2c\x1d\xb7\x05\x98\x4f\x2b\xc7\x4d\xb3\x1b\x7c\xb8\x9e\x37\x63\x53\xef\xf0\xb8\xc2\x40\xae\x5f\x34\xe4\x91\x18\xaf\x29\xe6\x31\xf3\x10\x6f\x7b\x4a\x48\x6a\x4a\x69\x11\x24\xad\x51\xfc\xfb\xe6\x3d\x64\x44\x89\xa7\x3c\x4f\xdf\x84\x6c\x4d\xca\xd7\x61\xb7\x62\xcd\xfe\x7f\x7c\xf9\x4e\x71\xc7\x89\xc0\xb3\xa1\x0a\x3e\x8f\x11\x9c\x09\xc6\xab\x96\x1e\x34\x69\x33\xff\x9d\x00\xd5\x8e\xcd\x51\x35\x10\x06\xe7\x36\x79\xed\xb4\xf9\x13\x00\x00\xff\xff\xbf\xb2\x48\xac\xd1\x05\x00\x00")

func apiCatAliasesJsonBytes() ([]byte, error) {
	return bindataRead(
		_apiCatAliasesJson,
		"api/cat.aliases.json",
	)
}

func apiCatAliasesJson() (*asset, error) {
	bytes, err := apiCatAliasesJsonBytes()
	if err != nil {
		return nil, err
	}

	info := bindataFileInfo{name: "api/cat.aliases.json", size: 1489, mode: os.FileMode(0644), modTime: time.Unix(1675080317, 0)}
	a := &asset{bytes: bytes, info: info, digest: [32]uint8{0x19, 0x96, 0xf7, 0x12, 0xd4, 0x11, 0x44, 0xbe, 0xef, 0x30, 0x80, 0x6f, 0xf7, 0xee, 0x87, 0xc, 0xd1, 0xd5, 0xa3, 0xae, 0x82, 0x7e, 0x30, 0xfa, 0x6c, 0xe3, 0x89, 0xb4, 0x97, 0x21, 0xa5, 0xf0}}
	return a, nil
}

var _apiCatAllocationJson = []byte("\x1f\x8b\x08\x00\x00\x00\x00\x00\x00\xff\xa4\x94\x41\x6f\xdb\x38\x10\x85\xef\xfe\x15\x0f\x3c\xed\x02\x8e\x75\xf7\x2d\xd8\x04\x8b\x5e\x8b\xa0\x97\x22\x08\x28\x6a\x64\xb1\x25\x39\x02\x39\xb2\x6b\x04\xfe\xef\x05\x29\x25\x56\x12\xcb\x0d\xd0\x0b\x4d\x8f\xc8\x37\x9f\xde\xcc\xe8\x79\x05\x28\xa3\x65\xa3\x9d\x63\xa3\xc5\x72\x50\x5b\xe4\x28\xa0\x1a\x36\x83\xa7\x20\x2f\x61\xd5\x89\xf4\xdb\xaa\x3a\x1c\x0e\x1b\x72\x3a\x89\x35\x1b\xc3\xd5\x6e\xb0\x0d\x55\x14\xaa\x29\x96\x48\x47\xd3\x55\x91\x5a\x8a\x14\x0c\x55\x5e\x27\xa1\x58\x19\x2d\x37\xe7\x34\x9b\x4e\xbc\x53\xeb\x31\x93\x27\xe9\xb8\x49\x6a\x8b\xef\xea\xff\xfb\x07\xf5\x38\xc5\x87\xe8\x5e\x71\x00\xd5\x6b\xe9\x32\x47\xf5\x64\xb4\x54\x33\xe4\xf5\xfc\xc4\x28\xf3\xf1\xcc\xc7\x7b\xd5\x73\xe0\x86\x9e\x6c\x73\x7a\xc9\x58\x24\xa2\xa4\x59\x56\x40\x4d\xa7\xde\x04\x01\x25\xc7\x9e\x32\x8e\xb3\x49\x5e\x11\x46\xe7\x28\x99\x68\xfb\x17\xdf\x6e\x61\xd8\x7b\x7d\x93\xa8\xd7\x51\x0b\x35\xc8\x57\xc0\x2d\xb2\x32\xbe\xdc\x25\x70\x44\xd0\x9e\x12\x84\xe1\xac\xb7\x02\xe9\x08\x91\x64\x88\x81\x1a\xd8\xd0\x72\xf4\xe3\x8b\xbc\x26\x3a\x4d\xbb\xd3\x9c\x5d\xfb\x77\xf0\xe3\xc5\x8b\xec\xd8\x42\x25\x89\x36\xec\x96\xf1\xf3\x19\x8d\xd4\x71\x14\xec\x29\x26\xcb\x21\x83\x67\xba\x5b\x63\xa8\x17\x74\xa4\x1b\x8a\x6b\xd0\x66\xb7\xc1\x8f\xc4\x61\x8d\xa3\xf6\x6e\xc6\x79\x16\x57\xf5\x51\x28\x2d\x19\x49\x61\xf0\xd7\x49\x1e\x3a\xc2\x10\xac\xc0\x06\x1c\x3a\x6b\xba\xec\x57\x63\x53\xef\xf4\x11\x59\x1b\x7b\xed\x06\x4a\x6f\x55\xb8\x08\x94\xbe\x80\xaa\x73\x27\xfc\x2c\x4b\xd9\xfa\xb2\x94\xed\xae\x2c\x65\x2b\x65\x29\xdb\xbe\x2c\xb5\xc2\xe3\xc5\x37\xca\xcd\xe4\x16\xed\xad\x99\x1d\xe9\x70\xfd\xad\xbe\x96\x32\xa3\x28\xcd\x4b\xbd\x46\xc3\x08\x2c\xb9\x0f\xa2\xa5\x3d\x15\xdb\x93\x68\x21\xb4\x91\x3d\xc6\xc9\x1a\xbb\xe8\x9f\x86\x5a\x3d\x38\xd9\xa2\xd5\x2e\xd1\xbf\x97\xfd\x1f\x6f\x3c\x89\xf5\xc4\xc3\x72\x57\xe4\xe7\xd7\x99\xef\x7f\xf5\xce\x1a\x2b\xe0\x9e\x62\xa1\xc5\x24\x8a\x96\x23\x0c\x87\x40\x66\x0c\xf3\x9c\xf3\x32\x56\xf7\x8e\xe4\xda\x74\x5d\x80\xf9\x6f\x61\xbc\x0c\xbb\xc1\x87\xf3\x64\x4d\x9d\xb2\xc0\x40\xae\x5f\xea\xcc\x3f\x96\xf1\x5c\xc5\x2c\xf3\x66\x5e\xdf\xdd\x29\x45\x52\x53\x95\x2e\x82\x2c\xce\xc7\xf5\x0f\xcd\xa7\x8d\x28\xe5\x29\xff\xb5\xb3\x3a\x8d\xd6\xa4\x3c\xe0\xf5\x82\x35\xfb\xbf\xf1\xe5\x1b\xc5\x9a\x13\xc1\x73\x43\x1b\xdc\x4d\xc3\x3a\x11\x8c\x1f\x8f\xf4\x49\x93\x56\xf3\xdf\x09\x50\xd5\xdc\x1c\xd5\x16\x61\x70\x6e\x95\x9f\x9d\x56\xbf\x03\x00\x00\xff\xff\xfd\xbc\xf8\x62\xd6\x06\x00\x00")

func apiCatAllocationJsonBytes() ([]byte, error) {
	return bindataRead(
		_apiCatAllocationJson,
		"api/cat.allocation.json",
	)
}

func apiCatAllocationJson() (*asset, error) {
	bytes, err := apiCatAllocationJsonBytes()
	if err != nil {
		return nil, err
	}

	info := bindataFileInfo{name: "api/cat.allocation.json", size: 1750, mode: os.FileMode(0644), modTime: time.Unix(1675080317, 0)}
	a := &asset{bytes: bytes, info: info, digest: [32]uint8{0xe, 0xe4, 0x8d, 0xae, 0x1b, 0x41, 0x6d, 0x94, 0x6, 0xec, 0x48, 0x8f, 0xbf, 0xfe, 0x34, 0x59, 0x13, 0x80, 0x6f, 0x21, 0xb2, 0x98, 0xfb, 0x20, 0xf3, 0x5c, 0x62, 0xb, 0x55, 0xa6, 0x31, 0x5c}}
	return a, nil
}

var _apiCatCountJson = []byte("\x1f\x8b\x08\x00\x00\x00\x00\x00\x00\xff\xa4\x93\xc1\x8a\xdb\x3c\x10\x80\xef\x79\x8a\x41\xa7\xff\x87\xac\x7d\xf7\x6d\x69\x97\xde\x4b\xe9\xa5\x94\x65\x22\x8d\xd7\x2a\x92\xc6\x48\xe3\x64\xc3\x92\x77\x2f\x96\x9c\x8d\x13\xec\x10\xe8\x29\xf1\x48\x33\xf3\xf1\xcd\xe8\x63\x03\xa0\x34\x4a\xa5\x79\x08\xa2\x1a\x18\x03\x00\xca\xb0\x1e\x3c\x05\x41\xb1\x1c\x54\x03\xaa\x13\xe9\x9b\xba\x3e\x1c\x0e\x15\x39\x4c\x62\x75\xa5\xb9\x7e\x1b\xac\xa1\x9a\x42\x3d\xc5\x12\x61\xd4\x5d\x1d\xa9\xa5\x48\x41\x53\xed\x31\x09\xc5\x5a\xa3\x3c\xe5\x0e\x55\x27\xde\xa9\x6d\x69\xe2\x49\x3a\x36\x49\x35\xf0\x4b\x7d\x7b\xf9\xa1\x7e\x4f\xf1\x21\xba\x4f\x12\x00\xd5\xa3\x74\x23\x42\xfd\xaa\x51\xea\x02\xba\x9d\x1f\x96\x0a\x57\xc7\x57\xb7\xeb\x0f\x1b\x0c\xbd\x9f\xce\x0d\x72\x5a\x94\x34\x6b\x02\xa0\xf2\x9d\xab\x10\x80\x92\x63\x4f\x0a\x1a\x50\xce\xa6\x4b\xd7\xa2\x88\x92\x8e\xb6\x3f\x0b\x7a\x06\xcd\xde\xe3\x53\xa2\x1e\x23\x0a\x19\x18\x53\x80\x5b\xc8\x85\x21\xa0\xa7\x04\xc2\xe0\xac\xb7\x02\xd2\x11\x44\x92\x21\x06\x32\x60\x43\xcb\xd1\x17\xd7\x9f\x2d\x4e\xd3\xbf\xd3\x1c\x1a\xfd\x0d\x75\x49\x5c\xc5\x4e\x12\x6d\x78\x5b\x07\x1f\xef\x20\xa4\x8e\xa3\xc0\x9e\x62\xb2\x1c\x46\xe4\x91\xee\x59\x6b\xea\x05\x3a\x42\x43\x71\x0b\x54\xbd\x55\xf0\x27\x71\xd8\xc2\x11\xbd\x9b\x71\x5e\x8a\x2b\xc7\x1a\xdd\x2a\xcc\x8e\xd9\x11\x86\xfb\x34\xdf\xb3\x14\xc8\x95\xe6\x62\xb6\x60\x18\x02\xcb\x68\x2d\x5a\xda\x53\x86\x4c\x82\x42\xd0\x46\xf6\x50\x56\x0d\x02\x1b\x82\xff\x0c\xb5\x38\x38\x69\xa0\x45\x97\xe8\xff\x65\xda\x92\xf1\x2a\xd6\x13\x0f\xeb\x0e\xc7\xf3\xfb\xcc\x2f\xef\xbd\xb3\xda\x0a\x70\x4f\x31\xd3\xc2\x54\x14\x5a\x8e\xa0\x39\x04\xd2\x25\xcc\x73\xce\x65\xac\xee\x86\xe4\xcc\xb2\xb4\x85\x0b\x30\x5f\x56\xd6\x50\xb3\x1b\x7c\xb8\xec\xa1\xb1\xa9\x77\x78\x5c\x61\x20\xd7\x2f\x0a\x79\x64\x8c\x97\x29\x8e\x65\xae\xb6\xfb\x26\x27\x0f\x49\x4d\x53\x5a\x04\x49\x6b\x14\xf7\x1f\xe4\xc3\x22\xf2\x78\xf2\x37\x3a\x8b\xa9\xa8\x49\xe3\x73\xd8\xad\xa8\xd9\xff\x8b\x97\x9f\x14\x77\x9c\x08\x3c\x1b\xaa\xe0\x6b\x19\xc1\x99\xa0\x3c\xb5\xf4\xa0\xa4\xcd\xfc\x77\x02\x54\x3b\x36\x47\xd5\x40\x18\x9c\xdb\x8c\x67\xa7\xcd\xdf\x00\x00\x00\xff\xff\x3b\x47\x2e\xcd\xe2\x05\x00\x00")

func apiCatCountJsonBytes() ([]byte, error) {
	return bindataRead(
		_apiCatCountJson,
		"api/cat.count.json",
	)
}

func apiCatCountJson() (*asset, error) {
	bytes, err := apiCatCountJsonBytes()
	if err != nil {
		return nil, err
	}

	info := bindataFileInfo{name: "api/cat.count.json", size: 1506, mode: os.FileMode(0644), modTime: time.Unix(1675080317, 0)}
	a := &asset{bytes: bytes, info: info, digest: [32]uint8{0xce, 0xf0, 0xb2, 0x8a, 0xb3, 0x10, 0xcd, 0x48, 0xaf, 0xc8, 0x42, 0xb9, 0xf6, 0xe, 0xff, 0x12, 0xba, 0xdc, 0xe, 0x1, 0x79, 0x64, 0x41, 0xb5, 0xfb, 0x8b, 0xce, 0xf9, 0xff, 0x95, 0xb1, 0x46}}
	return a, nil
}

var _apiCatFielddataJson = []byte("\x1f\x8b\x08\x00\x00\x00\x00\x00\x00\xff\xbc\x94\x41\x6f\xdb\x3a\x0c\xc7\xef\xf9\x14\x84\x4e\xef\x01\xa9\x7d\xf7\xad\x78\xaf\xd8\x7d\x28\x76\x19\x8a\x82\x96\xe9\x58\x9b\x24\x1a\x12\x9d\x2c\x2b\xf2\xdd\x07\x49\x6e\xea\xb6\x71\xb7\x75\xc0\x2e\x02\xa3\x48\x7f\xfe\xfc\xa7\xc8\x87\x0d\x80\xd2\x28\x55\x6f\xc8\x76\x1d\x0a\xaa\x06\xd2\x26\x80\xea\x58\x4f\x8e\xbc\xa0\x18\xf6\xaa\x01\x35\x88\x8c\x4d\x5d\x1f\x0e\x87\x8a\x2c\x46\x31\xba\xd2\x5c\xef\x26\xd3\x51\x4d\xbe\x9e\xf7\x22\x61\xd0\x43\x1d\xa8\xa7\x40\x5e\x53\xed\x30\x0a\x85\x5a\xa3\x5c\x9d\xb3\x54\x83\x38\xab\xb6\x25\x91\x23\x19\xb8\x8b\xaa\x81\xcf\xea\xc3\xcd\xad\xba\x9b\xf7\xa7\x60\xcf\x34\x00\x6a\x44\x19\x12\x46\x7d\xaf\x51\xea\x27\xe0\xed\xf2\x40\x51\x79\x75\xe4\xd5\xad\xfa\x21\x87\xf1\xf4\x98\x2d\xdf\x0f\x12\x17\x19\x01\x54\x39\xf4\x6c\x0f\x40\xc9\x71\xa4\x44\x62\x4d\x94\x73\xfa\xe2\x19\x45\x1d\xcc\xf8\xe8\xd8\x35\x68\x76\x0e\xaf\x22\x8d\x18\x50\xa8\x83\x74\x05\xb8\x87\x22\x0c\xc2\x10\x48\xa6\xe0\x41\x06\x82\x33\x1d\x44\xf3\x9d\xd4\x59\xf8\x34\x47\xa7\x25\x2a\xba\x97\xac\x1c\x1c\xca\x45\x56\x68\x40\x45\x09\xc6\xef\xd6\x71\xd3\x19\x84\x38\x70\x10\xd8\x53\x88\x86\x7d\x02\x4d\x5c\xd7\x5a\xd3\x28\x30\x10\x76\x14\xb6\x40\xd5\xae\x82\x2f\x91\xfd\x16\x8e\xe8\xec\x82\xf3\x49\x5c\xb5\x47\xa1\x55\xe3\xc8\x4f\xee\x6d\x92\xdb\x81\x60\xf2\x46\xc0\x78\x38\x0c\x46\x0f\xc9\xaa\xce\xc4\xd1\xe2\x11\x92\x36\xec\xd1\x4e\x14\x9f\xab\x70\x16\xc8\x6f\x00\x54\x9b\xca\xfe\x35\x2f\x39\x74\x79\xc9\xe1\x2e\x2f\x39\x94\xbc\xe4\x70\xcc\x4b\xab\xe0\xee\xe2\x17\x59\xd6\x68\x57\xed\x6d\x99\x2d\xa1\x7f\xfb\xab\x3e\x96\x5a\x67\x25\x30\xbe\x54\xcc\x24\x23\x3b\x06\xcf\x92\x1e\x43\x30\xb4\xa7\x6c\x7b\x14\x14\x82\x3e\xb0\x83\xd2\x43\xe0\xb9\x23\xf8\xa7\xa3\x1e\x27\x2b\x0d\xf4\x68\x23\xfd\x7b\xd9\xff\x72\xe3\x5e\x8c\x23\x9e\xd6\x5f\x45\xfa\xff\x6d\xe6\x9b\x6f\xa3\x35\xda\x08\xf0\x48\x21\xd3\xc2\x2c\x0a\x3d\x07\xd0\xec\x3d\xe9\xb2\xcd\x4b\xce\xcb\x58\xc3\xfb\x7a\x29\x81\xfc\xb7\xd2\x4a\x9a\xed\xe4\x3c\x78\x74\x14\x17\xaf\x64\x25\x3f\xd9\x71\x0d\xe1\xa7\x25\x7c\xaa\x60\x92\x59\x16\xf0\xe5\x9d\x5c\x20\x35\x57\xe8\x22\xc8\x3b\x87\xca\x2f\x1b\x91\x4b\x93\x7f\xa3\x35\x18\x8b\x35\x31\x35\x77\xbb\x62\xcd\xfe\x4f\x7c\xf9\x44\xa1\xe5\x48\xe0\xb8\xa3\x0a\xfe\x9f\x1b\x75\x26\x28\x83\x23\xfe\xbe\x49\x7f\x6f\xfc\x9a\x32\x81\x79\x92\x71\x92\x0b\x93\x77\xb3\x40\x53\x2d\x77\x47\xd5\x80\x9f\xac\xdd\xa4\xff\x4e\x9b\x1f\x01\x00\x00\xff\xff\xc1\x7b\x01\x39\x48\x07\x00\x00")

func apiCatFielddataJsonBytes() ([]byte, error) {
	return bindataRead(
		_apiCatFielddataJson,
		"api/cat.fielddata.json",
	)
}

func apiCatFielddataJson() (*asset, error) {
	bytes, err := apiCatFielddataJsonBytes()
	if err != nil {
		return nil, err
	}

	info := bindataFileInfo{name: "api/cat.fielddata.json", size: 1864, mode: os.FileMode(0644), modTime: time.Unix(1675080317, 0)}
	a := &asset{bytes: bytes, info: info, digest: [32]uint8{0xe9, 0x8f, 0x0, 0x6c, 0x8a, 0xb0, 0x71, 0xe3, 0xec, 0xe9, 0x52, 0xa1, 0x26, 0xd, 0x93, 0xf0, 0xcb, 0xea, 0x8d, 0x23, 0x99, 0xc2, 0x47, 0x3d, 0x82, 0x57, 0x4f, 0x0, 0xbf, 0xd2, 0x96, 0xa7}}
	return a, nil
}

var _apiCatHealthJson = []byte("\x1f\x8b\x08\x00\x00\x00\x00\x00\x00\xff\xa4\x93\x41\x8f\xd3\x30\x10\x85\xef\xfd\x15\x23\x9f\x40\xea\x26\xf7\xdc\x10\xac\xb8\x03\xe2\x82\x56\xab\xa9\x33\x69\x8c\x6c\x4f\xe4\x99\xb4\x54\xa8\xff\x1d\x39\x49\xbb\xe9\x92\xac\x2a\x38\x45\x99\xb1\xdf\x7c\x7e\xcf\xfe\xbd\x01\x30\x16\xb5\x68\x09\xbd\xb6\xa6\x82\x5c\x01\x30\x35\xdb\x3e\x50\x54\x54\xc7\xd1\x54\x60\x5a\xd5\xae\x2a\xcb\xe3\xf1\x58\x90\x47\x51\x67\x0b\xcb\xe5\xbe\x77\x35\x95\x14\xcb\xa9\x26\x84\xc9\xb6\x65\xa2\x86\x12\x45\x4b\x65\x40\x51\x4a\xa5\x45\x7d\x18\x47\x14\xad\x06\x6f\xb6\xe3\x94\x40\xda\x72\x2d\xa6\x82\x1f\xe6\xf3\xe3\x37\xf3\x34\xd5\xfb\xe4\xaf\x28\x00\xa6\xc3\x01\xcd\x94\xcf\x16\xb5\x9c\x50\xb7\xf3\xee\x28\x71\xd3\x7f\x9a\x2d\x48\x2a\x33\xbd\xf3\xbc\x83\x61\xde\x02\x30\x0d\xa7\x80\x7a\x53\x03\x30\x7a\xea\xc8\x40\x05\x46\x34\xb9\xb8\xbf\x4e\x1f\xcd\x22\xb1\xc9\x75\x83\x55\x79\x0d\x82\xb4\x9c\x14\x0e\x94\xc4\x71\x04\x6e\x40\x5b\x82\x0f\xd6\x52\xa7\xd0\x12\xd6\x94\xb6\x40\xc5\xbe\x80\x9f\xc2\x71\x0b\x27\x0c\xde\x5c\x15\xcf\x2f\xe2\xc6\xb3\x45\xbf\x0a\xb3\x63\xf6\x84\xf1\x6d\x9a\x2f\xa4\x7d\x8a\x30\x28\x81\x8b\xe3\xf9\x5c\x1e\x5b\x33\x44\x56\x48\xa4\xc9\xd1\x81\x06\x48\x51\x54\x82\x26\x71\x80\x31\x3b\x88\x5c\x13\xbc\xab\xa9\xc1\xde\x6b\x05\x0d\x7a\xa1\xf7\xcb\xb4\xe3\x8e\x67\x75\x81\xb8\x5f\xf7\x30\xf7\xdf\x66\x7e\xfc\xd5\x79\x67\x9d\x02\x77\x94\x06\x5a\x98\x44\xa1\xe1\x04\x96\x63\x24\x3b\x96\x79\xce\xb9\x8c\xd5\xbe\x22\xb9\xb0\x54\x60\xbc\x13\xbd\x41\x59\x80\xf9\xc8\x21\xe0\x83\x50\xbe\x2d\x4a\x35\xe4\x3d\x39\x53\xcb\xbe\x0f\x11\x22\x06\x92\xcc\x51\x3b\xe9\x3c\x9e\x56\x18\xc8\x77\x8b\x86\xdc\x13\xe3\x4b\x8a\x59\x66\x1e\xe2\xeb\x3d\x43\x48\x66\x4a\x69\x11\x44\xd6\x28\xfe\xb2\xe2\xdf\x8c\x18\xe2\x19\xfe\xd1\x3b\x94\xd1\x1a\xc9\xcf\x61\xb7\x62\x8d\xae\x22\xdd\x63\xcc\x57\xd2\x3c\x61\x38\xf0\x94\x02\xee\x3c\x0d\xf7\x45\x14\x43\xb7\xf0\x5c\x2f\x2e\x69\xea\x97\x4d\x3a\xfc\x0f\xd1\x77\x4a\x3b\x16\x82\xc0\x35\x15\xf0\x69\xbc\x15\x17\x53\xc6\xd7\x2f\x77\xe6\xb6\x99\x7f\x27\x40\xb3\xe3\xfa\x64\x2a\x88\xbd\xf7\x9b\xdc\x3b\x6f\xfe\x04\x00\x00\xff\xff\xf3\x61\x01\x51\xc7\x05\x00\x00")

func apiCatHealthJsonBytes() ([]byte, error) {
	return bindataRead(
		_apiCatHealthJson,
		"api/cat.health.json",
	)
}

func apiCatHealthJson() (*asset, error) {
	bytes, err := apiCatHealthJsonBytes()
	if err != nil {
		return nil, err
	}

	info := bindataFileInfo{name: "api/cat.health.json", size: 1479, mode: os.FileMode(0644), modTime: time.Unix(1675080317, 0)}
	a := &asset{bytes: bytes, info: info, digest: [32]uint8{0x46, 0x8f, 0x2d, 0xcf, 0xa6, 0xb3, 0xbd, 0x15, 0xf4, 0x40, 0x74, 0x7c, 0xa5, 0xdb, 0x33, 0x1d, 0x5e, 0xd, 0x9e, 0xc0, 0xc3, 0x2, 0x3a, 0x26, 0x6c, 0xd5, 0x44, 0xe7, 0xf0, 0x29, 0x9c, 0x58}}
	return a, nil
}

var _apiCatHelpJson = []byte("\x1f\x8b\x08\x00\x00\x00\x00\x00\x00\xff\x74\x50\xc1\x6a\x23\x31\x0c\xbd\xcf\x57\x08\x9d\x77\xe3\xbb\xaf\xcb\xb2\xf7\xa5\xb7\x12\x8a\xe2\xd1\x74\x0c\xb6\x35\x58\x32\x21\x94\xfc\x7b\x71\x67\x92\x4c\x0b\x39\x19\xbd\xe7\xa7\xf7\xf4\x3e\x06\x00\x0c\x64\x87\x99\xd3\x82\x1e\xfa\x0c\x80\xa3\x84\x96\xb9\x18\x59\x94\x82\x1e\x70\x36\x5b\xbc\x73\xe7\xf3\xf9\xc0\x89\xd4\x62\x38\x04\x71\xef\x2d\x8e\xec\xb8\xb8\x0d\x53\xa6\x1a\x66\x57\x79\xe2\xca\x25\xb0\xcb\xa4\xc6\xd5\x7d\x19\x58\x4e\xf8\x6b\x5d\x9f\xd9\x66\x19\x15\x3d\xbc\xe2\xbf\xbf\x2f\x78\xdc\xf0\x56\xd3\x3d\x03\x00\x2e\x64\x73\x37\x77\x6f\x81\x6c\xd3\x6e\xf0\xaa\x5d\x89\xe3\x8e\xa9\xa6\xbb\x0d\xd7\x3d\x43\x79\x4f\x01\xe0\xb7\x93\x37\xcc\x2e\x0b\x77\xcb\x93\x48\x62\x2a\x77\xd3\xb5\x15\xd6\x50\xe3\x72\xeb\xe4\x3f\x5b\xab\x05\xfa\x1a\x88\x65\x92\x9a\xd7\xba\x7e\x68\x26\x6a\xc9\xd0\xc3\x44\x49\xf9\x4e\x5d\x1f\xbf\x50\x9f\xa5\x48\x51\xed\x79\x04\xf0\x80\x7f\x24\x67\xfa\xad\xdc\xef\x33\x1e\xa1\x2b\x40\x26\x08\x92\x5a\x2e\x50\x28\xb3\x82\xd4\xdb\x4c\x29\x92\xb2\x82\x09\xa8\x54\x83\xd3\x05\x1f\x89\x86\xfd\xbb\xe5\xc3\x93\x8c\x17\xf4\x50\x5a\x4a\x43\xe7\xae\xc3\x67\x00\x00\x00\xff\xff\x6b\xd5\x54\x30\x33\x02\x00\x00")

func apiCatHelpJsonBytes() ([]byte, error) {
	return bindataRead(
		_apiCatHelpJson,
		"api/cat.help.json",
	)
}

func apiCatHelpJson() (*asset, error) {
	bytes, err := apiCatHelpJsonBytes()
	if err != nil {
		return nil, err
	}

	info := bindataFileInfo{name: "api/cat.help.json", size: 563, mode: os.FileMode(0644), modTime: time.Unix(1675080317, 0)}
	a := &asset{bytes: bytes, info: info, digest: [32]uint8{0x3b, 0xf8, 0x28, 0xbe, 0xb, 0x96, 0x54, 0xf, 0x49, 0xa2, 0xe8, 0x58, 0x53, 0x67, 0xd2, 0xbd, 0xca, 0xf4, 0x70, 0xed, 0x76, 0x67, 0xda, 0x84, 0x80, 0xb7, 0xdf, 0xde, 0xc7, 0xbe, 0xbc, 0x4c}}
	return a, nil
}

var _apiCatIndicesJson = []byte("\x1f\x8b\x08\x00\x00\x00\x00\x00\x00\xff\xa4\x94\x4f\x6f\xdb\x3c\x0c\xc6\xef\xf9\x14\x84\x4e\x7d\x01\x37\xbe\xe7\x56\xbc\x2b\x76\xdf\x8a\x5d\x96\xa2\x50\x24\x3a\xd6\x26\x89\x86\x44\x27\x35\x8a\x7c\xf7\x41\x92\xd3\xb8\x69\x9c\x75\xdb\x25\x76\xf4\x87\xfc\xf9\xe1\x43\xbe\x2c\x00\x84\x92\xbc\x34\x5e\x1b\x85\x51\xac\x20\x2d\x01\x08\x4d\xaa\x77\xe8\x59\xb2\x21\x2f\x56\x20\x5a\xe6\x6e\x55\xd7\xfb\xfd\x7e\x89\x56\x46\x36\x6a\xa9\xa8\xde\xf6\x46\x63\x8d\xbe\x1e\xd7\x22\xca\xa0\xda\x3a\x60\x83\x01\xbd\xc2\xda\xc9\xc8\x18\x6a\x25\xf9\x76\xcc\xb1\x6c\xd9\x59\x51\x95\x34\x0e\xb9\x25\x9d\xf2\x7e\x17\x9f\xef\x1f\xc4\xe3\xb8\xde\x07\xfb\xca\x02\x20\x3a\xc9\x6d\x82\xa8\x9f\x94\xe4\xfa\x08\x5b\x4d\xb7\x4b\x8c\xb3\x03\x67\x37\xea\x17\xe3\x35\x3e\x1f\x8e\x69\xf2\xd5\xc0\x71\x92\x0a\x40\xe4\x33\x6f\x96\x00\x04\x0f\x1d\x0a\x58\x81\xb0\x26\xf2\x6b\xe6\x22\x15\x46\x15\x4c\x77\x14\xea\x0e\x14\x39\x27\x6f\x23\x76\x32\x48\x46\x0d\xe9\x0a\x50\x03\x39\x30\x78\xe9\x30\x02\x13\x58\xe3\x0c\x03\xb7\x08\x01\xb9\x0f\x1e\x35\x18\xdf\x50\x70\x45\xf3\xd7\x14\x87\xf1\xed\x30\x85\x96\xee\x8c\xba\x5c\x9c\xc5\x8e\x1c\x8c\xdf\xce\x83\xa7\x33\x12\x62\x4b\x81\x61\x87\x21\x1a\xf2\x09\x39\xd1\xdd\x29\x85\x1d\x43\x8b\x52\x63\xa8\x00\x97\xdb\x25\xfc\x88\xe4\x2b\x18\xa4\xb3\x13\xce\x53\x70\xb1\x19\x18\xe3\x45\x98\x15\x08\xf4\xbd\xbb\x4e\xf2\xd0\x22\xf4\xde\x30\x18\x0f\xfb\xd6\xa8\x36\xe9\xa5\x4d\xec\xac\x1c\x20\xc5\x86\x9d\xb4\xfd\xc4\x02\x39\x0a\xe5\x00\xd9\x08\x20\x36\xa9\xfa\x3f\xd3\x8f\x4b\x3f\x5b\x01\x8f\x17\x49\x2d\x29\x69\x67\x65\xdb\x10\x59\x94\xfe\x3a\xed\x97\x5c\x3e\xc8\x91\xa6\x25\xac\x40\x13\x78\xe2\x54\xdf\x60\x70\x87\x59\xce\xc8\x92\x11\x9a\x40\x0e\x4a\x73\x80\x27\x8d\x70\xa3\xb1\x91\xbd\xe5\x15\x34\xd2\x46\xfc\xef\xb2\xae\xe5\xc6\x13\x1b\x87\xd4\xcf\x57\x3b\xed\x5f\x67\xbe\x7f\xee\xac\x51\x86\x81\x3a\x0c\x99\x16\xc6\xa0\xd0\x50\x00\x45\xde\xa3\x2a\xcb\x34\xe5\xbc\x8c\xd5\x9e\x91\x4c\x8a\xfd\xae\x5f\x2e\xc0\xfc\x3f\xd3\x30\x8a\x6c\xef\xfc\xa9\x63\x46\x07\xcc\x30\xa0\xb4\x7c\x0e\x72\x92\xe4\xbd\xe9\x8e\x76\x81\x34\x38\xb6\x01\xd1\x8b\x4a\x0c\x68\x2d\xed\x45\x25\x02\xea\xd3\x98\x18\xa9\x73\x81\xd2\x79\xdf\x5b\x7b\x55\xde\x3b\x28\x38\xb9\xda\x7d\x84\x9b\x75\xc9\xb0\x16\x15\xac\xc7\x24\xe9\x9d\x02\xac\x53\xaa\xb5\x48\xdf\xd7\x18\x9b\x74\x26\x6f\x07\x18\x47\x16\x38\xc9\xaa\x35\x7e\x5b\xbc\xd3\xa1\x32\x8d\x41\xfd\x36\xfc\x9c\x20\xb6\x9b\x6b\xc1\xdf\xfa\xfa\x64\xeb\x14\xe6\xcd\x60\xba\x28\xca\x68\xdb\x8b\x20\x5d\x30\x49\x94\xbf\x06\xf9\x8a\x9c\xd4\xe1\xd0\x63\x7a\x96\x69\x99\x3f\x3d\x16\xad\x92\x63\xbb\x60\x9c\x0c\x03\xc4\x56\x06\x1d\xff\x1c\x72\x76\x5a\x5d\x1f\xf8\x1f\xb6\x6f\x6e\xaa\xfc\x5f\x5a\x23\x63\x31\x74\x4c\xe3\x76\x33\x63\xe8\xdd\xbf\x14\xef\x1b\x86\x0d\x45\x04\x47\x1a\x97\xf0\x69\x1c\x9d\x23\x41\x19\xe5\x1f\x15\x69\x31\x7d\x8e\x80\x62\x43\x7a\x10\xa5\x11\x16\x69\xef\xb0\xf8\x15\x00\x00\xff\xff\x3e\x2b\xd7\x37\x4c\x08\x00\x00")

func apiCatIndicesJsonBytes() ([]byte, error) {
	return bindataRead(
		_apiCatIndicesJson,
		"api/cat.indices.json",
	)
}

func apiCatIndicesJson() (*asset, error) {
	bytes, err := apiCatIndicesJsonBytes()
	if err != nil {
		return nil, err
	}

	info := bindataFileInfo{name: "api/cat.indices.json", size: 2124, mode: os.FileMode(0644), modTime: time.Unix(1675080317, 0)}
	a := &asset{bytes: bytes, info: info, digest: [32]uint8{0xc4, 0x9f, 0x8a, 0xbf, 0xd8, 0x8b, 0x2d, 0xc8, 0x4f, 0x3c, 0x86, 0x47, 0xda, 0xc2, 0x82, 0x7a, 0xa2, 0xd9, 0xab, 0xe, 0xa1, 0xc7, 0x22, 0x9f, 0xb9, 0x81, 0x2c, 0xb1, 0x1, 0xc6, 0xa4, 0x80}}
	return a, nil
}

var _apiCatMasterJson = []byte("\x1f\x8b\x08\x00\x00\x00\x00\x00\x00\xff\xa4\x93\xc1\x6e\xdb\x3c\x10\x84\xef\x7e\x8a\x05\x4f\xff\x0f\x24\xd2\x5d\xb7\xa2\x0d\x7a\x2f\x8a\x5e\x8a\x20\x58\x93\x2b\x8b\x05\xc9\x15\xb8\x2b\xbb\x46\xe1\x77\x2f\x28\x2a\x8e\x9c\xda\x41\xd0\x9e\x6c\xed\x90\xc3\x4f\x33\xe2\xaf\x0d\x80\xb1\xa8\x4d\x44\x51\xca\xa6\x83\x32\x01\x30\x8e\xed\x14\x29\x29\xaa\xe7\x64\x3a\x30\x83\xea\xd8\xb5\xed\xe1\x70\x68\x28\xa0\xa8\xb7\x8d\xe5\x76\x37\x79\x47\x2d\xa5\x76\x99\x09\x61\xb6\x43\x9b\xa9\xa7\x4c\xc9\x52\x5b\x7d\x5b\x8b\x7a\x5f\xff\x36\x83\xc6\x60\xee\xea\x29\x91\x74\x60\x27\xa6\x83\xef\xe6\xf3\xc3\x57\xf3\xb8\xcc\xa7\x1c\xce\x28\x00\x66\x44\x1d\x0a\x43\xfb\x64\x51\x17\xcb\xc5\x62\x51\xab\xc5\x85\xfe\xb8\x5a\x90\x55\x56\x7e\xa7\xb5\x82\x71\x2d\x01\x98\x9e\x73\x44\xbd\x98\x01\x18\x3d\x8e\x64\xa0\x03\x23\x9a\x7d\xda\x9d\x4f\xaf\x61\x91\xd8\xec\xc7\x39\xaa\xb2\x06\x41\x06\xce\x0a\x7b\xca\xe2\x39\x01\xf7\xa0\x03\xc1\x07\x6b\x69\x54\x18\x08\x1d\xe5\x3b\xa0\x66\xd7\xc0\x0f\xe1\x74\x07\x47\x8c\xc1\x9c\x1d\x4f\x2f\xe6\x26\xb0\xc5\x70\x13\x66\xcb\x1c\x08\xd3\xdb\x34\x5f\x48\xa7\x9c\x60\x76\x02\x9f\xea\xfb\xf9\x72\xac\x63\x48\xac\x90\x49\xb3\xa7\x3d\xcd\x90\xa2\xa8\x04\x7d\xe6\x08\x35\x48\x48\xec\x08\xfe\x73\xd4\xe3\x14\xb4\x83\x1e\x83\xd0\xff\xd7\x69\xeb\x8e\x27\xf5\x91\x78\xba\x9d\x61\xd1\xdf\x66\x7e\xf8\x39\x06\x6f\xbd\x02\x8f\x94\x67\x5a\x58\x4c\xa1\xe7\x0c\x96\x53\x22\x5b\xc7\xbc\xe6\xbc\x8e\x35\xbc\x22\x79\x66\xe9\xc0\x04\x2f\x7a\x81\x72\x05\xe6\x23\xc7\x88\xf7\x42\xe5\x6b\x51\x72\x50\xf6\x94\x4e\x2d\x87\x29\x26\x48\x18\x49\x0a\x87\xf3\x32\x06\x3c\xde\x60\xa0\x30\x5e\x0d\xe4\x3d\x35\xbe\xb4\x58\x6c\xd6\x25\xbe\xde\x33\x97\x64\x96\x96\xae\x82\xc8\x2d\x8a\x3f\xa2\xf8\xbb\x20\xe6\x7a\xe6\x67\x0c\x1e\xa5\x46\x23\xe5\x3a\x6c\x6f\x44\xb3\xff\x97\x5c\xbe\x51\xde\xb2\x10\x44\x76\xd4\xc0\xa7\x5a\xc1\x33\x41\xbd\x6a\xf2\xce\x90\x36\xeb\xdf\x05\xd0\x6c\xd9\x1d\x4d\x07\x69\x0a\x61\x53\xb4\xd3\xe6\x77\x00\x00\x00\xff\xff\xda\x03\x3b\x3e\x34\x05\x00\x00")

func apiCatMasterJsonBytes() ([]byte, error) {
	return bindataRead(
		_apiCatMasterJson,
		"api/cat.master.json",
	)
}

func apiCatMasterJson() (*asset, error) {
	bytes, err := apiCatMasterJsonBytes()
	if err != nil {
		return nil, err
	}

	info := bindataFileInfo{name: "api/cat.master.json", size: 1332, mode: os.FileMode(0644), modTime: time.Unix(1675080317, 0)}
	a := &asset{bytes: bytes, info: info, digest: [32]uint8{0xd5, 0x75, 0x2d, 0x44, 0x2c, 0x1a, 0x83, 0x40, 0xd8, 0x89, 0xe5, 0x8c, 0xba, 0xc6, 0xc5, 0x9c, 0x42, 0x1f, 0xa9, 0x3e, 0xbb, 0xcd, 0xee, 0x23, 0xff, 0x5e, 0xa2, 0xb4, 0xef, 0x45, 0xd3, 0x9d}}
	return a, nil
}

var _apiCatNodeattrsJson = []byte("\x1f\x8b\x08\x00\x00\x00\x00\x00\x00\xff\xa4\x93\x41\x8b\xdb\x3e\x10\xc5\xef\xf9\x14\x0f\x9d\xfe\x7f\xc8\xda\x77\xdf\x4a\xbb\xf4\x5e\x4a\x2f\x65\x59\x26\xf2\x38\x56\x91\x34\x46\x1a\x27\x0d\x25\xdf\xbd\xc8\xce\x26\xde\x34\x59\x96\xf6\x64\x3c\x33\x7a\xf3\xf3\x7b\xd6\xaf\x15\x60\x2c\x69\x15\xa5\x65\x52\x4d\xd9\x34\x28\x45\xc0\xb4\x62\xc7\xc0\x51\x49\x9d\x44\xd3\xc0\xf4\xaa\x43\x53\xd7\xfb\xfd\xbe\x62\x4f\x59\x9d\xad\xac\xd4\xdb\xd1\xb5\x5c\x73\xac\x4f\xb5\xcc\x94\x6c\x5f\x27\xee\x38\x71\xb4\x5c\x07\xca\xca\xa9\xb6\xa4\x0f\xe7\x2d\x55\xaf\xc1\x9b\xf5\xbc\x28\xb0\xf6\xd2\x96\xcd\xdf\xcd\xe7\xc7\xaf\xe6\xe9\x54\x1f\x93\x3f\xd3\x00\x66\x20\xed\x0b\x46\xfd\x6c\x49\xeb\x0b\xf0\x7a\x39\x30\xab\x5c\x8f\x3c\x2d\x66\x92\xe6\x85\xea\x71\xd9\xa1\xb0\x6c\x01\xa6\x93\x14\x48\x5f\xd5\x00\xa3\x87\x81\x0d\x1a\x98\xac\xc9\xc5\xed\x19\x60\x76\x8d\xb3\x4d\x6e\x98\x3c\x2b\x33\x84\xdc\x4b\x52\xec\x38\x65\x27\x11\xd2\x41\x7b\xc6\x07\x6b\x79\x50\xf4\x4c\x2d\xa7\x35\xb8\xda\x56\xf8\x91\x25\xae\x71\xa0\xe0\xcd\x59\xf1\x78\x11\x37\x5e\x2c\xf9\xbb\x30\x1b\x11\xcf\x14\xdf\xa6\xf9\xc2\x3a\xa6\x88\x49\x09\x2e\xce\xdf\xe7\xca\xda\x56\x10\x45\x91\x58\x93\xe3\x1d\x4f\x90\x59\x49\x19\x5d\x92\x80\x39\x44\x14\x4b\xf1\x5f\xcb\x1d\x8d\x5e\x1b\x74\xe4\x33\xff\x7f\x9b\x76\x3e\xf1\xac\x2e\xb0\x8c\xf7\x3d\x2c\xfd\xb7\x99\x1f\x7f\x0e\xde\x59\xa7\x90\x81\xd3\x44\x8b\x93\x28\x3a\x49\xb0\x12\x23\xdb\xb9\x2c\x4b\xce\xdb\x58\xfd\x15\xc9\x0b\x4b\x03\xe3\x5d\xd6\x57\x28\x37\x60\x3e\x4a\x08\xf4\x90\xb9\xfc\x2d\xca\x2d\xca\x99\x92\xa9\x15\x3f\x86\x88\x48\x81\x73\xe1\x68\x5d\x1e\x3c\x1d\xee\x30\xb0\x1f\x6e\x1a\xf2\x9e\x18\x2f\x29\x16\x99\x65\x88\xd7\x67\xa6\x90\xcc\x29\xa5\x9b\x20\xf9\x1e\xc5\x1f\x56\xfc\x9d\x11\x53\x3c\xd3\x3b\x79\x47\x79\xb6\x26\x97\xeb\xb0\xb9\x63\xcd\xee\x5f\x7c\xf9\xc6\x69\x23\x99\x11\xa4\xe5\x0a\x9f\xe6\x08\x5e\x08\xe6\xab\x96\xdf\x69\xd2\x6a\xf9\x3c\x01\x9a\x8d\xb4\x07\xd3\x20\x8e\xde\xaf\x4a\xef\xb8\xfa\x1d\x00\x00\xff\xff\x31\x4f\x92\x65\x40\x05\x00\x00")

func apiCatNodeattrsJsonBytes() ([]byte, error) {
	return bindataRead(
		_apiCatNodeattrsJson,
		"api/cat.nodeattrs.json",
	)
}

func apiCatNodeattrsJson() (*asset, error) {
	bytes, err := apiCatNodeattrsJsonBytes()
	if err != nil {
		return nil, err
	}

	info := bindataFileInfo{name: "api/cat.nodeattrs.json", size: 1344, mode: os.FileMode(0644), modTime: time.Unix(1675080317, 0)}
	a := &asset{bytes: bytes, info: info, digest: [32]uint8{0x5a, 0xff, 0xbe, 0xe8, 0xfa, 0x48, 0xcc, 0x37, 0x6e, 0xfc, 0xd4, 0xce, 0x43, 0x30, 0xdf, 0x8b, 0xcc, 0x33, 0xbb, 0x8b, 0xbf, 0x49, 0x74, 0x62, 0xa2, 0xea, 0xa7, 0xf, 0xfa, 0xf1, 0xf6, 0x11}}
	return a, nil
}

var _apiCatNodesJson = []byte("\x1f\x8b\x08\x00\x00\x00\x00\x00\x00\xff\xac\x94\x41\x8b\xdb\x3e\x10\xc5\xef\xf9\x14\x83\x4e\xff\x3f\x64\xed\xbb\x6f\xa5\xbb\x94\x5e\x4b\xe9\xa5\x2c\xcb\x44\x1a\xaf\x55\x24\x8d\xd1\x8c\x93\x86\x92\xef\x5e\x64\x25\xa9\x77\x9b\x2c\xa1\xed\x29\x64\x5e\xf4\xe6\x97\xf7\x64\xff\x58\x01\x18\x8b\xda\x24\x76\x24\xa6\x83\x32\x00\x30\x8e\xed\x14\x29\x29\xaa\xe7\x64\x3a\x30\x83\xea\xd8\xb5\xed\x6e\xb7\x6b\x28\xa0\xa8\xb7\x8d\xe5\xf6\x79\xf2\x8e\x5a\x4a\xed\x71\x26\x84\xd9\x0e\x6d\xa6\x9e\x32\x25\x4b\x6d\x44\x51\xca\xad\x45\xbd\x9b\x37\x34\x83\xc6\x60\xd6\x75\x49\x24\x1d\xd8\x95\xad\x5f\xcd\x87\x87\xcf\xe6\xf1\x38\x9f\x72\x38\x93\x00\x98\x11\x75\x28\x08\xed\x93\x45\x6d\x2b\xe8\x7a\x29\x56\x87\xa5\xfc\xb8\xd0\xb3\xca\xc2\xed\xb0\x54\x30\x2e\x25\x00\xd3\x73\x8e\xa8\x2f\x66\x00\x46\xf7\x23\x19\xe8\xc0\x88\x66\x9f\x9e\xcf\xcb\x6b\x52\x24\x36\xfb\x71\xce\xa9\xfc\x06\x41\x06\xce\x0a\x5b\xca\xe2\x39\x01\xf7\xa0\x03\xc1\x3b\x6b\x69\x54\x18\x08\x1d\xe5\x35\x50\xf3\xdc\xc0\x37\xe1\xb4\x86\x3d\xc6\x60\xce\x8e\x87\xf5\x82\x66\x0a\xe1\xc9\xbb\xab\x38\x1b\xe6\x40\x98\xde\xe6\xf9\x44\x3a\xe5\x34\x33\x14\x3f\x28\x01\xc1\xc7\x7b\xf0\x49\x94\xd0\x9d\xf8\x66\x68\x4a\xe4\xce\xe0\xff\x39\xea\x71\x0a\xda\x41\x8f\x41\xe8\xff\xcb\x8c\x81\x2d\x86\x7f\x42\x38\x3b\x81\x4f\xb5\x03\x5f\xa2\x71\x0c\x89\x15\x32\x69\xf6\xb4\xa5\x0a\xaa\xa8\x04\x7d\xe6\x08\xf5\x72\xd5\x7f\x74\x1b\x6d\x3d\xf1\xa4\x3e\x12\x4f\xd7\x7b\x2e\xfa\xdb\xcc\x0f\xdf\xc7\xe0\xad\x57\xe0\x91\xf2\x4c\x0b\x47\x53\xe8\x39\x83\xe5\x94\xc8\xd6\x31\x2f\x39\x2f\x63\x0d\xaf\x48\x4e\x2c\x1d\x98\xe0\x45\x5f\xa0\x5c\x80\x79\xcf\x31\xe2\x9d\x50\xb9\xd1\x4a\x0e\xca\x99\xd2\xab\xe5\x30\xc5\x04\x09\x23\x49\xe1\x70\x5e\xc6\x80\xfb\x2b\x0c\x14\xc6\x8b\x81\xdc\x52\xe3\xaf\x16\x8b\xcd\xb2\xc4\xd7\x67\xe6\x92\xcc\xb1\xa5\x8b\x20\x72\x8d\xe2\xb7\x28\xfe\x2c\x88\xb9\x9e\xf9\x3b\x06\x8f\x52\xa3\x91\xf2\xc8\x6e\xae\x44\xb3\xfd\x9b\x5c\xbe\x50\xde\xb0\x10\x44\x76\xd4\xc0\x7d\xad\xe0\x44\x50\x5f\x07\x72\x63\x48\xab\xe5\xe7\x11\xd0\x6c\xd8\xed\x4d\x07\x69\x0a\x61\x55\xb4\xc3\xea\x67\x00\x00\x00\xff\xff\x75\xae\xde\xb1\xd4\x05\x00\x00")

func apiCatNodesJsonBytes() ([]byte, error) {
	return bindataRead(
		_apiCatNodesJson,
		"api/cat.nodes.json",
	)
}

func apiCatNodesJson() (*asset, error) {
	bytes, err := apiCatNodesJsonBytes()
	if err != nil {
		return nil, err
	}

	info := bindataFileInfo{name: "api/cat.nodes.json", size: 1492, mode: os.FileMode(0644), modTime: time.Unix(1675080317, 0)}
	a := &asset{bytes: bytes, info: info, digest: [32]uint8{0xa5, 0x78, 0x68, 0x19, 0x3c, 0xe6, 0x3e, 0x16, 0xb4, 0xbc, 0x21, 0xe4, 0xeb, 0xb8, 0x62, 0xee, 0x6d, 0xf1, 0x7c, 0x11, 0xcf, 0x89, 0xc0, 0x83, 0xa2, 0x8d, 0x38, 0xe, 0x30, 0x31, 0xcf, 0xb6}}
	return a, nil
}

var _apiCatPending_tasksJson = []byte("\x1f\x8b\x08\x00\x00\x00\x00\x00\x00\xff\xa4\x93\x41\x6f\xdb\x30\x0c\x85\xef\xf9\x15\x84\x4e\x1b\x90\xda\x77\xdf\x86\xad\xd8\x7d\x18\x76\x19\x8a\x82\x91\xe8\x58\x9b\x24\x1a\x22\x9d\x2c\x18\xf2\xdf\x07\xd9\x6e\xea\x74\x4e\x51\x6c\x27\xc3\x24\xf5\xf8\xf9\x3d\xeb\xf7\x06\xc0\x58\xd4\xaa\xa7\xe4\x7c\xda\x3f\x2a\xca\x4f\x31\x0d\x94\x06\x80\x71\x6c\x87\x48\x49\x51\x3d\x27\xd3\x80\xe9\x54\xfb\xa6\xae\x8f\xc7\x63\x45\x01\x45\xbd\xad\x2c\xd7\xfb\xc1\x3b\xaa\x29\xd5\x73\x4d\x08\xb3\xed\xea\x4c\x2d\x65\x4a\x96\xea\x88\xa2\x94\x6b\x8b\x7a\x37\x6f\xba\x1b\x37\x55\x9d\xc6\x60\xb6\xd3\xb2\x48\xda\xb1\x2b\xdb\xbf\x9b\xcf\xf7\x5f\xcd\xc3\x5c\x1f\x72\xb8\x10\x01\x98\x1e\xb5\x2b\x28\xf5\xa3\x45\xad\xaf\xc1\xb7\xcb\xa1\x49\x69\x6d\xec\x61\x31\x97\x55\x16\xea\xe7\x65\x07\xe3\xb2\x05\x60\x5a\xce\x11\xf5\xaa\x06\x60\xf4\xd4\x93\x81\x06\x8c\x68\xf6\x69\x7f\x81\x98\x1c\x24\xb1\xd9\xf7\xa3\x7f\x65\x06\x41\x3a\xce\x0a\x07\xca\xe2\x39\x01\xb7\xa0\x1d\xc1\x07\x6b\xa9\x57\xe8\x08\x1d\xe5\x2d\x50\xb5\xaf\xe0\x87\x70\xda\xc2\x09\x63\x30\x17\xc5\xf3\xb3\xb8\x09\x6c\x31\xdc\x84\xd9\x31\x07\xc2\xf4\x3a\xcd\x17\xd2\x21\x27\x18\x95\xc0\xa7\xe9\xfb\x7c\x59\xeb\x18\x12\x2b\x64\xd2\xec\xe9\x40\x23\xa4\x28\x2a\x41\x9b\x39\xc2\x14\x28\x24\x76\x04\xef\x1c\xb5\x38\x04\x6d\xa0\xc5\x20\xf4\x7e\x9d\x76\x3a\xf1\xa8\x3e\x12\x0f\xb7\x3d\x2c\xfd\xd7\x99\xef\x7f\xf5\xc1\x5b\xaf\xc0\x3d\xe5\x91\x16\x66\x51\x68\x39\x83\xe5\x94\xc8\x4e\x65\x5e\x72\xae\x63\x75\x2f\x48\x9e\x58\x1a\x30\xc1\x8b\x5e\xa1\xac\xc0\x7c\xe4\x18\xf1\x4e\xa8\xfc\x2d\x4a\x0e\xca\x99\x92\xa9\xe5\x30\xc4\x04\x09\x23\x49\xe1\x70\x5e\xfa\x80\xa7\x1b\x0c\x14\xfa\x55\x43\xde\x12\xe3\x73\x8a\x45\x66\x19\xe2\xcb\x33\x63\x48\x66\x4e\x69\x15\x44\x6e\x51\xfc\x65\xc5\xbf\x19\x31\xc6\x33\xbe\x63\xf0\x28\x93\x35\x52\xae\xc3\xee\x86\x35\x87\xff\xf1\xe5\x1b\xe5\x1d\x0b\x41\x64\x47\x15\x7c\x9a\x22\x78\x22\x98\xae\x9a\xbc\xd1\xa4\xcd\xf2\x39\x03\x9a\x1d\xbb\x93\x69\x20\x0d\x21\x6c\x4a\xef\xbc\xf9\x13\x00\x00\xff\xff\x37\xaa\xc0\x89\x50\x05\x00\x00")

func apiCatPending_tasksJsonBytes() ([]byte, error) {
	return bindataRead(
		_apiCatPending_tasksJson,
		"api/cat.pending_tasks.json",
	)
}

func apiCatPending_tasksJson() (*asset, error) {
	bytes, err := apiCatPending_tasksJsonBytes()
	if err != nil {
		return nil, err
	}

	info := bindataFileInfo{name: "api/cat.pending_tasks.json", size: 1360, mode: os.FileMode(0644), modTime: time.Unix(1675080317, 0)}
	a := &asset{bytes: bytes, info: info, digest: [32]uint8{0xc2, 0x1a, 0xa0, 0xa0, 0xe8, 0x51, 0xd, 0x73, 0xa5, 0x42, 0x89, 0x44, 0xd, 0x89, 0x71, 0x83, 0x54, 0x9b, 0x5d, 0x27, 0x2f, 0x3f, 0x51, 0x49, 0x4d, 0x9d, 0xa3, 0xdf, 0x78, 0x93, 0xb8, 0x15}}
	return a, nil
}

var _apiCatPluginsJson = []byte("\x1f\x8b\x08\x00\x00\x00\x00\x00\x00\xff\xa4\x93\x41\x6f\xdb\x30\x0c\x85\xef\xf9\x15\x84\x4e\x1b\x90\xda\x77\xdf\x86\xad\xd8\x7d\x18\x76\x19\x8a\x82\x91\xe8\x58\x83\x24\x1a\x22\x9d\x2c\x18\xfa\xdf\x07\xd9\x4e\xea\x74\x71\x51\xac\x27\xc3\x14\xf9\xf8\xf9\x3d\xeb\xcf\x06\xc0\x58\xd4\xaa\x0f\xc3\xde\x27\x31\x0d\x94\x12\x80\x71\x6c\x87\x48\x49\x51\x3d\x27\xd3\x80\xe9\x54\xfb\xa6\xae\x8f\xc7\x63\x45\x01\x45\xbd\xad\x2c\xd7\xfb\xc1\x3b\xaa\x29\xd5\x73\x4d\x08\xb3\xed\xea\x4c\x2d\x65\x4a\x96\xea\x88\xa2\x94\x6b\x8b\x7a\x37\xef\xa8\x3a\x8d\xc1\x6c\xa7\x35\x91\xb4\x63\x57\xf6\xfe\x34\x5f\xef\xbf\x9b\x87\xb9\x3e\xe4\x70\x61\x01\x30\x3d\x6a\x57\x20\xea\x47\x8b\x5a\x9f\x61\xb7\xcb\xe3\x49\xe3\xba\xe1\x61\xd1\x91\x31\xca\x42\x12\xc0\xb4\x9c\x23\xea\x55\x0d\xc0\xe8\xa9\x27\x03\x0d\x18\xd1\xec\xd3\xfe\xb2\x64\x72\x85\xc4\x66\xdf\x8f\x9e\x94\x1e\x04\xe9\x38\x2b\x1c\x28\x8b\xe7\x04\xdc\x82\x76\x04\x9f\xac\xa5\x5e\xa1\x23\x74\x94\xb7\x40\xd5\xbe\x82\x5f\xc2\x69\x0b\x27\x8c\xc1\x5c\x14\x9f\x9e\xc5\x4d\x60\x8b\x61\x15\x66\xc7\x1c\x08\xd3\xeb\x34\xdf\x48\x87\x9c\x60\x54\x02\x9f\xa6\xef\xf3\x65\xad\x63\x48\xac\x90\x49\xb3\xa7\x03\x8d\x90\xa2\xa8\x04\x6d\xe6\x08\x53\x48\x90\xd8\x11\x7c\x70\xd4\xe2\x10\xb4\x81\x16\x83\xd0\xc7\xdb\xb4\xd3\xc4\xa3\xfa\x48\x3c\xac\x7b\x58\xce\x5f\x67\xbe\xff\xdd\x07\x6f\xbd\x02\xf7\x94\x47\x5a\x98\x45\xa1\xe5\x0c\x96\x53\x22\x3b\x95\x79\xc9\x79\x1b\xab\x7b\x41\x72\x66\x69\xc0\x04\x2f\x7a\x85\x72\x03\xe6\x33\xc7\x88\x77\x42\xe5\x6f\x51\x72\x50\x66\x4a\xa6\x96\xc3\x10\x13\x24\x8c\x24\x85\xc3\x79\xe9\x03\x9e\x56\x18\x28\xf4\x37\x0d\x79\x4b\x8c\xcf\x29\x16\x99\x65\x88\x2f\x67\xc6\x90\xcc\x9c\xd2\x4d\x10\x59\xa3\xf8\xc7\x8a\xff\x33\x62\x8c\x67\x7c\xc7\xe0\x51\x26\x6b\xa4\x5c\x87\xdd\x8a\x35\x87\xf7\xf8\xf2\x83\xf2\x8e\x85\x20\xb2\xa3\x0a\xbe\x4c\x11\x9c\x09\xa6\xab\x26\x6f\x34\x69\xb3\x7c\xce\x80\x66\xc7\xee\x64\x1a\x48\x43\x08\x9b\x72\xf6\xb4\xf9\x1b\x00\x00\xff\xff\x76\x9f\x25\x0d\x1e\x05\x00\x00")

func apiCatPluginsJsonBytes() ([]byte, error) {
	return bindataRead(
		_apiCatPluginsJson,
		"api/cat.plugins.json",
	)
}

func apiCatPluginsJson() (*asset, error) {
	bytes, err := apiCatPluginsJsonBytes()
	if err != nil {
		return nil, err
	}

	info := bindataFileInfo{name: "api/cat.plugins.json", size: 1310, mode: os.FileMode(0644), modTime: time.Unix(1675080317, 0)}
	a := &asset{bytes: bytes, info: info, digest: [32]uint8{0xd5, 0xd1, 0xe5, 0xb9, 0x68, 0xb0, 0x3, 0x43, 0x15, 0x7c, 0x88, 0x5d, 0xad, 0x4b, 0x36, 0x35, 0x4b, 0x29, 0xb, 0xe, 0xbd, 0x49, 0xc0, 0x6, 0xdf, 0x18, 0x61, 0xc, 0xa9, 0x6a, 0x94, 0x94}}
	return a, nil
}

var _apiCatRecoveryJson = []byte("\x1f\x8b\x08\x00\x00\x00\x00\x00\x00\xff\xa4\x94\x41\x6f\xdb\x3c\x0c\x86\xef\xf9\x15\x2f\x74\x4e\xed\x7b\x6e\xc5\xf7\x15\xbb\x0f\xc5\x2e\x43\x51\xc8\x32\x13\x6b\x93\x44\x43\xa2\x93\x06\x45\xfe\xfb\x20\xd9\x4d\x9d\x2c\x0e\x0a\xec\xc2\xb2\x94\x48\x3e\x7e\x45\xe6\x7d\x05\x28\xa3\xa5\x8a\x64\x78\x4f\xf1\xa8\x36\xc8\x31\x40\xb5\x6c\x06\x4f\x41\xb4\x58\x0e\x6a\x03\xd5\x89\xf4\x9b\xba\x3e\x1c\x0e\x15\x39\x9d\xc4\x9a\xca\x70\xbd\x1b\x6c\x4b\x35\x85\x7a\x8a\x25\xd2\xd1\x74\x75\xa4\x2d\x45\x0a\x86\x6a\xaf\x93\x50\xac\x8d\x96\x87\x8f\x26\x55\x27\xde\xa9\xf5\xd8\xc7\x93\x74\xdc\x26\xb5\xc1\x4f\xf5\xed\xe9\x59\xbd\x4c\xf1\x21\xba\x33\x0c\xa0\x7a\x2d\x5d\xa6\xa8\x5f\x8d\x96\xfa\x8c\xbb\x9e\x9f\x8f\x45\xae\x6f\x5c\xe7\xd4\xef\x36\xb4\xf4\x76\xfa\xe8\x54\x92\xa3\xa4\x59\x37\x40\x95\x3b\x17\x21\x40\xc9\xb1\x27\x85\x0d\x94\xb3\x49\xce\xbd\x47\xb9\x28\x99\x68\xfb\x0f\xb1\x1e\x61\xd8\x7b\xfd\x90\xa8\xd7\x51\x0b\xb5\xc8\x29\xe0\x2d\x4a\x61\x04\xed\x29\x41\x18\xce\x7a\x2b\x90\x8e\x10\x49\x86\x18\xa8\x85\x0d\x5b\x8e\x7e\xd4\xfd\xdc\xe2\x34\x79\xa7\x39\xb4\xf6\x57\xd4\x63\xe2\x22\x76\x92\x68\xc3\x6e\x19\x3c\xdf\xd1\x48\x1d\x47\xc1\x9e\x62\xb2\x1c\x32\x72\xa6\x7b\x34\x86\x7a\x41\x47\xba\xa5\xb8\x06\x55\xbb\x0a\xbf\x12\x87\x35\x8e\xda\xbb\x19\xe7\x67\x71\xd5\x1c\x85\xd2\x4d\x98\x0d\x14\x85\xc1\xdf\x27\x79\xee\x08\x43\xb0\x02\x1b\x70\xe8\xac\xe9\xb2\x5e\xad\x4d\xbd\xd3\x47\xe4\xda\xd8\x6b\x37\x50\xba\xac\xc2\xa5\x40\x19\x05\xa8\x26\x3f\xff\xef\x62\x8a\xeb\x8b\x29\xee\xae\x98\xe2\x4a\x31\xc5\xed\x8b\x69\x14\x5e\x6e\x7e\xd1\x38\xcc\xaf\x62\x3d\xf1\xb0\xac\x73\x3e\xbf\xff\x6d\x4f\x6f\xbd\xb3\xc6\x0a\xb8\xa7\x58\x9e\x1a\x53\x51\x6c\x39\xc2\x70\x08\x64\xc6\x30\x63\xec\x8a\xc0\x2d\xdd\x16\xba\xbb\x22\x99\xc9\xfc\xd7\xa4\xde\x80\xf9\x6f\x61\x54\x0d\xbb\xc1\x87\xcf\x59\x9d\xb4\x5f\x60\x20\xd7\x2f\xbd\x75\xc3\xec\x48\x87\xbb\x1b\xf3\xbd\x8c\x3f\x72\x99\x8b\x0d\xb8\xca\xd9\xea\xc1\x65\xe1\xb7\xda\x25\xba\x09\xb2\x38\x71\xf7\x97\xf6\xcb\x42\x94\xe7\x29\xff\x6b\x67\x75\x1a\xa5\x49\x79\x65\x9a\x05\x69\xf6\xff\xa2\xcb\x0f\x8a\x0d\x27\x82\xe7\x96\x2a\xfc\x3f\x8d\xff\x44\x30\xae\x63\xfa\xa2\x48\xab\xf9\xdf\x09\x50\x35\xdc\xe6\x5f\xfd\x30\x38\xb7\xca\x67\xa7\xd5\x9f\x00\x00\x00\xff\xff\xea\x9b\xd7\x2b\x15\x06\x00\x00")

func apiCatRecoveryJsonBytes() ([]byte, error) {
	return bindataRead(
		_apiCatRecoveryJson,
		"api/cat.recovery.json",
	)
}

func apiCatRecoveryJson() (*asset, error) {
	bytes, err := apiCatRecoveryJsonBytes()
	if err != nil {
		return nil, err
	}

	info := bindataFileInfo{name: "api/cat.recovery.json", size: 1557, mode: os.FileMode(0644), modTime: time.Unix(1675080317, 0)}
	a := &asset{bytes: bytes, info: info, digest: [32]uint8{0xe8, 0xd8, 0x60, 0x94, 0x8c, 0x36, 0x48, 0xe4, 0x90, 0xe, 0x62, 0xd7, 0x47, 0xb2, 0xa3, 0xc4, 0x48, 0x5, 0xa7, 0x8f, 0x2c, 0xea, 0x12, 0x88, 0x55, 0xdc, 0x2b, 0x8f, 0xd6, 0x79, 0x6, 0x29}}
	return a, nil
}

var _apiCatRepositoriesJson = []byte("\x1f\x8b\x08\x00\x00\x00\x00\x00\x00\xff\xb4\x93\x41\x8f\xd3\x4e\x0c\xc5\xef\xfd\x14\xd6\x9c\xbb\xc9\x3d\xb7\xbf\xfe\xac\xb8\x23\xc4\x05\xad\x56\xee\xc4\x69\x06\xcd\x8c\x23\xdb\x69\xa9\x50\xbf\x3b\x9a\xa4\x74\x53\xd4\x14\x10\xe2\x14\xc5\xf6\x3c\xff\xf2\x5e\xe6\xdb\x06\xc0\x79\xb4\x4a\x68\x60\x0d\xc6\x12\x48\x5d\x03\xa5\x0e\xe0\x5a\xf6\x63\xa2\x6c\x68\x81\xb3\x6b\xc0\xf5\x66\x43\x53\xd7\xc7\xe3\xb1\xa2\x88\x6a\xc1\x57\x9e\xeb\xfd\x18\x5a\xaa\x29\xd7\x97\x9a\x12\x8a\xef\x6b\xa1\x8e\x84\xb2\xa7\x3a\xa1\x1a\x49\xed\xd1\x9e\x96\x8b\xaa\xde\x52\x74\xdb\x79\x57\x22\xeb\xb9\x2d\xcb\x3f\xbb\xf7\xcf\x1f\xdd\xcb\xa5\x3e\x4a\xbc\x02\x01\xb8\x01\xad\x2f\x24\xf5\xab\x47\xab\x6f\xb0\xb7\xcb\x99\x59\xe8\xce\xd4\xcb\x62\x4c\x4c\x17\xda\xe7\x65\x07\xd3\xb2\x05\xe0\x3a\x96\x84\x76\x53\x03\x70\x76\x1a\xc8\x41\x03\x4e\x4d\x42\xde\x5f\x19\x66\xfb\x48\xbd\x84\x61\x32\xaf\xcc\x20\x68\xcf\x62\x70\x20\xd1\xc0\x19\xb8\x03\xeb\x09\xfe\xf3\x9e\x06\x83\x9e\xb0\x25\xd9\x02\x55\xfb\x0a\xbe\x28\xe7\x2d\x9c\x30\x45\x77\x55\x3c\xbf\x89\xbb\xc8\x1e\xe3\x2a\xcc\x8e\x39\x12\xe6\xc7\x34\x1f\xc8\x46\xc9\x30\x29\x41\xc8\xf3\xf7\x85\xb2\xb6\x65\xc8\x6c\x20\x64\x12\xe8\x40\x13\xa4\x1a\x1a\x41\x27\x9c\x60\x4e\x13\x32\xb7\xf4\xf3\x86\x0e\xc7\x58\x3c\xea\x30\x2a\xdd\x05\x9f\x0f\xbf\x5a\x48\xc4\xe3\xba\x9d\xa5\xff\x18\xff\xf9\xeb\x10\x83\x0f\x06\x3c\x90\x4c\xe0\x70\x11\x85\x8e\x05\x3c\xe7\x4c\x7e\x2e\xf3\x0d\xf2\x5d\xac\xfe\x2e\x49\x03\x2e\x06\xb5\xc7\x20\xff\x73\x4a\xf8\xa4\x54\x7e\x1a\xa3\x16\xca\x89\x12\xad\xe7\x38\xa6\x0c\x19\x13\x69\x61\x68\x83\x0e\x11\x4f\x2b\xfb\x29\x0e\x6b\x08\xbf\x4c\xf3\x2d\xcc\x22\xb3\xcc\xf2\xcf\xf3\xd1\x7f\x6c\xc4\x14\xcd\xf4\x8e\x31\xa0\xce\xd6\x68\xb9\x15\xbb\x15\x6b\x0e\x7f\xe3\xcb\x27\x92\x1d\x2b\x41\xe2\x96\x2a\x78\x37\x47\xf0\x83\x60\xbe\x71\xfa\x9b\x26\x6d\x96\xcf\x0b\xa0\xdb\x71\x7b\x72\x0d\xe4\x31\xc6\x4d\xe9\x9d\x37\xdf\x03\x00\x00\xff\xff\xab\x20\xb5\x91\x53\x05\x00\x00")

func apiCatRepositoriesJsonBytes() ([]byte, error) {
	return bindataRead(
		_apiCatRepositoriesJson,
		"api/cat.repositories.json",
	)
}

func apiCatRepositoriesJson() (*asset, error) {
	bytes, err := apiCatRepositoriesJsonBytes()
	if err != nil {
		return nil, err
	}

	info := bindataFileInfo{name: "api/cat.repositories.json", size: 1363, mode: os.FileMode(0644), modTime: time.Unix(1675080317, 0)}
	a := &asset{bytes: bytes, info: info, digest: [32]uint8{0xf, 0xeb, 0xa9, 0xb, 0xc6, 0x36, 0xd1, 0x63, 0xea, 0x9c, 0xb0, 0xa6, 0xc4, 0x58, 0x10, 0xb1, 0x75, 0x3, 0x9f, 0xee, 0xe9, 0x1b, 0x5b, 0xd7, 0xd, 0x20, 0x8b, 0x1a, 0xe8, 0x6a, 0xbf, 0xba}}
	return a, nil
}

var _apiCatSegmentsJson = []byte("\x1f\x8b\x08\x00\x00\x00\x00\x00\x00\xff\xa4\x53\x4d\x6f\xdb\x30\x0c\xbd\xe7\x57\x10\x3a\xa7\xd6\xdd\xb7\x62\x1b\x76\x1f\x8a\x5d\x86\x62\xa0\x65\x26\xd2\xa6\x0f\x43\xa4\x9b\x05\x45\xfe\xfb\x20\xd9\x49\xdd\x2c\x0e\x0a\xec\xc2\x30\x94\xf8\xf8\xf8\xf4\xfc\xba\x01\x50\x06\xa5\x61\xda\x07\x8a\xc2\xaa\x85\x52\x03\x50\x7d\x32\x63\x29\xa1\xb8\x14\x55\x0b\xca\x8a\x0c\xad\xd6\x87\xc3\xa1\x21\x8f\x2c\xce\x34\x26\xe9\xfd\xe8\x7a\xd2\x14\xf5\x5c\x63\xc2\x6c\xac\xce\xb4\xa3\x4c\xd1\x90\x0e\xc8\x42\x59\x1b\x94\x87\xf3\x90\xc6\x4a\xf0\x6a\x3b\xcd\x09\x24\x36\xf5\x65\xf0\x0f\xf5\xf5\xcb\x93\x7a\x9e\xeb\x63\xf6\x17\x32\x00\x6a\x40\xb1\x85\x85\xfe\x69\x50\xf4\x85\xee\x76\x79\x3e\x81\x5c\xdf\xb8\xee\xd1\xaf\x2e\xf6\xf4\xe7\x74\x9e\x54\x9b\xf3\x62\xf5\x5a\xaa\x77\xde\x95\x00\x94\x1c\x07\x52\xd0\x82\xf2\x8e\xe5\x32\x7b\x92\x8b\xd8\x64\x37\x9c\xc5\x7a\x04\x93\x42\xc0\x07\xa6\x01\x33\x0a\xf5\x50\x5a\x20\xed\xa0\x02\x43\xc4\x40\x0c\x92\xc0\xbb\xe0\x04\xc4\x12\x64\x92\x31\x47\xea\xc1\xc5\x5d\xca\x61\xd2\xfd\x32\xe2\x34\x67\xa7\x25\x69\x0c\x57\xac\xa7\xc6\x55\xda\x2c\xd9\xc5\xfd\x3a\xf1\x72\x07\x81\x6d\xca\x02\x2f\x94\xd9\xa5\x58\x28\x17\x76\x8f\xc6\xd0\x20\x60\x09\x7b\xca\x5b\xa0\x66\xdf\xc0\x2f\x4e\x71\x0b\x47\x0c\x7e\xc1\xf3\x0d\x5c\x75\x47\x21\xbe\x49\xa6\x05\x45\x71\x0c\xf7\x99\x3c\x59\x82\x31\x3a\x01\x17\xe1\x60\x9d\xb1\x45\xaf\xde\xf1\xe0\xf1\x08\x05\x1b\x5e\xd0\x8f\xc4\xef\x51\x52\x05\xa8\x56\x00\xd5\x95\xe7\xff\x5d\x43\x4d\x43\x0d\x35\xdd\xd7\x50\x53\xa9\xa1\xa6\x43\x0d\x9d\x82\xe7\x9b\x1b\xd9\xab\x6d\x16\xfb\xfc\x63\x89\x1b\x1b\x7d\x5a\xf1\x84\x49\x7e\x0c\xf1\xcd\x14\xf3\x92\xb7\x55\xb5\xe4\x87\x35\x51\xbb\x94\x3c\x61\xbc\x6b\xcd\x6f\xd5\x67\x50\x60\xde\x59\xed\xaa\x67\x87\xa3\x2f\x4e\xda\xa1\x67\xba\x49\x64\xf5\x69\xef\x7f\x1d\x1f\x16\x22\xe5\xf3\x7f\xf4\x0e\x79\x92\x86\x8b\x37\xbb\x15\x69\x5e\xfe\x47\x97\xef\x94\xbb\xc4\x04\x21\xf5\xd4\xc0\xe7\xd9\x67\x33\x83\xc9\xf7\xfc\x41\x91\x36\xcb\xdf\x99\xa0\xea\x52\x7f\x54\x2d\xc4\xd1\xfb\x4d\x39\x3b\x6d\xfe\x06\x00\x00\xff\xff\x01\xb8\x41\x14\x7e\x05\x00\x00")

func apiCatSegmentsJsonBytes() ([]byte, error) {
	return bindataRead(
		_apiCatSegmentsJson,
		"api/cat.segments.json",
	)
}

func apiCatSegmentsJson() (*asset, error) {
	bytes, err := apiCatSegmentsJsonBytes()
	if err != nil {
		return nil, err
	}

	info := bindataFileInfo{name: "api/cat.segments.json", size: 1406, mode: os.FileMode(0644), modTime: time.Unix(1675080317, 0)}
	a := &asset{bytes: bytes, info: info, digest: [32]uint8{0x43, 0xe6, 0xf, 0xc4, 0xe8, 0x80, 0xd2, 0x7c, 0xa2, 0x51, 0x2e, 0x2b, 0x87, 0xfb, 0x71, 0xa3, 0xf, 0xd5, 0x66, 0x69, 0xc6, 0xdc, 0x45, 0x6c, 0x41, 0x96, 0x5, 0xd7, 0x61, 0x12, 0x8a, 0x12}}
	return a, nil
}

var _apiCatShardsJson = []byte("\x1f\x8b\x08\x00\x00\x00\x00\x00\x00\xff\xa4\x94\xc1\x6e\xdb\x30\x0c\x86\xef\x79\x8a\x1f\x3a\x6d\x40\x1a\xdf\x73\x2b\xb6\x62\xf7\xa1\xd8\x65\x28\x0a\x59\xa6\x63\x6d\x92\x68\x48\x74\xd2\xa0\xc8\xbb\x0f\x92\xdd\xd6\xe9\xe2\xac\xc0\x2e\x0a\x43\x99\xe4\xe7\x9f\xa4\x9f\x57\x80\x32\x5a\x36\xa9\xd3\xb1\x49\x6a\x8b\xec\x01\x54\xc3\x66\xf0\x14\x44\x8b\xe5\xa0\xb6\x50\x9d\x48\xbf\xad\xaa\xc3\xe1\xb0\x21\xa7\x93\x58\xb3\x31\x5c\xed\x06\xdb\x50\x45\xa1\x9a\x7c\x89\x74\x34\x5d\x15\xa9\xa5\x48\xc1\x50\xe5\x75\x12\x8a\x95\xd1\x72\x33\x96\xd8\x74\xe2\x9d\x5a\x8f\x55\x3c\x49\xc7\xa5\xec\x4f\xf5\xed\xee\x5e\x3d\x4c\xfe\x21\xba\x57\x14\x40\xf5\x5a\xba\xcc\x50\x3d\x1a\x2d\xd5\x84\xba\x9e\xdf\x8e\x29\xce\xef\xcf\x9f\xaf\x9e\x6d\x68\xe8\xe9\xf4\x52\xa3\x04\x46\x49\xb3\x3a\x80\x2a\xcf\x9c\xb9\x00\x25\xc7\x9e\x14\xb6\x50\xce\x26\x79\xad\x3b\xca\x44\xc9\x44\xdb\xbf\x88\x74\x0b\xc3\xde\xeb\x9b\x44\xbd\x8e\x5a\xa8\x41\x0e\x01\xb7\x28\x89\x11\xb4\xa7\x04\x61\x38\xeb\xad\x40\x3a\x42\x24\x19\x62\xa0\x06\x36\xb4\x1c\xfd\xa8\xf7\x6b\x89\xd3\x64\x9d\xe6\xd0\xda\xbf\xa3\x1e\x03\x17\xb1\x93\x44\x1b\x76\xcb\xe0\xf9\x19\x8d\xd4\x71\x14\xec\x29\x26\xcb\x21\x23\x67\xba\x5b\x63\xa8\x17\x74\xa4\x1b\x8a\x6b\xd0\x66\xb7\xc1\xaf\xc4\x61\x8d\xa3\xf6\x6e\xc6\xf9\x96\x5c\xd5\x47\xa1\x74\x11\x66\x0b\x45\x61\xf0\xd7\x49\xee\x3b\xc2\x10\xac\xc0\x06\x1c\x3a\x6b\xba\xac\x57\x63\x53\xef\xf4\x11\x39\x37\xf6\xda\x0d\x94\xce\xb3\x70\x49\x50\xc6\x00\xaa\xce\xcd\xff\x5d\x8e\x62\xfa\x72\x14\x73\x57\x8e\x62\x4a\x39\x8a\xd9\x97\xa3\x56\x78\xb8\xf8\x46\x8e\x8d\x76\x8b\xf2\xd6\xcc\x8e\x74\xb8\xfe\x56\xdf\x4b\x9b\x51\x32\xcd\x5b\xbd\x46\xc3\x08\x2c\x79\x0e\xa2\xa5\x3d\x15\xd9\x93\x68\x21\xb4\x91\x3d\xc6\x05\x42\xe0\x86\xf0\xa9\xa1\x56\x0f\x4e\xb6\x68\xb5\x4b\xf4\xf9\xb2\xfe\x63\xc4\xa3\x58\x4f\x3c\x2c\x4f\x45\xbe\xbf\xce\x7c\xf7\xd4\x3b\x6b\xac\x80\x7b\x8a\x85\x16\x53\x52\xb4\x1c\x61\x38\x04\x32\xa3\x9b\xe7\x9c\x97\xb1\xba\x77\x24\xb3\xa1\xf8\x6b\xaf\x2e\xc0\x7c\x59\x58\x2c\xc3\x6e\xf0\xe1\x6d\xb3\xa6\x49\x59\x60\x20\xd7\x2f\x4d\xe6\x3f\xdb\xf8\xd6\xc5\x9c\xe6\x6c\x5f\xdf\xc5\x94\x26\xa9\xa9\x4b\x17\x41\x16\xf7\xe3\xfa\x27\xe6\xc3\x42\x94\xf6\x94\xff\xda\x59\x9d\x46\x69\x52\x5e\xf0\x7a\x41\x9a\xfd\xff\xe8\xf2\x83\x62\xcd\x89\xe0\xb9\xa1\x0d\xbe\x4e\xcb\x3a\x11\x8c\x1f\x8f\xf4\x41\x91\x56\xf3\xdf\x09\x50\xd5\xdc\x1c\xd5\x16\x61\x70\x6e\x95\xef\x4e\xab\x3f\x01\x00\x00\xff\xff\xdd\x6b\x1b\xcc\xb9\x06\x00\x00")

func apiCatShardsJsonBytes() ([]byte, error) {
	return bindataRead(
		_apiCatShardsJson,
		"api/cat.shards.json",
	)
}

func apiCatShardsJson() (*asset, error) {
	bytes, err := apiCatShardsJsonBytes()
	if err != nil {
		return nil, err
	}

	info := bindataFileInfo{name: "api/cat.shards.json", size: 1721, mode: os.FileMode(0644), modTime: time.Unix(1675080317, 0)}
	a := &asset{bytes: bytes, info: info, digest: [32]uint8{0x40, 0x61, 0x29, 0xfb, 0x62, 0xa7, 0x52, 0xff, 0xef, 0x7e, 0x7b, 0x58, 0xc, 0x84, 0x75, 0x2, 0xf2, 0xa1, 0xad, 0x53, 0xe6, 0x6b, 0x1c, 0x2, 0x6a, 0x87, 0xdc, 0xe1, 0xdb, 0x6b, 0x41, 0x21}}
	return a, nil
}

var _apiCatSnapshotsJson = []byte("\x1f\x8b\x08\x00\x00\x00\x00\x00\x00\xff\xb4\x94\x41\x8f\xd3\x3e\x10\xc5\xef\xfd\x14\x23\x9f\xbb\xf1\xbd\xb7\xbf\xfe\xac\xb8\x71\x00\xc4\x05\xa1\x6a\xea\x4c\x6a\x23\xdb\x63\xd9\x93\x96\x6a\xd5\xef\x8e\x9c\xa4\x6d\x16\x9a\x0a\xb4\xe2\x94\x74\x3c\x79\xf3\xd3\x7b\xe3\xbe\xac\x00\x94\x41\x69\x4a\xc4\x54\x2c\x4b\x51\x1b\xa8\x45\x00\xd5\xb2\xe9\x03\x45\x41\x71\x1c\xd5\x06\x94\x15\x49\x1b\xad\x8f\xc7\x63\x43\x1e\x8b\x38\xd3\x18\xd6\xfb\xde\xb5\xa4\x29\xea\xa9\x56\x08\xb3\xb1\x3a\x53\x47\x99\xa2\x21\x1d\xb0\x08\x65\x6d\x50\x9e\xae\x53\x1a\x2b\xc1\xab\xf5\x38\x28\x90\x58\x6e\xeb\xe4\xaf\xea\xfd\xf3\x67\xf5\x6d\xaa\xf7\xd9\x5f\x69\x00\x54\x42\xb1\x15\x43\x6f\x0d\x8a\xbe\x01\xaf\xe7\x0d\x83\xca\x54\x80\xe5\xde\xdf\x8f\xf4\x4b\xa6\xc4\xc5\x09\xe7\xd3\xf9\x82\x30\x88\xe6\x99\x29\x43\xe9\xd6\xf8\xaa\x0e\xa0\xe4\x94\x48\xc1\x06\x94\x77\x45\x66\xc3\xaa\x9b\x54\x4c\x76\xe9\xe2\xe5\x07\x0c\x04\xdc\xc1\x4d\x0b\xba\xcc\x01\x8e\xd6\x19\x0b\xc2\xd0\x91\xd4\x17\x4b\x70\x41\x04\x17\x3b\xce\x61\x8c\xe3\x2a\x7d\x9e\xde\xce\x73\x62\x0c\xbf\x20\x8f\x1f\x2e\xe2\x16\xc9\x2e\xee\x97\x81\x6b\x0f\x42\xb1\x9c\x05\x0e\x94\x8b\xe3\x58\xe1\x2b\xdd\x7f\xc6\x50\x12\xb0\x84\x2d\xe5\x35\x50\xb3\x6f\xe0\x7b\xe1\xb8\x86\x13\x06\x3f\xe3\x9c\x59\xef\xf6\x91\x33\x6d\xfb\x88\x07\x74\x1e\x77\x9e\xee\x92\x6d\x40\xed\x98\x3d\x61\x7c\x68\xe5\x27\x92\x6a\x98\xe4\x9e\xea\x73\x14\x87\x99\x38\xdc\xcb\x7f\xd0\xe9\xb0\xf7\xd5\x95\x0e\x7d\xa1\xbb\xa8\xe3\xf2\x6e\xc5\x05\xe2\x7e\xd9\xc0\x7a\xfe\xd8\xbe\xe7\x1f\xc9\x3b\xe3\x04\x38\x51\x1e\x32\x84\x49\x14\x3a\xce\x60\x38\x46\x32\x63\x99\x61\x9c\x0a\x91\x5b\xba\xef\xa0\x5d\x32\xec\xf1\xe2\x55\x90\xff\x39\x04\x7c\x2a\x54\xd7\x44\xa8\x85\xfa\x45\x0d\xd3\xb0\xef\x43\x84\x88\x81\x4a\x65\x68\x5d\x49\x1e\x4f\x0b\xf3\xc9\xa7\xb7\x64\xf6\x91\xa4\xcf\x11\xaa\xcc\xab\xb5\xfe\xeb\x7c\xca\x3f\x36\x62\x88\x66\xf8\x8d\xde\x61\x19\xad\x29\xf5\x1e\xec\x16\xac\x39\xbc\xc5\x97\x2f\x94\x77\x5c\x08\x02\xb7\xd4\xc0\xbb\x31\x82\x0b\xc1\x78\xc7\xfe\x74\x89\x57\xf3\xe7\x04\xa8\x76\xdc\xd6\x3f\xad\xd8\x7b\xbf\xaa\x67\xe7\xd5\xcf\x00\x00\x00\xff\xff\xd9\x3b\x12\xf8\x02\x06\x00\x00")

func apiCatSnapshotsJsonBytes() ([]byte, error) {
	return bindataRead(
		_apiCatSnapshotsJson,
		"api/cat.snapshots.json",
	)
}

func apiCatSnapshotsJson() (*asset, error) {
	bytes, err := apiCatSnapshotsJsonBytes()
	if err != nil {
		return nil, err
	}

	info := bindataFileInfo{name: "api/cat.snapshots.json", size: 1538, mode: os.FileMode(0644), modTime: time.Unix(1675080317, 0)}
	a := &asset{bytes: bytes, info: info, digest: [32]uint8{0x54, 0x69, 0xb5, 0x70, 0xb, 0x58, 0x7e, 0x35, 0xd4, 0xc8, 0x7f, 0xc4, 0xe0, 0x84, 0xd5, 0x81, 0xc9, 0x6f, 0x1f, 0x9b, 0xd3, 0xe, 0x19, 0x9d, 0xd, 0x2e, 0x3, 0x8b, 0x25, 0xa9, 0x35, 0x6}}
	return a, nil
}

var _apiCatTasksJson = []byte("\x1f\x8b\x08\x00\x00\x00\x00\x00\x00\xff\xb4\x94\x4f\x6f\xd3\x40\x10\xc5\xef\xf9\x14\x4f\x7b\x01\xa4\xd4\x16\x57\x73\xaa\x28\x42\x48\x9c\x00\x71\x41\x55\x3a\xd9\x1d\xc7\x0b\xfb\xc7\xda\x1d\x37\x8a\x50\xbf\x3b\x5a\xdb\x6d\xdd\x92\x54\x15\x7f\x4e\x51\x76\x66\xdf\xfc\xf2\xde\x64\x7f\xae\x00\xa5\x49\x2a\xa1\xfc\x23\xab\x06\xe5\x00\x50\x26\xea\xc1\x73\x10\x12\x1b\x83\x6a\xa0\x3a\x91\xbe\xa9\xeb\xfd\x7e\x5f\xb1\xa3\x2c\x56\x57\x3a\xd6\xbb\xc1\x1a\xae\x39\xd4\xf3\x59\x66\x4a\xba\xab\x13\xb7\x9c\x38\x68\xae\x3d\x65\xe1\x54\x8f\xea\x55\x27\xde\xa9\xf5\x34\xc0\xb3\x74\xd1\x94\x89\xdf\xd4\xfb\x77\x5f\xd4\xe5\x7c\x3e\x24\x77\x47\x01\xa8\x9e\xa4\x2b\xe3\xeb\x8d\x26\x99\x64\x66\x85\xb9\x38\x29\x2c\xcb\x97\x8b\x7a\x92\xbc\x50\xbb\x59\x56\xc8\x2f\x4b\x80\x6a\x63\xf2\x24\x0f\xce\x00\x25\x87\x9e\x15\x1a\xa8\x2c\xc9\x86\xdd\xdd\xf0\xc9\x25\xce\x3a\xd9\x7e\xf4\xa8\xf4\x10\x72\x17\x93\xe0\x9a\x53\xb6\x31\x20\xb6\x90\x8e\x71\xae\x35\xf7\x82\x8e\xc9\x70\x5a\x83\xab\x5d\x85\xef\x39\x86\x35\x0e\xe4\x9d\xba\x53\xbc\xb9\x17\x57\x21\x1a\xde\x58\x73\x14\xa7\x81\x72\x36\xcb\x69\x96\x06\xea\x1c\x3a\x7a\x4f\x67\x99\xcb\x6f\x15\x36\x28\x57\x0a\x51\x51\xc6\x87\x8b\x8c\x98\x10\xc8\x73\x86\x44\x38\xeb\xad\x8c\xb0\x89\x65\x48\x81\x0d\x6c\x98\x1c\xb1\x31\xbc\xc1\x90\x19\x57\x1b\x17\x35\xb9\xab\xd2\x3f\x75\x2d\x7b\xd0\xa6\xe8\x47\x85\x71\xc0\x21\x0e\x2f\x12\x43\xc7\x10\x58\x8b\x0d\x3b\x48\x5c\xc3\x31\x5d\x33\xd8\xf7\x72\x28\x2a\x3b\x96\xdf\x25\xc8\xb9\x51\x22\x1f\x37\x86\x74\x69\xcd\xff\xc1\x98\x59\x19\xd2\x91\x94\x20\x07\x67\xb0\xbd\x37\xa4\xc2\xc7\x87\xf4\xb3\x07\xe4\x5c\x75\x1c\xd5\xb0\x90\x75\x7c\x32\xc4\x6d\x8c\x8e\x29\x3c\x89\xfb\x69\x1a\x72\x2b\x85\xb2\xe3\x0f\x3c\x7b\x69\xb8\xa5\xc1\x49\x83\x96\x5c\xe6\x57\xc7\x51\x7a\x4a\x1c\x64\x53\x6e\x9f\xdc\xf0\x30\xf8\x2d\xa7\xa7\x37\x7c\xc6\x19\xff\x69\xd8\x5b\xe9\x90\x7b\xd6\xb6\xb5\x6c\x30\xcd\x98\x09\x4d\x85\xcf\x2c\xc5\xa6\xb3\xd7\xcf\x32\xab\x7b\xc4\xf5\x54\xa6\x47\xc0\xde\x9e\x08\x55\x47\x37\xf8\x70\xbf\xe8\xc6\xe6\xde\xd1\xe1\x04\x03\xbb\xfe\x1f\x84\x55\x64\x96\x19\x3d\xbe\x33\xe6\xa5\xe6\xc0\x8e\x82\xfc\xe1\x7a\x3f\xdb\x88\x98\x6e\xbf\x93\xb3\x94\x27\x6b\x72\x79\xba\xb6\x27\xac\xb9\xfe\x1b\x5f\xbe\x72\xda\xc6\xcc\xf0\xd1\x70\x85\x8b\x29\x82\x5b\x82\xe9\x59\xcc\xcf\x34\x69\xb5\xfc\x9c\x01\xd5\x36\x9a\x83\x6a\x10\x06\xe7\x56\xa5\x76\xb3\xfa\x15\x00\x00\xff\xff\x87\x23\x7c\x5d\xd8\x06\x00\x00")

func apiCatTasksJsonBytes() ([]byte, error) {
	return bindataRead(
		_apiCatTasksJson,
		"api/cat.tasks.json",
	)
}

func apiCatTasksJson() (*asset, error) {
	bytes, err := apiCatTasksJsonBytes()
	if err != nil {
		return nil, err
	}

	info := bindataFileInfo{name: "api/cat.tasks.json", size: 1752, mode: os.FileMode(0644), modTime: time.Unix(1675080317, 0)}
	a := &asset{bytes: bytes, info: info, digest: [32]uint8{0xf2, 0x37, 0x27, 0xc9, 0xb9, 0x68, 0x72, 0x77, 0x56, 0xd5, 0x6e, 0xed, 0x38, 0xc1, 0xac, 0xc0, 0x97, 0x62, 0x73, 0x98, 0x9b, 0x85, 0xf7, 0x22, 0xf, 0x22, 0x27, 0x2f, 0x1f, 0xb9, 0x1d, 0xa2}}
	return a, nil
}

var _apiCatTemplatesJson = []byte("\x1f\x8b\x08\x00\x00\x00\x00\x00\x00\xff\xb4\x93\xc1\x6e\xdb\x3c\x10\x84\xef\x7e\x8a\x01\x4f\xff\x0f\x38\xd2\x5d\xb7\xa0\x0d\x7a\x2f\x8a\x5e\x8a\x22\x58\x53\xab\x88\x05\xc9\x15\xc8\x55\x52\x23\xf0\xbb\x17\x94\x14\x5b\x4d\x6c\xb7\x40\xd0\x93\xed\xe5\xee\xce\xe7\x19\xf2\x79\x03\x18\x4b\x5a\x29\x87\xc1\x93\x72\x36\x0d\x4a\x11\x30\xad\xd8\x31\x70\x54\x52\x27\xd1\x34\x30\xbd\xea\xd0\xd4\xf5\xd3\xd3\x53\xc5\x9e\xb2\x3a\x5b\x59\xa9\x1f\x46\xd7\x72\xcd\xb1\x5e\x6a\x99\x29\xd9\xbe\x4e\xdc\x71\xe2\x68\xb9\x0e\x94\x95\x53\x6d\x49\x6f\x8e\x2a\x55\xaf\xc1\x9b\xed\x2c\x14\x58\x7b\x69\x8b\xf2\x37\xf3\xe9\xee\x8b\xf9\xbe\xd4\xc7\xe4\x8f\x34\x80\x19\x48\xfb\x82\x51\xdf\x5b\xd2\xfa\x04\xbc\x5d\x37\xcc\x5b\xde\xb4\xbc\x99\xaa\x9f\x23\x05\x3e\xbc\x68\x4d\xd3\x49\xf3\x4a\x0f\x30\xa5\xe5\xb7\x0a\x60\x74\x3f\xb0\x41\x03\x93\x35\xb9\xf8\x70\x54\x9f\x2d\xe3\x6c\x93\x1b\x26\xc3\x4a\xcf\x2d\x06\x52\xe5\x14\xa1\x3d\x29\x12\xeb\x98\x22\xb7\x78\xc1\x40\x51\xc8\x08\x63\x56\x04\x52\xdb\x9b\xe3\xb6\xc3\xf2\xed\xb0\x06\xa4\xf0\x8a\xb0\x93\x14\x48\xdf\xc5\x48\xc8\xbd\x24\xc5\x23\xa7\xec\x24\x42\x3a\x68\xcf\xb8\xb5\x96\x07\x45\xcf\xd4\x72\xda\x82\xab\x87\x0a\x3f\xb2\xc4\x2d\xf6\x14\xfc\x8a\xf3\xb4\xdc\x78\xb1\xe4\x2f\xc2\xec\x44\x3c\x53\xbc\x4e\xf3\x79\xb2\x08\xd3\x26\xb8\x38\xff\x3f\x57\x64\x5b\x41\x94\xc9\xc3\xe4\xf8\x91\x27\xc8\xac\xc5\xc4\x2e\x49\xc0\x7c\xcb\x10\xa5\x65\xfc\xd7\x72\x47\xa3\xd7\x06\x1d\xf9\xcc\xff\x9f\xa7\x9d\x27\xee\xd5\x05\x96\xf1\xb2\x87\xe5\xfc\x3a\xf3\xdd\xcf\xc1\x3b\xeb\x14\x32\x70\x9a\x68\xb1\x2c\x45\x27\x09\x56\x62\x64\x3b\x97\x65\xcd\x79\x1e\xab\x3f\x4b\xd2\xc0\x78\x97\xf5\x3a\xc8\x07\x09\x81\x6e\x32\x97\x9b\xa2\xdc\xa2\x4c\x94\x3c\xad\xf8\x31\xc4\xe5\xb2\xa9\xa0\x75\x79\xf0\xb4\xbf\xa0\xcf\x7e\xb8\x84\xf0\xc7\x08\x4f\x09\x96\x35\xeb\x00\x5f\xcf\x4c\x01\x99\x25\xa1\xb3\x20\xf9\x1f\x1b\x31\x45\x33\xfd\x26\xef\x28\xcf\xd6\xe4\xf2\x14\x76\x17\xac\x79\x7c\x8f\x2f\x5f\x39\xed\x24\x33\x82\xb4\x5c\xe1\xe3\x1c\xc1\x0b\xc1\xfc\xcc\xf2\x5f\x9a\xb4\x59\x7f\x2e\x80\x66\x27\xed\xde\x34\x88\xa3\xf7\x9b\x72\x76\xd8\xfc\x0a\x00\x00\xff\xff\xe5\x99\x80\x5d\xdd\x05\x00\x00")

func apiCatTemplatesJsonBytes() ([]byte, error) {
	return bindataRead(
		_apiCatTemplatesJson,
		"api/cat.templates.json",
	)
}

func apiCatTemplatesJson() (*asset, error) {
	bytes, err := apiCatTemplatesJsonBytes()
	if err != nil {
		return nil, err
	}

	info := bindataFileInfo{name: "api/cat.templates.json", size: 1501, mode: os.FileMode(0644), modTime: time.Unix(1675080317, 0)}
	a := &asset{bytes: bytes, info: info, digest: [32]uint8{0x6a, 0x28, 0xc7, 0xf, 0xb1, 0x64, 0x1e, 0x63, 0xf1, 0xfd, 0xef, 0x97, 0xf, 0xa, 0x45, 0x1, 0xcb, 0x10, 0xad, 0x35, 0x17, 0x7, 0x78, 0x58, 0x1e, 0xe6, 0xeb, 0xcf, 0x5, 0x40, 0xe2, 0xb}}
	return a, nil
}

var _apiCatThread_poolJson = []byte("\x1f\x8b\x08\x00\x00\x00\x00\x00\x00\xff\xa4\x94\xc1\x6e\xdb\x30\x0c\x86\xef\x79\x0a\x42\xa7\x0d\x48\xe2\xbb\x6f\xc5\x56\xec\x3e\x14\xbb\x0c\x45\xc0\xc8\x74\xac\x4d\x12\x05\x89\x4a\x9a\x15\x79\xf7\x41\xb6\xdb\xba\x9d\x9d\x15\xdb\x45\x89\x69\x8a\xfa\xf8\xff\xa2\x1f\x57\x00\x4a\xa3\x6c\xa5\x8b\x84\xcd\x2e\x30\x5b\x55\x43\x09\x03\xa8\x86\x75\x76\xe4\x05\xc5\xb0\x57\x35\xa8\x4e\x24\xd4\x55\x75\x3a\x9d\xb6\x64\x31\x89\xd1\x5b\xcd\xd5\x21\x9b\x86\x2a\xf2\xd5\x18\x4b\x84\x51\x77\x55\xa4\x96\x22\x79\x4d\x95\xc3\x24\x14\x2b\x8d\xb2\x19\xce\xd9\x94\x73\xb6\x9d\x38\xab\xd6\xc3\x51\x8e\xa4\xe3\x26\xa9\x1a\xbe\xab\x2f\xb7\x77\xea\x7e\x8c\xe7\xf8\xc2\x03\xa0\x02\x4a\x57\x40\xaa\x9d\x46\xa9\xa6\xd0\xeb\x69\xca\x50\x67\x26\xe9\xcf\x58\xf5\x38\x79\xd8\x05\x14\xa1\xe8\xd3\xe5\x09\xa0\x2f\x18\x25\x4d\x20\x00\xd4\xdc\x96\x57\x19\x25\xe7\x1c\xa8\xa0\x5a\x93\xe4\x99\x6e\x90\x95\x92\x8e\x26\x3c\x89\x7a\x03\x9a\x9d\xc3\x4d\xa2\x80\x11\x85\x1a\x28\x5b\x80\x5b\x88\x74\xc8\x16\xe3\x86\x1e\x42\xa4\x94\x0c\xfb\x04\xc2\xd0\x1a\x2b\x14\x41\x3a\x82\x01\x04\x0a\x48\x02\xe3\xfb\x18\x67\x09\x59\xd4\xf3\x89\x97\xf1\xdf\x65\xda\x11\xba\x37\x2d\xb5\x1c\x1d\xca\x6c\x13\x50\x83\x4a\x12\x8d\x3f\x2c\xf7\x51\x72\x10\x52\xc7\x51\xe0\x48\xb1\xb0\x96\x0e\x0a\xcf\x8d\xd6\x14\x04\x3a\xc2\x86\xe2\x1a\x68\x7b\xd8\xc2\x8f\xc4\x7e\x0d\x67\x74\x76\xc2\xf9\x52\x5c\x25\xf3\x8b\x96\x04\x25\x9f\xdd\x75\x90\xbb\x8e\xc0\x65\x2b\x26\x58\x43\xb1\xe8\x72\xea\x8c\xee\x8a\x76\x8d\x49\xc1\xe2\x19\x8e\x68\x33\xa5\xd7\x65\xb8\xaf\xd0\xdf\x1d\x50\x6a\x0d\xea\x67\x59\x5c\x59\x0e\x65\x91\xb2\x04\x05\xf7\xb3\xc8\x96\x35\xda\x45\xfd\xf6\xcc\x96\xd0\x5f\xe7\xfe\x4a\x92\xa3\x87\xbe\x12\x18\x3f\x58\x62\x8a\x52\x0d\x83\x67\x81\x48\x12\x0d\x1d\xa9\xd7\x35\x09\x0a\x41\x1b\xd9\xc1\x30\x60\xe0\xb9\x21\xf8\xd0\x50\x8b\xd9\x4a\x0d\x2d\xda\x44\x1f\xe7\x05\x1e\x76\xec\xc4\x38\xe2\xbc\x6c\x7b\x79\x7f\x9d\xf9\xf6\x21\x58\xa3\x8d\x00\x07\x8a\x3d\x2d\x8c\x45\xa1\xe5\x08\x9a\xbd\x27\x3d\x84\x79\xca\x39\x8f\xd5\xbd\x21\xb9\x36\x47\x33\x30\x9f\x16\x06\x49\xb3\xcd\xce\x83\x47\x47\x69\x72\x0b\x16\x18\xc8\x86\xa5\xbb\xf7\x57\x1b\x5f\x5c\x2c\x65\xa6\x26\xbe\xdd\xd3\x9b\xa4\x46\x97\xe6\x87\xe0\xdf\x3e\x29\xef\x16\xa2\xb7\xa7\x7f\x46\x6b\x30\x0d\xd2\xa4\x32\xc1\xfb\x05\x69\x8e\xff\xa3\xcb\x37\x8a\x7b\x4e\x04\x8e\x1b\xda\xc2\xe7\x71\x10\x47\x82\xe1\xeb\x90\xde\x29\xd2\x6a\xfa\x3b\x02\xaa\x3d\x37\x67\x55\x83\xcf\xd6\xae\xca\xbb\xcb\xea\x77\x00\x00\x00\xff\xff\xb3\x8a\x70\xaa\xde\x06\x00\x00")

func apiCatThread_poolJsonBytes() ([]byte, error) {
	return bindataRead(
		_apiCatThread_poolJson,
		"api/cat.thread_pool.json",
	)
}

func apiCatThread_poolJson() (*asset, error) {
	bytes, err := apiCatThread_poolJsonBytes()
	if err != nil {
		return nil, err
	}

	info := bindataFileInfo{name: "api/cat.thread_pool.json", size: 1758, mode: os.FileMode(0644), modTime: time.Unix(1675080317, 0)}
	a := &asset{bytes: bytes, info: info, digest: [32]uint8{0xe0, 0x86, 0x7f, 0xe7, 0xc2, 0x75, 0x21, 0x4e, 0x70, 0x18, 0x36, 0xe9, 0xbf, 0xb8, 0xf0, 0x5a, 0x7b, 0x42, 0x10, 0x7a, 0xca, 0x28, 0x31, 0x85, 0xb6, 0x9c, 0xb5, 0x3e, 0x17, 0x7e, 0x84, 0x8d}}
	return a, nil
}

var _apiClear_scrollJson = []byte("\x1f\x8b\x08\x00\x00\x00\x00\x00\x00\xff\x94\x91\x41\x4b\xc4\x30\x10\x85\xef\xfb\x2b\x1e\x73\x76\x37\xf7\xde\x84\xdd\x83\xe0\xd1\x9b\x48\x89\xc9\xd4\x06\x9a\xa6\x26\x53\xcb\xb2\xf4\xbf\x4b\x9b\x58\x2b\x82\xe0\xa9\xe5\xcd\xcc\x7b\x1f\x2f\xb7\x03\x40\xa6\x63\x1d\xeb\x64\x62\xe8\x3a\xaa\xb0\x68\x00\xd9\x60\x46\xcf\xbd\x68\x71\xa1\xa7\x0a\xd4\x8a\x0c\x95\x52\xd3\x34\x9d\xb8\xd3\x49\x9c\x39\x99\xa0\xde\x46\x67\x59\x71\xaf\x8a\x96\x58\x47\xd3\xaa\xc8\x0d\x47\xee\x0d\x2b\xaf\x93\x70\x54\x59\x3f\x46\x7e\x1f\x39\xc9\x31\xa7\x9d\x5a\xf1\x1d\xdd\xe5\x40\xcf\xd2\x06\x9b\xa8\xc2\x33\x9d\x2f\x8f\x97\xa7\x0b\xbd\x94\xd1\x18\xbf\xc1\x00\x1a\xb4\xb4\x0b\x91\xaa\x4b\x5a\x76\x53\xb7\xfc\xad\x9d\x9d\x8b\x69\x59\xce\xa6\x7f\xae\xff\x72\xfb\x0a\x5f\x2d\xa2\xa4\x1d\x00\x40\xdb\xe9\x0f\x19\x20\xb9\x0e\x4c\xa8\x40\x9d\x4b\xb2\x51\xe4\x46\x39\x99\xe8\x86\xb5\xcf\x65\xe3\x1e\x26\x78\xaf\x8f\x89\x07\x1d\xb5\xb0\xc5\x72\x83\xd0\x20\xbb\xe3\xe1\x9c\x20\x01\xeb\xfb\xd0\xe6\x34\x97\xbf\x79\xcf\xa7\xfd\x0a\x98\x67\x65\x42\xaf\xc1\x5e\xf7\xbd\xed\x01\xfe\x9b\x0f\xd7\xa0\x0f\x3d\x63\xd2\x09\x69\x60\xe3\x1a\xc7\x16\x1f\x4e\x43\x5a\xc6\xd6\x07\x56\x18\x16\x2e\xc4\x0b\xd1\x7c\x98\x0f\x9f\x01\x00\x00\xff\xff\x14\x36\x6a\x9e\x6a\x02\x00\x00")

func apiClear_scrollJsonBytes() ([]byte, error) {
	return bindataRead(
		_apiClear_scrollJson,
		"api/clear_scroll.json",
	)
}

func apiClear_scrollJson() (*asset, error) {
	bytes, err := apiClear_scrollJsonBytes()
	if err != nil {
		return nil, err
	}

	info := bindataFileInfo{name: "api/clear_scroll.json", size: 618, mode: os.FileMode(0644), modTime: time.Unix(1675080317, 0)}
	a := &asset{bytes: bytes, info: info, digest: [32]uint8{0x29, 0x38, 0x71, 0x4c, 0x37, 0x48, 0xe4, 0x28, 0x6f, 0xa8, 0x88, 0xf6, 0x54, 0x1f, 0xe5, 0x18, 0xc9, 0x5f, 0x80, 0xc0, 0xc7, 0x7e, 0xa9, 0xa9, 0xed, 0x36, 0x83, 0xb3, 0x44, 0x15, 0x3d, 0xfe}}
	return a, nil
}

var _apiClusterAllocation_explainJson = []byte("\x1f\x8b\x08\x00\x00\x00\x00\x00\x00\xff\xac\x92\x41\x8b\xdb\x30\x10\x85\xef\xf9\x15\x0f\x5d\xd2\x82\x37\xba\xfb\x1e\x7a\x6c\xe9\xe6\x52\xca\x62\x26\xd2\x38\x16\x95\x25\x23\x8d\xc8\xba\x4b\xfe\x7b\x71\xec\x24\x6e\x0b\x7b\xda\x93\x60\xe6\xcd\x7b\x9f\x46\x7a\xdb\x00\xca\xf8\x92\x85\xd3\x8e\xbc\x8f\x86\xc4\xc5\xd0\xf0\xeb\xe0\xc9\x05\x55\x63\x52\x00\xca\x46\x53\x7a\x0e\x72\x6d\xab\x1a\xaa\x13\x19\x6a\xad\xcf\xe7\xf3\x8e\x3d\x65\x71\x66\x67\xa2\x3e\x15\x67\x59\x73\xd0\x4b\x2d\x33\x25\xd3\xe9\xc4\x2d\x27\x0e\x86\x75\x4f\x53\x94\x5e\x22\x9f\x1e\x91\x4f\x4b\xe4\xae\x93\xde\xab\x6a\x4e\xed\x59\xba\x68\xb3\xaa\xf1\x53\x7d\xd9\x1f\x54\x05\xf5\xed\xeb\xf3\x41\xbd\x2c\xfd\x92\xfc\x1d\x11\x50\x03\x49\x37\xb1\xe9\x66\xf1\xd7\x0f\x7f\x7d\xbb\x52\xb5\x56\xcf\xd6\xef\xea\x5f\x56\x03\x49\xa6\x81\xb7\xcb\xba\x44\x7d\x5e\x31\x00\xca\x05\xe3\x8b\xe5\x66\xe4\xdc\x58\x36\x2e\xbb\x18\xfe\x96\x00\x4a\xc6\x81\x27\xd4\x63\x8c\x9e\xe9\x41\x35\x2f\x9b\xb3\x49\x6e\xb8\xad\xfa\x3b\x4b\x49\x01\xdb\x1f\xfb\xe7\x2d\xee\x8e\x70\x01\x57\xc6\x70\xe5\xc5\x27\xcb\x2d\x15\x2f\x35\x5a\xf2\x99\x3f\xab\xbb\xe3\xa5\xfa\x1f\xce\xba\xfc\xab\x71\xa1\x8d\x1f\x00\x36\xd9\xa4\x7e\xa6\xa0\x63\x2c\x82\xc9\x1d\x25\xd3\x89\x41\xc1\x22\x77\x94\x2c\xb2\xfb\xcd\xf9\x3d\xcc\xcd\xfa\x5c\xa0\xd5\x31\xda\x71\xfd\xc6\xff\x20\x1c\x3a\x86\x0b\x96\x5f\xab\x39\xa5\xba\x06\x0e\xc9\xf5\x94\x46\xb4\x9e\x4e\x90\x88\xdb\xdf\xc2\xbe\x1f\x64\x44\xcf\x14\x32\xb6\x4b\x15\xd2\x31\x5a\x97\xb2\xa0\x04\xca\xd9\x9d\x02\x2f\xcc\xdb\x99\x6e\x22\xba\x6c\x2e\x9b\x3f\x01\x00\x00\xff\xff\xdf\xc0\xdb\xd2\x2e\x03\x00\x00")

func apiClusterAllocation_explainJsonBytes() ([]byte, error) {
	return bindataRead(
		_apiClusterAllocation_explainJson,
		"api/cluster.allocation_explain.json",
	)
}

func apiClusterAllocation_explainJson() (*asset, error) {
	bytes, err := apiClusterAllocation_explainJsonBytes()
	if err != nil {
		return nil, err
	}

	info := bindataFileInfo{name: "api/cluster.allocation_explain.json", size: 814, mode: os.FileMode(0644), modTime: time.Unix(1675080317, 0)}
	a := &asset{bytes: bytes, info: info, digest: [32]uint8{0xae, 0x17, 0x71, 0xab, 0x9a, 0x88, 0xdb, 0x47, 0x54, 0x86, 0x74, 0x18, 0xa6, 0x3a, 0xc2, 0x81, 0xbc, 0xd, 0xda, 0xba, 0xca, 0xa, 0xac, 0x5c, 0x99, 0x31, 0x4f, 0x71, 0xed, 0xce, 0x67, 0xa4}}
	return a, nil
}

var _apiClusterGet_settingsJson = []byte("\x1f\x8b\x08\x00\x00\x00\x00\x00\x00\xff\xb4\x92\x31\x6b\xc3\x30\x10\x85\x77\xff\x8a\xe3\xa6\x16\x12\x6b\xf7\x1e\xba\x97\x42\x87\x12\x8c\x22\x9d\x63\x81\x2c\x19\xe9\x44\x1a\x4a\xfe\x7b\x51\x2c\x3b\xa6\xb8\x53\xe9\x64\xb8\x3b\xde\xfb\xf4\x9e\xbf\x2a\x00\x54\x36\x45\xa6\x50\x9f\x89\xdb\x48\xcc\xc6\x9d\x23\x36\x90\x77\x00\xa8\xbd\x4a\x03\x39\x96\x6c\xbc\xc3\x06\xb0\x67\x1e\x1b\x21\x2e\x97\x4b\x4d\x56\x46\x36\xaa\x56\x5e\x9c\x93\xd1\x24\xc8\x89\x32\x8b\x24\x83\xea\x45\xa0\x8e\x02\x39\x45\x62\x90\xd9\x44\x14\xb3\x7d\x1a\xb5\x64\xda\xcf\x7e\x75\xcf\x83\xc5\xdd\x64\x39\x10\xf7\x5e\x67\x86\x0f\x7c\x39\xbc\xe1\xb1\xcc\x53\xb0\x0b\x17\x00\x8e\x92\xfb\x0c\x24\xda\x22\x2a\x16\xfa\xdd\xfa\x66\x12\xda\xb8\x3a\xae\xce\x02\xdf\xdf\x7c\x5b\x8f\xe4\x10\x57\x7e\x00\xd8\x59\xb9\x11\x51\x59\xf2\x75\xa4\x8c\x73\xf2\xde\x92\x74\x0b\xc3\x94\x22\x45\x15\xcc\x38\x67\xf8\x4a\x9c\x82\x83\x59\x0a\x8c\x83\xac\x0d\x9d\x0f\x83\x64\x78\xd2\xd4\xc9\x64\xb9\x81\x4e\xda\x48\xcf\xb8\x48\xdd\x1e\xaa\x38\x25\xda\xb2\x19\xc8\x27\xde\xc4\x81\x06\x30\xef\x7f\x87\xc9\x17\x87\xcf\xd1\x1a\x65\x18\xfc\x48\xe1\xde\x33\x14\xd1\x0c\x04\xca\x3b\x47\x6a\x1a\x7b\x98\x5c\xc1\x79\x4d\xdb\x58\xff\xc9\xb3\xed\x68\x9c\xb2\x49\x53\x5b\x52\xfb\x53\x33\xef\x3d\x71\x4f\x21\xbf\x34\x4c\x25\x49\x6b\xa1\x28\x43\xf9\x85\xe2\xdc\x5c\xfd\x53\xeb\x7e\x86\xa5\xb7\x07\x6c\xb5\xfe\x16\x74\x3c\x79\x7d\xc5\x06\x5c\xb2\xb6\xca\xbb\x5b\xf5\x1d\x00\x00\xff\xff\x5b\x44\x91\x5c\x8f\x03\x00\x00")

func apiClusterGet_settingsJsonBytes() ([]byte, error) {
	return bindataRead(
		_apiClusterGet_settingsJson,
		"api/cluster.get_settings.json",
	)
}

func apiClusterGet_settingsJson() (*asset, error) {
	bytes, err := apiClusterGet_settingsJsonBytes()
	if err != nil {
		return nil, err
	}

	info := bindataFileInfo{name: "api/cluster.get_settings.json", size: 911, mode: os.FileMode(0644), modTime: time.Unix(1675080317, 0)}
	a := &asset{bytes: bytes, info: info, digest: [32]uint8{0x94, 0xf4, 0x50, 0x1e, 0xa2, 0xd3, 0x44, 0xa5, 0xea, 0xf3, 0xb, 0x8b, 0x86, 0x15, 0x68, 0x30, 0x4c, 0x30, 0xe1, 0x2, 0x43, 0x5d, 0xea, 0xe, 0x32, 0xb5, 0xc6, 0x73, 0x83, 0x2a, 0x44, 0xa1}}
	return a, nil
}

var _apiClusterHealthJson = []byte("\x1f\x8b\x08\x00\x00\x00\x00\x00\x00\xff\xbc\x95\xcf\x6e\xdb\x30\x0c\xc6\xef\x79\x0a\x42\xa7\x0d\xc8\xe2\x7b\xee\xc5\x2e\x3b\x6d\x03\x7a\x28\x86\x40\x91\xe9\x98\x80\x4c\x79\x14\x95\x34\x2b\xf2\xee\x83\x64\x37\x75\x97\x7f\x45\x81\xee\x64\x43\x96\xf9\xfd\x48\x7d\xa4\x9e\x66\x00\xc6\xf9\x14\x15\x65\xd1\xa2\xf5\xda\x9a\x25\xe4\x55\x00\x53\x07\x97\x3a\x64\xb5\x4a\x81\xcd\x12\x4c\xab\xda\x2f\xab\x6a\xb7\xdb\x2d\xd0\xdb\xa8\xe4\x16\x2e\x54\x9b\x44\x35\x56\xc8\xd5\xb8\x16\xd1\x8a\x6b\x2b\xc1\x06\x05\xd9\x61\xd5\xd9\x1c\xbe\x1a\x65\xbe\x0c\x32\x8b\x56\x3b\x6f\xe6\x83\x52\x87\xda\x86\x3a\x9a\x25\x3c\x98\xaf\x77\x3f\xcd\xaf\x71\x3d\x89\x3f\xe2\x00\x98\xde\x16\x3c\x53\xad\xc6\x58\xd5\x88\x3c\x9f\xee\x18\xc2\x9c\xee\x39\xfd\xaf\x7a\x22\xae\xf1\xf1\xf0\xac\x57\x02\x88\xc6\x89\x26\x80\x29\x7b\x5e\x2d\x01\x18\xdd\xf7\x68\x60\x09\xc6\x53\xd4\xa3\xfe\x50\x36\x8c\x4e\xa8\x2f\x45\xcb\x3b\xbe\x51\x47\x0a\xda\x22\x10\x37\x41\xba\x52\x4e\x10\xd4\x24\x8c\x35\x68\x00\x0b\xb1\x47\x47\x0d\x39\x18\xc4\x8e\xe1\x0e\xe3\xdb\x61\x0a\x68\xbb\x7f\x08\x3d\x6e\xd1\x5f\x24\x44\x4e\xdd\x6b\xc2\x50\xe0\x62\xfe\xfa\xf0\x7c\xfa\x66\x9e\x13\x25\x87\xd1\xcc\x4d\x6c\xad\xd4\xf1\xa5\x2c\x63\x5e\x8d\x4d\x5e\x4b\xcc\xe3\x4f\xd7\x12\xff\x51\x92\xda\x97\xd4\x0b\x22\x84\x06\x6a\x54\x4b\x1e\x9a\x20\x2f\x25\x98\xd4\x65\x92\xfa\x7c\x92\x60\x70\xf6\x72\x82\xeb\x10\x3c\x5a\xbe\x0e\xf3\xbd\x88\x41\x89\x34\x15\x9c\x43\x1d\x80\x83\x66\x1a\x21\xdc\x62\xc1\x8d\x6a\x15\xa1\x91\xd0\xc1\xe0\x5e\xe0\x50\x23\x7c\x1a\x6b\xb0\x84\xc6\xfa\x88\x9f\xcf\xd3\x0e\x7f\xac\x94\x3a\x0c\x49\x2f\x62\xe7\xef\xd7\x99\xef\x1e\x7b\x4f\x8e\x14\x42\x8f\x32\xd8\x66\x0c\x5a\xea\xe7\x02\x33\xba\x61\x39\x4c\x39\xcf\x63\x7d\x24\xcf\x79\xc5\x9d\x25\x5d\x35\x41\x56\xd6\x29\x6d\x71\x35\xda\xea\x12\x40\x54\x21\xde\x5c\x47\xb8\xb7\xa4\x90\x58\xc9\x0f\xe7\x34\xf4\x0d\xd6\xc0\xa9\x5b\xa3\x64\x87\x0d\x2a\x40\x11\x06\xd9\x1b\x6c\xb9\x60\x1f\xce\x54\x44\x0a\xd2\xd6\x92\xb7\x6b\x7f\x8b\x0a\xb7\xc8\x7a\x19\xeb\x46\x4f\x53\xd7\x61\x4d\x56\x31\x4f\xbd\x24\x1b\x64\xcd\x6f\x2d\x6d\xca\x1c\xe4\x6c\x7e\x9f\xdf\x7c\xd8\x95\x87\xe5\x3c\xc5\x4f\x1a\xfe\x62\x9e\xd6\x7b\x70\x49\x04\x59\xfd\x1e\x7e\x27\x4c\x58\xc3\xc0\x0c\x3b\xd2\xb6\x14\x62\x43\x5b\x64\xe8\x85\x82\x90\xee\xc1\x0a\x42\x2f\xc1\x61\x8c\x58\xdf\x3c\x94\x95\x60\xee\x55\x25\xde\xdc\xf2\xcd\x9b\xfa\xff\xbe\x45\x6d\x51\x72\xa7\xec\x5e\x9d\x97\x60\x21\xe3\x00\x2f\x8a\x47\x0f\x71\x49\xe4\x79\xda\xdd\x64\x26\x26\x25\xeb\xe9\xcf\x7f\xa4\x9e\x6a\xbe\x8b\x3b\xcf\xba\xf4\x6e\xab\x6d\x04\x91\xcd\xdc\xec\xd1\x17\x33\x19\xc1\x53\x1f\x1d\x2f\x0e\x4e\xde\xbf\xd5\x63\x23\x7d\xee\x1a\xe2\xe9\x1d\x59\x86\xf3\x99\x3b\x72\x36\x49\xd1\xac\x43\xbd\x37\x83\xe0\x2c\x7f\x3b\xcc\xfe\x06\x00\x00\xff\xff\xa9\x4a\x5d\x03\xec\x08\x00\x00")

func apiClusterHealthJsonBytes() ([]byte, error) {
	return bindataRead(
		_apiClusterHealthJson,
		"api/cluster.health.json",
	)
}

func apiClusterHealthJson() (*asset, error) {
	bytes, err := apiClusterHealthJsonBytes()
	if err != nil {
		return nil, err
	}

	info := bindataFileInfo{name: "api/cluster.health.json", size: 2284, mode: os.FileMode(0644), modTime: time.Unix(1675080317, 0)}
	a := &asset{bytes: bytes, info: info, digest: [32]uint8{0x3, 0xb, 0xcb, 0x76, 0x73, 0x93, 0x99, 0xc4, 0xa4, 0x1c, 0x5b, 0x9b, 0x3e, 0x9b, 0xb6, 0x2d, 0xca, 0xc2, 0xe1, 0x9a, 0x24, 0x1e, 0x5c, 0x6c, 0x27, 0xa0, 0xbe, 0x2f, 0xe9, 0x9, 0x8a, 0x5f}}
	return a, nil
}

var _apiClusterPending_tasksJson = []byte("\x1f\x8b\x08\x00\x00\x00\x00\x00\x00\xff\x7c\x90\xc1\x4a\x03\x31\x10\x86\xef\xfb\x14\xc3\x9c\x14\xea\xe6\xbe\x77\xf1\xae\xde\xa4\x94\x34\x99\xed\x06\x93\xcc\x92\x4c\x2c\x45\xfa\xee\x92\x6e\xac\xdb\x43\x3d\x05\xe6\x9f\xcc\xf7\xf1\x7f\x77\x00\x68\x7c\xc9\x42\xa9\x9f\x29\x5a\x17\x0f\x3b\xd1\xf9\x33\xe3\x00\x35\x04\x40\xcb\xa6\x04\x8a\xa2\xc5\x71\xc4\x01\x70\x12\x99\x07\xa5\x8e\xc7\x63\x4f\x5e\x67\x71\xa6\x37\xac\x0e\xc5\x59\x52\x14\x55\x9b\x65\xd2\xc9\x4c\x2a\xd1\x48\x89\xa2\x21\x15\x74\xa5\xa8\x46\x7b\x6a\xb4\x7e\x92\xe0\x71\xb3\xa0\x02\xc9\xc4\xb6\xb2\x3f\xf0\xe5\xf9\x1d\xb7\x6d\x5e\x92\xbf\xfa\x00\xe0\xac\x65\xaa\x22\x6a\xd7\x8e\xa9\x5b\xf5\xcd\x7a\x71\xb9\x76\x6f\x75\xbb\xda\x4d\x92\x57\x94\xf3\x3a\xd1\x61\x1d\x01\xa0\x67\xa3\xfd\xcd\x08\x00\xe5\x34\x53\xf5\xda\x33\x7b\xd2\xf1\xea\xb1\xd4\x48\xd9\x24\x37\xff\x96\xf8\x4a\x52\x52\x84\xcb\x1d\x70\x71\xe4\x14\x2e\x05\x6f\xc0\x32\x44\x16\x48\x24\xc9\xd1\x17\x81\x4c\x04\x59\xb4\x10\x8c\x89\x03\x2c\x35\x42\x64\x4b\xf0\x60\x69\xd4\xc5\xcb\x00\xa3\xf6\x99\x1e\xf1\x0a\x3c\xff\xb1\x71\xf9\xb1\x13\x17\x88\x8b\xdc\x93\xae\xf1\xbf\xc6\x6f\x33\x19\x37\x9e\xa0\xdd\x81\x91\x13\x18\x8e\x91\x4c\xdd\x00\xe1\xa6\xb6\x92\xe8\xd6\x6f\x53\xc2\x3d\xdb\x13\x0e\x10\x8b\xf7\x5d\xcd\xce\xdd\x4f\x00\x00\x00\xff\xff\xd5\xfc\x62\x69\x86\x02\x00\x00")

func apiClusterPending_tasksJsonBytes() ([]byte, error) {
	return bindataRead(
		_apiClusterPending_tasksJson,
		"api/cluster.pending_tasks.json",
	)
}

func apiClusterPending_tasksJson() (*asset, error) {
	bytes, err := apiClusterPending_tasksJsonBytes()
	if err != nil {
		return nil, err
	}

	info := bindataFileInfo{name: "api/cluster.pending_tasks.json", size: 646, mode: os.FileMode(0644), modTime: time.Unix(1675080317, 0)}
	a := &asset{bytes: bytes, info: info, digest: [32]uint8{0xcf, 0x17, 0x73, 0x68, 0xb2, 0xc0, 0x1b, 0xcc, 0x20, 0x18, 0x8a, 0x9, 0x92, 0x70, 0x16, 0x50, 0xd6, 0xcd, 0xc7, 0xdd, 0xc3, 0xcf, 0xc9, 0x9e, 0xde, 0x42, 0xa7, 0x64, 0xc9, 0x96, 0x72, 0x2}}
	return a, nil
}

var _apiClusterPut_settingsJson = []byte("\x1f\x8b\x08\x00\x00\x00\x00\x00\x00\xff\xb4\x92\x31\x6f\xdb\x30\x10\x85\x77\xfd\x8a\x03\xa7\x04\x48\xc4\x5d\x6b\xd1\xbd\x28\xd2\xa9\x08\x6c\x9a\x7c\x8a\x08\x50\x24\x7b\x3c\xc6\x0d\x0a\xff\xf7\x82\x96\x6c\x0b\x85\x3b\x66\x12\x78\x77\x78\xef\xbb\xa7\xfb\xd3\x11\x29\x1b\x6a\x11\x70\x9f\xab\xec\x0a\x44\x7c\x7c\x2b\x6a\xa0\xd6\x23\x52\x2e\xd9\x3a\x23\x8a\x11\x9f\xa2\x1a\x48\x4d\x22\x79\xd0\xfa\x78\x3c\xf6\x08\xa6\x88\xb7\xbd\x4d\xfa\xad\x7a\x07\x8d\xa8\xd7\x5a\x81\x61\x3b\x69\xc6\x08\x46\xb4\xd0\xb3\x69\x26\x7a\x35\x7b\xae\xd9\x19\xc1\xf3\xc5\xaf\x9f\x64\x0e\xea\x69\xb1\x9c\x21\x53\x72\x8d\xe1\xa7\xfa\xf6\xe3\x45\xbd\xae\xf5\xca\xe1\xca\x45\xa4\xb2\x91\xa9\x01\xe9\xdd\x2a\xaa\xaf\xf4\x4f\xdb\x99\x45\xe8\xce\xd4\xeb\x66\x8c\xe5\xbc\xf3\x69\x5b\x32\x73\xd9\xf8\x11\xa9\x31\x98\x3b\x11\xad\x4d\xf9\xc8\x68\x38\x87\x94\x02\x4c\xbc\x32\x2c\x29\xa2\x58\xf6\xf9\x92\xe1\x77\x48\xe5\x48\x17\x29\xf2\x91\x9a\x36\x8d\x89\x67\x23\xf4\xe0\x30\x9a\x1a\x64\xa0\xd1\x84\x82\x47\x75\x95\x3a\xdd\x54\xd5\x92\xe8\x4e\xfc\x8c\x54\xe5\x2e\x0e\x0d\xa4\x5a\xff\xff\x30\x6d\xe2\xeb\xef\x1c\xbc\xf5\x42\x29\x83\xcf\xff\x99\x56\xd1\x06\x44\x36\xc5\x08\xbb\x94\x13\x2d\xae\x14\x93\xc3\x7d\xac\xcf\xe4\xd9\x38\x76\xdb\xef\xea\xaf\x0e\xc9\x7d\x6c\x4f\xe4\x9f\xd8\x5f\x26\xdc\x32\x97\x44\x07\xd0\x72\x87\xae\xa7\x2f\x26\xb6\x37\xbc\x4c\x60\xda\x0b\x9b\x58\x3c\xa2\xec\x29\x31\xed\x33\xb8\xf8\x22\xe7\xf7\x43\xa9\xfc\xee\xdf\x51\x68\xbd\x28\x62\x14\x31\x2c\x8f\xfd\xed\xf0\x18\xbf\xaa\x67\xb8\xb6\x90\x70\x45\x77\x81\x3d\x75\xa7\xee\x6f\x00\x00\x00\xff\xff\x01\xd9\x58\x39\x77\x03\x00\x00")

func apiClusterPut_settingsJsonBytes() ([]byte, error) {
	return bindataRead(
		_apiClusterPut_settingsJson,
		"api/cluster.put_settings.json",
	)
}

func apiClusterPut_settingsJson() (*asset, error) {
	bytes, err := apiClusterPut_settingsJsonBytes()
	if err != nil {
		return nil, err
	}

	info := bindataFileInfo{name: "api/cluster.put_settings.json", size: 887, mode: os.FileMode(0644), modTime: time.Unix(1675080317, 0)}
	a := &asset{bytes: bytes, info: info, digest: [32]uint8{0x8d, 0x76, 0x10, 0xc2, 0x53, 0xfc, 0x9b, 0xb6, 0xda, 0x49, 0x22, 0xe9, 0xb5, 0x4a, 0x3e, 0x8c, 0x51, 0x2f, 0x60, 0xa1, 0xb8, 0x3, 0xc7, 0xf6, 0x1a, 0x34, 0x6a, 0x58, 0xf2, 0x9d, 0xb3, 0x17}}
	return a, nil
}

var _apiClusterRemote_infoJson = []byte("\x1f\x8b\x08\x00\x00\x00\x00\x00\x00\xff\x54\x8e\xcd\x6a\x43\x21\x10\x85\xf7\xf7\x29\x86\x59\x27\x77\xf6\xee\x4b\x5f\xa0\xbb\x12\x82\xd5\x49\x15\xfc\x09\x3a\x72\x29\xc1\x77\x2f\x46\x29\xe9\xf6\x9c\xc3\xf9\xbe\xc7\x06\x80\x26\xb4\x2a\x5c\xf6\xc2\x31\x0b\x5f\x7d\xba\x65\x54\x30\x2a\x00\xb4\xd9\xb4\xc8\x49\xb4\xf8\x9c\x50\x01\x3a\x91\xbb\x22\x3a\x8e\x63\xe7\xa0\xab\x78\xb3\x9b\x4c\xdf\xcd\x5b\x26\x4e\xb4\xb2\xca\xba\x18\x47\x85\x6f\x5c\x38\x19\xa6\xa8\x07\x83\x16\xeb\x3c\x59\xe7\xc1\xda\x9d\xc4\x80\xa7\x89\x8b\x2c\x2e\xdb\x8a\x0a\x3e\xf1\xfd\xed\x03\x2f\x2b\x6f\x25\xfc\x39\x01\xe0\x5d\x8b\x1b\x32\x74\x9d\x47\xf4\x94\x3e\xbd\xd6\xf3\xe3\xff\xe0\xf2\xb2\x28\x3a\x8e\xc9\xa3\x3f\xa3\xbe\x38\x5f\xd9\xfe\xa0\x82\xd4\x42\xd8\x00\xfa\xd6\xb7\xdf\x00\x00\x00\xff\xff\x98\x1e\x63\xdf\x23\x01\x00\x00")

func apiClusterRemote_infoJsonBytes() ([]byte, error) {
	return bindataRead(
		_apiClusterRemote_infoJson,
		"api/cluster.remote_info.json",
	)
}

func apiClusterRemote_infoJson() (*asset, error) {
	bytes, err := apiClusterRemote_infoJsonBytes()
	if err != nil {
		return nil, err
	}

	info := bindataFileInfo{name: "api/cluster.remote_info.json", size: 291, mode: os.FileMode(0644), modTime: time.Unix(1675080317, 0)}
	a := &asset{bytes: bytes, info: info, digest: [32]uint8{0x21, 0xf0, 0x17, 0x90, 0xbe, 0x84, 0x14, 0x7f, 0x70, 0x62, 0xba, 0x94, 0xd2, 0xf5, 0x94, 0xb, 0x48, 0x8f, 0x89, 0x50, 0xe0, 0xde, 0x19, 0x8b, 0xc7, 0x1c, 0xda, 0x99, 0x27, 0xdc, 0x63, 0xbe}}
	return a, nil
}

var _apiClusterRerouteJson = []byte("\x1f\x8b\x08\x00\x00\x00\x00\x00\x00\xff\xb4\x94\x4f\x6f\xdb\x38\x10\xc5\xef\xfe\x14\x03\x9e\x76\x01\xaf\x75\xd7\x79\xf7\xb6\x40\x8b\x26\xb7\x22\xb0\x47\xe4\x53\x44\x94\x7f\x54\x72\x18\x47\x28\xfc\xdd\x0b\x4a\x8a\xab\xb4\x4e\x2f\x41\x4f\x62\x66\x26\xef\xfd\x38\x33\xf4\xb7\x1d\x91\xd2\xae\x64\x41\x3a\x24\xa4\x58\x04\xaa\xa5\x1a\x26\x52\x26\xea\xe2\x11\x84\xc5\xc6\xa0\x5a\x52\x83\xc8\xd8\x36\xcd\xf9\x7c\x3e\xc0\x71\x16\xab\x0f\x3a\x36\x8f\xc5\x1a\x34\x08\xcd\x1a\xcb\xe0\xa4\x87\x26\xa1\x47\x42\xd0\x68\x3c\x57\xfd\x66\xf5\xf9\x67\xf5\x39\x0c\xe2\x9d\xda\x2f\x56\x1e\x32\x44\x93\x55\x4b\x9f\xd5\xc7\x0f\x77\xf7\xea\x61\x4d\x94\xe4\xae\x40\x44\x6a\x64\x19\x2a\x49\x73\x5c\xd5\x9a\x17\xea\xfd\xb6\x64\x11\xfa\xb5\xe8\x61\x53\x95\x24\x6f\x94\x2f\xdb\x0c\xfb\x6d\xaa\x76\x22\x4d\xc7\x54\xc2\xab\x20\x91\x92\x69\x84\xa2\x96\x54\x17\xa3\x03\x87\x2b\xc4\xf2\x4f\xc8\x3a\xd9\x71\x6e\x5e\x2d\xba\xb3\xbe\x38\x16\x90\x0c\xa0\x38\x22\xcd\x7d\xa5\x18\xdc\x44\x1c\x0c\x25\x48\x49\x61\xce\x26\xe4\xe2\xc4\x86\x47\xca\xc2\x02\x75\x95\xbd\xfc\x70\x50\x78\x1e\x1d\xdb\x77\x42\x7d\x5a\x4c\x39\xd0\x2c\x17\x56\xa6\x9e\xce\xc3\x34\xa3\xe8\xe8\x3d\x07\x93\x49\x73\xa0\x98\xea\x27\x44\xa1\x0e\x84\x67\xe8\x22\x30\xb7\xe9\x12\x24\x4d\xc7\x9e\xad\x83\x79\x37\x62\xb2\xc8\xc4\xce\x45\x7d\xe5\xcb\x03\x27\x93\x49\x06\x16\xe2\x04\xea\x5c\xd4\x5f\x60\xc8\x14\x90\x44\x92\x18\xc9\x73\x98\x28\x97\x2e\xe3\x6b\x41\x90\xad\x40\xe5\x2a\x09\xf9\x36\xbb\xaf\x8e\xfa\x26\x75\x4b\xca\xd9\x2c\xaf\x89\xe3\x0c\xbb\x2c\xdd\x91\x9d\x53\x7b\x52\x33\x4f\xae\x27\x0f\x61\xc3\xc2\xf5\x1c\xa2\xc1\x1c\xac\xfb\x68\xc3\xe3\x51\xb8\x73\x98\xab\xe6\x47\x72\xac\x05\xf5\xcf\x27\xa4\x5c\x1b\xf0\xf0\x66\x6b\x5a\x52\xff\x5b\x6f\x65\x9e\x92\x0d\x7d\x4c\x7e\xb9\xdb\xb2\x47\x30\x73\x1b\x06\x50\x1e\xa1\x6d\x6f\x61\x68\xb9\x57\x3e\xd0\xbf\xe8\xb9\x38\xc9\xb5\x84\x9d\xa3\xae\x08\x5d\x31\x6f\xb7\x64\xc1\x13\xeb\x11\x8b\xbc\x39\xd0\x9a\xff\xfd\x34\xff\x7b\x1e\x9d\xd5\x56\x36\x2f\x60\x15\xa5\xbe\xae\x57\x0c\x01\x7a\x09\xd7\x09\x56\x57\x9a\x9b\x72\x13\xeb\x4f\xf2\x6c\x1c\x77\xdb\xef\xea\xaf\xba\x68\xa6\xed\x6f\xd3\xcf\xca\xf7\x03\xc8\xa0\xb7\xc1\xbe\xec\xec\xe9\xe5\x31\x9d\xea\xe5\x46\xa4\x3a\x34\xfa\xeb\xe4\xe3\x13\x4e\x7b\x3a\x69\x0e\x1a\xae\x9e\xd6\x55\xc5\xe9\xef\x85\xa2\x3a\x5f\x76\x97\xdd\xf7\x00\x00\x00\xff\xff\x0c\x9b\x9e\x25\xb1\x05\x00\x00")

func apiClusterRerouteJsonBytes() ([]byte, error) {
	return bindataRead(
		_apiClusterRerouteJson,
		"api/cluster.reroute.json",
	)
}

func apiClusterRerouteJson() (*asset, error) {
	bytes, err := apiClusterRerouteJsonBytes()
	if err != nil {
		return nil, err
	}

	info := bindataFileInfo{name: "api/cluster.reroute.json", size: 1457, mode: os.FileMode(0644), modTime: time.Unix(1675080317, 0)}
	a := &asset{bytes: bytes, info: info, digest: [32]uint8{0x20, 0x88, 0xa4, 0xdc, 0x82, 0x28, 0x86, 0x4e, 0xa8, 0x3a, 0xaf, 0x70, 0xb6, 0xd8, 0x2d, 0x46, 0x48, 0x99, 0xc6, 0x1e, 0xed, 0x36, 0x97, 0x5b, 0x59, 0xc4, 0xec, 0x60, 0x13, 0x6e, 0x58, 0x50}}
	return a, nil
}

var _apiClusterStateJson = []byte("\x1f\x8b\x08\x00\x00\x00\x00\x00\x00\xff\xac\x94\xb1\x8e\x23\x37\x0c\x86\x7b\x3f\xc5\x0f\x55\x1b\xc0\xe7\xe9\x27\x55\x8a\x20\x4d\xaa\xe4\x80\x14\x87\x85\x4f\x96\x38\x3b\x42\x24\x71\x20\x71\xec\x5d\x2c\xf6\xdd\x0f\x92\xc6\xbe\xb9\x5b\xdb\xd8\xe2\xba\x19\x92\xa2\x7e\x7e\xa4\xf8\xba\x01\x94\xf1\x73\x16\x4a\xbb\x2c\x5a\x48\xf5\x28\x46\x40\x59\x36\x73\xa0\x28\x5a\x1c\x47\xd5\x43\x8d\x22\x53\xdf\x75\xa7\xd3\x69\x47\x5e\x67\x71\x66\x67\xb8\x7b\x9a\x9d\xa5\x8e\x62\xb7\xd8\x32\xe9\x64\xc6\x2e\xd1\x40\x89\xa2\xa1\x2e\xe8\x92\xbd\x5b\x6e\xf9\x54\x6f\xd9\x8d\x12\xbc\xda\xb6\x8b\x02\xc9\xc8\x36\xab\x1e\x5f\xd4\x5f\x7f\x7e\x56\x8f\x8b\x7d\x4e\xfe\xa2\x06\x50\x93\x96\xb1\xc8\xe8\xf6\x4b\xaa\xae\x09\xde\xae\x03\x6a\x96\xc5\x80\xdb\xb1\xef\x5d\xdd\x6b\x20\x49\xce\xbc\x7d\x24\xa6\x7b\x75\xd1\xd2\xf3\x9b\x5a\x42\x1f\x57\x1a\x92\xe4\x95\x6a\x40\xd5\xd0\x1f\x4c\x80\x92\x97\x89\x14\x7a\x28\xef\xb2\xac\xae\x2c\xdc\x29\x9b\xe4\xa6\x4a\xbd\x44\xfc\x01\xc3\x21\xe8\x4f\x99\x26\x9d\xb4\x90\x45\x39\x03\x1e\x50\x33\x23\xea\x40\xf9\x77\xcc\x99\xf0\x75\xaf\xbd\xff\x0a\x4e\xa0\x30\xc9\x0b\xb2\x24\x17\x9f\x20\x8c\x89\xd2\xc0\x29\x40\x46\x02\x4f\x94\x6a\x53\xc1\x11\xda\xfb\x92\xc7\x19\xca\xea\xa2\xe2\x6d\xc5\xa0\x95\x5c\x94\x7c\xb4\x00\xae\xda\x73\xf1\x7e\x51\x45\x91\xda\x42\x1d\x3c\x9b\xff\x73\xf9\x0a\x24\xda\x6a\xd1\xe5\x3b\xb2\xa5\x6a\x4c\x3c\x8b\x8b\x4f\x7b\xd1\x07\x4f\x6b\xc3\x25\xa2\x8d\x51\xfd\x2f\xbf\x47\x4a\xb9\x10\x7a\xbc\xcb\xee\x6f\x17\x9c\xd4\xa2\x5d\x2c\xf5\xb7\xb2\x13\xc9\x9c\x22\xd9\x02\xa6\xf8\xf2\x44\xc6\x0d\x8e\x2c\x5a\xb1\x6b\x12\x9b\x9f\x88\x94\x0e\xeb\xf0\x53\x8b\x3d\x1b\xed\xaf\xb6\xb8\x87\x3a\x30\x7b\xd2\xf1\x76\x93\x7b\xa8\x7f\xaa\x22\xd4\x3c\x6b\xa9\x5b\x58\x46\x64\x29\x92\x93\xa3\x23\x35\xbd\x65\x18\x31\x24\x0e\x68\x54\x50\xa8\xe0\xc1\xd2\xa0\x67\x2f\x3d\x06\xed\x33\xfd\x76\xa3\x9f\x8d\xa3\xb8\x40\x3c\xcb\x2d\xd1\xc5\x7d\x57\xf1\xbf\x95\xd9\x0b\x96\x3c\x18\x38\xc1\x70\x8c\x64\x2a\x62\xe1\x45\xda\x75\x11\x83\xd7\xb2\xcf\x24\xa5\xc5\xf9\x17\x80\x3b\xa7\x82\x8b\x28\xb9\xd1\x08\x7e\x10\x89\x7b\x8a\x9c\x68\x3f\x47\x7d\xd4\xce\xd7\x09\xfc\x51\xd2\x7a\xde\xaf\xa9\xba\x32\x79\xff\x8d\x24\x23\xa5\xd5\x6c\x19\x8e\x26\x91\xd0\xf9\xb9\x21\x8f\x3c\x7b\x8b\x03\xa1\x09\xb0\x38\x8d\x14\xb1\x92\x81\x87\xe0\x72\x2e\x4f\xb8\xd0\xf5\x9c\xc9\xde\x28\x41\x7b\xcf\xa7\x7d\xe4\xfd\xf9\x2d\xff\xb2\x02\x84\x17\x79\x70\x03\x34\x4e\xce\x5b\xa3\x93\xbd\x54\x41\xcf\x53\xa2\x9c\xdb\xbb\xca\xec\x8f\x54\xba\x20\x65\x6c\xdf\x95\xbc\xc3\xc3\xe7\xd1\x15\xbf\xf1\xb3\xa5\x7c\x5e\x58\xcb\x9e\xe2\xd4\x08\x44\xbe\x64\x1f\xf5\x91\x70\x20\x8a\xdf\x41\xde\x20\x40\xcf\x93\x8e\x76\x7f\xd6\x97\x55\x7f\x7d\x5f\x51\x9c\xc3\x9d\x7d\xc5\x13\x45\xb5\x55\x0d\xb6\xda\xaa\xc8\x91\xd4\xb6\xf0\x7d\xb7\x6a\xea\x64\xd5\x9c\xed\xd0\xbd\x45\xb4\xa2\xd9\x84\x7e\x07\xb9\x02\x28\xef\x91\x41\x46\x2d\xd0\xa9\xae\xed\xb8\x5d\xa6\xa0\xa0\x3a\xb0\x8c\xbb\x2b\x9b\x6a\xb3\x22\xa3\x0e\x6c\x5f\x54\x8f\x38\x7b\xbf\x29\xbe\xb7\xcd\xb7\x00\x00\x00\xff\xff\x40\x84\x22\x68\xf3\x07\x00\x00")

func apiClusterStateJsonBytes() ([]byte, error) {
	return bindataRead(
		_apiClusterStateJson,
		"api/cluster.state.json",
	)
}

func apiClusterStateJson() (*asset, error) {
	bytes, err := apiClusterStateJsonBytes()
	if err != nil {
		return nil, err
	}

	info := bindataFileInfo{name: "api/cluster.state.json", size: 2035, mode: os.FileMode(0644), modTime: time.Unix(1675080317, 0)}
	a := &asset{bytes: bytes, info: info, digest: [32]uint8{0x90, 0xa3, 0xbe, 0xf7, 0xdf, 0x7a, 0x14, 0x79, 0xb7, 0xb9, 0x22, 0x3f, 0x62, 0x5b, 0xdd, 0x98, 0xa2, 0x58, 0x68, 0x69, 0x88, 0x54, 0x4c, 0xd0, 0xf8, 0x52, 0xbe, 0xf4, 0xfd, 0xd5, 0x4a, 0x94}}
	return a, nil
}

var _apiClusterStatsJson = []byte("\x1f\x8b\x08\x00\x00\x00\x00\x00\x00\xff\x7c\x91\x41\x8f\xd3\x30\x10\x85\xef\xfd\x15\x4f\xbe\x00\x52\xb7\xbe\x87\x13\x12\x2b\xc4\x15\x71\x43\xa8\xeb\xb5\x27\x8d\x25\xdb\x13\xd9\x63\x4a\xb5\xea\x7f\x47\x4e\xd2\x12\x08\xcb\x29\xd1\xf8\xf9\x7b\xcf\x6f\x5e\x76\x80\xb2\xa1\x16\xa1\x7c\x28\x62\xa4\xa8\x0e\x6d\x08\x28\xc7\xb6\x46\x4a\x62\xc4\x73\x52\x1d\xd4\x20\x32\x76\x5a\x9f\xcf\xe7\x03\x05\x53\xc4\xdb\x83\x65\x7d\xaa\xde\x91\xa6\xa4\x97\x59\x21\x93\xed\xa0\x33\xf5\x94\x29\x59\xd2\xd1\x34\xba\x5e\x5c\x1e\x26\x97\xc3\x20\x31\xa8\xfd\x6c\x14\x49\x06\x76\xcd\xf9\x9b\xfa\xf4\xf8\x55\x7d\x5f\xe6\x35\x87\x7b\x1a\x40\x8d\x46\x86\x16\x43\x1f\x17\x94\x9e\x03\xef\xd7\x82\x99\xb2\x91\x6c\x6e\xe9\xc4\x8e\x8a\x7e\x69\x9f\xa3\x77\xd7\x9b\xe9\x84\xc9\xab\x1a\xa6\xd1\xa2\xfa\x63\x08\x28\xb9\x8c\xa4\xd0\x41\x05\x5f\xe4\x9e\x63\x2e\x8f\x8a\xcd\x7e\x9c\xaa\x6b\x8a\x0f\xb0\x1c\xa3\x79\x28\x34\x9a\x6c\x84\x1c\xda\x1d\x70\x8f\xc6\xc6\xe7\x8f\x05\x9c\x91\x4c\xa4\x02\x61\x04\x1f\xbd\x40\x06\x42\x26\xa9\x39\x91\x83\x4f\x3d\xe7\x38\x2d\xe3\x3d\x6a\x21\x3c\x1d\x03\x5b\x13\x9e\x9a\x7e\x56\xad\x35\xe8\x33\xc7\x89\x30\x19\x5c\xb8\xbe\xc9\x04\xcb\x29\x91\x15\x9f\x4e\x10\xde\x23\x90\xf9\x41\xa0\x38\xca\xa5\x51\x4e\x24\x5b\x84\x09\x61\x42\x14\x75\x7f\xdf\x75\xf9\xbb\xae\x3b\x33\xf1\xaf\xd2\xfa\x60\xe4\x58\x48\x9a\x5b\xf9\x67\x75\x1d\xd4\x33\x73\x20\x93\x5e\x2f\xaf\x83\xfa\x32\x3f\xee\x86\x82\x4f\x68\x6c\xcc\x41\xf1\xd6\x51\x6f\x6a\x90\x0e\xbd\x09\x85\xde\xad\x72\xfe\xa6\x2a\xf1\x91\xb8\xca\xab\x2b\x6c\xe7\xff\x5f\xe1\xe3\xcf\x31\x78\xeb\x05\x3c\x52\x9e\x0b\xba\x41\xb7\xcd\xec\x56\xfe\xea\x99\xdd\x45\x75\x48\x35\x84\x5d\x3b\xbb\xee\x7e\x05\x00\x00\xff\xff\x41\xb5\xe5\x91\x78\x03\x00\x00")

func apiClusterStatsJsonBytes() ([]byte, error) {
	return bindataRead(
		_apiClusterStatsJson,
		"api/cluster.stats.json",
	)
}

func apiClusterStatsJson() (*asset, error) {
	bytes, err := apiClusterStatsJsonBytes()
	if err != nil {
		return nil, err
	}

	info := bindataFileInfo{name: "api/cluster.stats.json", size: 888, mode: os.FileMode(0644), modTime: time.Unix(1675080317, 0)}
	a := &asset{bytes: bytes, info: info, digest: [32]uint8{0xed, 0xa9, 0xf6, 0xbd, 0x11, 0xdb, 0xf, 0x2f, 0x6e, 0x79, 0x0, 0x28, 0x42, 0xc4, 0x2b, 0x12, 0x40, 0x55, 0x5, 0x32, 0xd0, 0x2e, 0xf3, 0xb7, 0xc, 0x5d, 0xcf, 0xa0, 0x1f, 0x24, 0xc, 0x47}}
	return a, nil
}

var _apiCountJson = []byte("\x1f\x8b\x08\x00\x00\x00\x00\x00\x00\xff\xb4\x96\xcf\x6e\xe3\x36\x10\xc6\xef\x7e\x8a\x01\x4f\x5e\xc0\xb1\xee\xbe\x05\x48\x51\x14\x58\x6c\xda\x24\x40\x0f\x8b\x85\x33\xa6\x46\x21\x01\x8a\xa3\xe5\x1f\xcb\x6e\x90\x77\x2f\x28\xca\xb2\x1c\x5b\x49\xd1\x6c\x8e\x22\xa5\x99\xdf\x7c\x9c\xf9\xc4\xe7\x19\x80\x90\x1c\x6d\x10\x2b\x48\x0f\x00\xa2\x64\x19\x6b\xb2\x01\x83\x66\x2b\x56\x20\x54\x08\xcd\xaa\x28\xda\xb6\x5d\x92\x41\x1f\xb4\x5c\x4a\x2e\x9e\xa2\x2e\xa9\x20\x5b\xf4\x6b\x9e\xd0\x49\x55\x38\xaa\xc8\x91\x95\x54\xd4\xe8\x03\xb9\x22\xaf\x5f\x75\x49\x96\x2a\xd4\x46\x2c\x72\x9e\x9a\x82\xe2\xd2\x8b\x15\x7c\x17\x7f\xde\xde\x3f\x88\x05\x88\xdf\x7f\x7b\x10\x3f\xfa\xfd\xe8\xcc\x00\x05\x20\x1a\x0c\x2a\xd1\x14\xeb\xcc\xbb\x18\x6f\xe4\x28\xc3\x16\x88\xe2\x59\xdb\x92\x76\x2f\x97\x96\x9e\xc3\xbe\xa1\x61\xe7\xc7\x28\x90\x0b\x7e\x94\x12\x40\x74\x5f\x9c\x2c\x01\x88\xf4\xb9\x80\x15\x08\xa3\xfd\x91\x23\x6b\x47\x5e\x3a\xdd\x74\xca\xa5\x37\xae\x41\x72\x5d\xe3\x95\xa7\x06\x1d\x06\x2a\x21\x7d\x03\x5c\x81\xb6\xa5\x96\xe4\x21\x30\x38\xf2\xc1\x69\x19\x20\x28\x4a\x0f\xd1\x04\x2f\x86\xa8\x2f\xc7\x04\x39\xf3\x67\xd0\xa4\x20\xff\x85\x65\xf6\x8a\x29\x69\x86\xf5\x6b\xd1\x9e\x2c\x3b\x5a\x47\x8b\x5b\xd4\x06\x37\x66\x9a\x79\xc3\x6c\x08\xed\xdb\xd8\x7f\x2b\x0a\x8a\x1c\xf8\x86\xa4\xae\x34\x95\x20\xd9\x4a\x47\x81\x06\x15\xbd\xe2\x68\x4a\xd8\x10\xe4\xe4\x25\xb4\x8a\x2c\x8c\x10\x60\x5e\x6b\xef\xb5\x7d\x02\x76\x20\x0d\x7b\x2a\xbf\x5c\x16\x19\x8d\xe1\x76\x6d\x79\xdd\x07\x7f\x05\xff\x0e\xfd\x34\x7e\xe0\x1e\x0e\x74\x05\x08\xad\x36\xa5\x44\x57\x0e\x35\xd0\xae\x71\xe4\xbd\x66\x9b\x84\x67\xb3\x25\x0f\xda\x06\x06\xcb\x67\x05\x2f\x61\xfe\xa0\x74\xda\x97\x26\x96\xe4\xe1\x71\x8d\xc6\x3c\x42\x3a\xbc\x5c\x62\x57\xbf\xe5\x21\xba\xc2\x2d\xc1\x86\xc8\x1e\x65\x9c\xa8\x9f\x76\x0d\xda\x72\x7d\xe0\x3b\xab\x7f\x24\x00\xd9\x58\x9f\x56\x0f\x82\xbb\xca\x7d\xda\xff\x2e\xb8\x21\x2b\x16\x22\xeb\x2d\x16\xc2\xb2\x25\xb1\x48\x12\x1f\xe7\x6e\x90\xad\xc2\x68\x42\x17\x37\x7f\xf6\x7a\x7f\x52\xd6\x4c\x7c\x54\x74\xa4\x64\x38\xd7\x0e\x82\xc2\x00\xe8\x08\x52\x9a\x45\xdf\x0c\x49\xb3\x0d\x07\xb5\xbc\x2c\x4a\xad\xed\xda\x4b\x76\xd3\xad\x6c\x63\xbd\x21\xf7\x76\x27\xff\x91\x8f\x0b\xd8\x9a\x3d\x1c\x7c\xd6\x43\xab\x83\x02\x3c\x1c\x8c\x84\xc7\x9c\xea\x11\xb6\x68\x62\xe2\x1e\x4d\xe3\x65\xbc\x66\xb0\xdd\x49\xbe\xdc\x1a\x6f\xf3\xdd\x77\x04\xfb\x2e\x9d\xe5\x04\xea\xc0\xab\x24\x69\x5a\xe1\x86\x5c\xf7\x53\x18\x8d\x5b\x43\xae\x62\x57\x27\xfd\x2c\xcc\xfb\x33\x5c\x81\x43\x5b\x72\x3d\xd1\x60\x8e\x63\x48\x28\x9f\x61\x64\x83\x86\x7d\x92\x2c\xe1\x84\x9d\xfe\xfc\x90\x58\x7f\x45\x72\xfb\xc3\xe1\x7c\x8d\x92\x2c\xc1\xcf\x6e\xad\x9f\x42\xbf\xb7\x01\x77\x13\x26\x63\xd1\xec\xff\x21\xf7\x21\x82\x07\x45\x70\x08\x94\x3a\x3d\x7a\x82\x8a\x5d\x07\x34\x26\x79\x13\x61\x18\xf4\x8f\x99\xf4\xa1\x75\xda\x7e\x2c\x87\x61\x4c\x93\x99\xda\x53\xef\x3a\x26\x7d\xe2\xd6\x3d\x43\x39\x6a\x9d\x0a\x8d\xa7\x89\xce\xe9\x5f\x5a\xe7\x4e\xe4\x69\xf5\xce\x8c\xe9\xd4\x96\xae\xbf\xdd\x88\x85\xb8\xbd\x3b\x35\xa1\x13\x0b\xba\xbd\x7b\x5f\xfb\xfe\x7d\x38\xe0\x74\xe2\x9f\xb4\x40\x7e\x98\x5f\x7f\xbb\x49\xa3\x74\x7b\x37\x55\x57\xf5\xe1\x3e\xa8\x34\x99\xf2\xd0\x04\xe8\x07\xb6\x56\x91\x4b\xc3\xdc\xbf\xd0\x9f\x84\xf6\xf0\xa4\xb7\x64\x0f\xed\xfb\x7e\xb7\x18\xb2\x9a\x46\xd7\xc4\x5f\xd2\x24\xc9\x3a\x30\x5c\x6d\x30\x19\x70\x66\xa8\x50\x9b\xe8\xc8\xc3\xdc\x47\xa9\x52\x25\x8d\xe3\xad\x2e\x93\x9a\x81\x76\x21\x95\x88\x60\x63\x4d\x4e\xcb\x5c\xd4\x97\xf3\xdf\xff\xc4\xf5\x89\x5c\xad\x2d\x06\x5a\x63\x15\xc8\x25\xa4\xff\xef\xe5\x49\xf4\x1a\x77\xba\x8e\x35\x74\x37\xc9\xee\xf4\x09\xa5\xca\x96\xb9\x80\xd8\x74\xbf\x72\x94\x2a\xc1\xb7\x4a\x4b\x35\x12\x9b\x76\x24\x63\xe7\xa6\xad\x36\x06\x06\x36\x20\x74\x66\x7f\xe1\xce\x35\x1b\x95\x23\x36\x5c\xee\xc7\xb7\xe3\x73\x87\xcc\x59\x26\xae\x74\xa3\xbb\x54\xf7\xf3\x49\x5b\xd9\xcf\x6e\xee\xbf\xc2\x3c\x0f\x0b\x9a\xbe\x5d\x53\xea\x97\xd9\xcb\xec\xdf\x00\x00\x00\xff\xff\x42\xb5\xe8\x9e\x2e\x0c\x00\x00")

func apiCountJsonBytes() ([]byte, error) {
	return bindataRead(
		_apiCountJson,
		"api/count.json",
	)
}

func apiCountJson() (*asset, error) {
	bytes, err := apiCountJsonBytes()
	if err != nil {
		return nil, err
	}

	info := bindataFileInfo{name: "api/count.json", size: 3118, mode: os.FileMode(0644), modTime: time.Unix(1675080317, 0)}
	a := &asset{bytes: bytes, info: info, digest: [32]uint8{0x3f, 0xdc, 0x95, 0xc9, 0xe, 0xfc, 0x94, 0x42, 0x9a, 0xf3, 0xf, 0x7a, 0x2e, 0x8e, 0x4d, 0xb4, 0xf, 0x17, 0x57, 0x82, 0x99, 0x9d, 0xcb, 0x2, 0xc2, 0xda, 0x95, 0xca, 0xca, 0x3d, 0xd4, 0xb6}}
	return a, nil
}

var _apiCreateJson = []byte("\x1f\x8b\x08\x00\x00\x00\x00\x00\x00\xff\xb4\x56\xc1\x8e\xdb\x38\x0c\xbd\xe7\x2b\x08\x9d\x5a\xac\x1b\xa3\xd7\x9c\x67\x0f\x3d\x6d\x81\x99\x3d\x2d\x8a\x44\x91\xe9\x58\x58\x59\x72\x29\x7a\x32\x41\x90\x7f\x5f\x50\xb2\x13\x27\xeb\xa4\x2d\x8a\xb9\x59\x21\xf5\xde\x13\xf9\x44\xe5\xb8\x00\x50\x86\x50\x33\xaa\x15\xc8\x0a\x40\x55\xc1\xf4\x2d\x7a\xd6\x6c\x83\x57\x2b\x50\x0d\x73\xb7\x2a\xcb\xfd\x7e\xbf\x44\xa7\x23\x5b\xb3\x34\xa1\xdc\xf5\xb6\xc2\x12\x7d\x39\xfc\x16\x51\x93\x69\x4a\xc2\x1a\x09\xbd\xc1\xb2\xd5\x91\x91\xca\x2a\x98\xf8\xc9\xfa\x0a\xdf\xd6\xcb\x86\x5b\xa7\x8a\x4c\xd3\x22\x37\xa1\x8a\x6a\x05\xff\xa8\xaf\x7f\xbf\xa8\x42\x7d\xfd\xeb\xf9\x45\x7d\x1b\xc2\x3d\xb9\xb3\x24\x00\xd5\x69\x6e\x44\x4b\x79\x4c\x50\xa7\xf2\xc8\x87\x0e\x4f\xe5\xd1\x56\xa7\x72\x3d\x1c\xa1\x98\x66\x67\xe4\x87\xf9\xdf\x26\x1b\x88\xe3\x84\x0f\x40\xd9\xea\x6a\x0d\xa0\x04\x41\xc1\x0a\x54\x64\xb2\x7e\x77\xa6\x4b\x41\xc2\xef\xbd\x25\xac\x24\x81\xa9\xc7\xab\x60\x85\xd1\x90\xed\x52\x41\x05\xe0\x69\x28\x31\x7c\x79\x52\xe7\xbc\x53\x31\x21\x17\xd1\xef\xc7\xff\xd2\x20\x78\xdd\x22\x84\x1a\xb8\x41\xc8\x74\xb3\x4a\x12\xe9\xbb\x0a\x11\xb4\x51\xc8\xe8\xbd\x89\x96\xc5\x8d\x26\xe9\x95\x6e\x6f\x9a\xb5\xd7\x96\xd7\x75\xa0\xb5\x36\x6c\x5f\x71\x1d\x1b\x4d\x55\xfc\x25\xdd\xb7\xd2\x9e\x91\x63\xd2\xe4\xfb\x76\x8b\x24\x0a\x13\x2a\x98\xd0\x59\x94\x90\x66\x68\xfb\xc8\xb0\x45\xc8\xb4\xb0\xc5\x3a\x10\x42\x47\xc1\x20\x56\xd6\xef\x60\x6f\xb9\xb9\x94\x18\x42\x87\x94\xee\xd5\x12\x9e\xb0\xd6\xbd\x13\x8e\x00\x9f\x0b\x68\x51\x7b\xd9\x20\xb9\x1d\xd9\x56\xd3\x61\xe0\x0b\xde\x1d\x96\xf0\x8c\x2c\x99\x1b\xed\xdc\x06\xea\x40\xa0\x9d\xbb\x12\x54\x40\xe0\x06\x69\x6f\x23\x42\xcc\xc9\xda\x1f\xc0\x07\xff\xc9\xe3\x4e\x27\x7d\xaf\xda\xf5\x08\x0e\x63\x92\xef\x21\x10\xe0\xf7\x5e\x3b\x49\x16\x62\x0e\xac\xdd\xe4\xc0\xc3\x51\x85\x4e\xc2\x99\xee\xc3\x25\x4e\xd8\x39\x6b\x74\x84\x3f\xe0\xf3\xc7\x79\xff\x74\x9a\xa4\x9f\xbf\xd3\x89\x2f\x4f\xa3\x3d\x32\xd8\x9c\x4b\x26\x8c\x84\x35\x61\x6c\xee\x52\xa2\xef\xdb\x6b\xc2\x90\xb8\xf2\xc0\x10\xcb\xaa\x02\x54\xad\x5d\x4c\x1f\xa3\xb5\x2e\xd3\x62\x5e\x64\x0d\x1b\xd9\xbb\x11\xa1\x1e\x06\x11\x49\xb5\xae\x6b\x34\x8c\x55\xae\x5f\x6a\x78\xab\xff\x45\xe0\xc6\xc6\x8b\x23\xe0\xd5\x46\xbb\x75\xd2\x04\xc8\xb3\xb4\x00\x5b\xc3\x66\xe4\x1f\x80\x65\x99\xfb\x7f\xe1\xf8\x25\xbc\x74\xb0\x0d\x7c\x48\xd7\x2d\x7b\xf0\x63\x86\xae\x02\xf8\xc0\xcd\xd9\xb6\x03\x3e\xc6\xe5\x9d\x42\x87\x9e\xa5\x79\xbf\x75\xcb\x3a\x34\xb6\xb6\x06\x06\xb0\x6c\xd1\x3b\xa3\xc8\xb6\x18\xfa\xfb\x5e\x92\xf8\x63\xb6\x3f\xdf\xc4\xaf\x96\x27\x55\x1a\x41\x67\x19\x5f\x91\xe2\xb0\x77\x9e\x32\x5f\x85\x9f\x24\x1d\xd0\xc6\xfb\x25\x4d\x34\xc1\x9b\x9e\xe4\xbd\x3c\xc8\x37\x53\x70\x0f\x95\xac\x1f\x8e\xe3\xfb\xce\x06\xb1\xb6\xf5\x8c\xe4\xb5\x13\x57\xe3\xdb\xff\xbf\xd7\x3b\xce\xd6\x0f\x64\xf0\x07\x76\x3f\xf7\x6d\x3c\x54\x12\x31\x3f\x01\x6c\x87\xce\x7a\xbc\x5f\xc5\x9f\x31\x8a\xbc\x14\x23\x12\xd8\x4a\x5c\xdd\x11\xa6\x49\x1b\x23\x58\x6f\x42\x2b\xf6\x19\x47\x43\x4c\x16\x9e\x79\x46\x16\x13\x79\x6a\x1b\xaa\xc3\xf4\x5f\xc6\x1c\xe9\x79\xd8\x9c\x1f\xa0\xdb\x17\x6e\x31\x02\x9f\x16\xa7\xc5\x7f\x01\x00\x00\xff\xff\xcf\xb9\xb3\x43\x53\x09\x00\x00")

func apiCreateJsonBytes() ([]byte, error) {
	return bindataRead(
		_apiCreateJson,
		"api/create.json",
	)
}

func apiCreateJson() (*asset, error) {
	bytes, err := apiCreateJsonBytes()
	if err != nil {
		return nil, err
	}

	info := bindataFileInfo{name: "api/create.json", size: 2387, mode: os.FileMode(0644), modTime: time.Unix(1675080317, 0)}
	a := &asset{bytes: bytes, info: info, digest: [32]uint8{0xcf, 0x8b, 0x2a, 0x1f, 0x68, 0xd9, 0x4, 0xbe, 0x3f, 0xbc, 0xe7, 0xe5, 0xa0, 0x63, 0x69, 0xcf, 0xf3, 0x98, 0x48, 0xe1, 0xe1, 0x2d, 0x15, 0xba, 0xea, 0x17, 0xb9, 0xdf, 0xbd, 0xf6, 0x57, 0x3e}}
	return a, nil
}

var _apiDeleteJson = []byte("\x1f\x8b\x08\x00\x00\x00\x00\x00\x00\xff\xb4\x95\xc1\x6e\xdb\x38\x10\x86\xef\x7e\x8a\x01\x4f\x2d\xd6\xb5\xd0\xab\xcf\xc9\xa1\xc0\xde\x5a\x60\x0f\x8b\xc2\xa6\xc9\x91\x45\x2c\x45\xaa\xc3\x61\x1c\x23\xf0\xbb\x2f\x86\x94\x1c\xa5\x95\xb3\x1b\x04\xbd\x49\x9a\xe1\x7c\x3f\x67\x7e\x52\x4f\x2b\x00\x65\xd1\x23\xa3\xda\x82\xbc\xc9\x7b\x34\xb9\xc7\xc0\x9a\x5d\x0c\x6a\x0b\xaa\x63\x1e\xb6\x4d\x73\x3a\x9d\x36\xe8\x75\x62\x67\x36\x26\x36\xc7\xec\x2c\x36\x18\x9a\xf1\x5b\x42\x4d\xa6\x6b\x08\x5b\x24\x0c\x06\x9b\x5e\x27\x46\x6a\x6c\x34\xe9\x53\x65\x6c\x3a\xee\xbd\x5a\x57\x4c\x8f\xdc\x45\x9b\xd4\x16\xfe\x56\x77\xf7\x7f\xde\x7f\xbb\x57\xdf\xc7\x50\x26\x7f\x95\x03\xa0\x06\xcd\x9d\xe8\x68\x9e\x5c\xb0\xf8\x78\x69\x9e\xf8\x3c\xe0\xa5\x79\x72\xf6\x32\x56\x1b\xb3\x6a\xb5\xe5\xbc\xd9\xfa\x9d\x8d\xa6\x7e\xfd\x3e\x5b\x4e\x9c\x66\x54\x00\xe5\xec\x8b\x77\x00\x25\xf5\x14\x6c\x41\x25\x26\x17\x8e\x57\x78\x09\x12\xfe\xc8\x8e\xd0\x4a\x02\x53\xc6\x17\x41\x8b\xc9\x90\x1b\x4a\x4b\xa5\xc0\xb7\x0e\x61\x6a\x34\x7c\xb9\x53\xd7\xdc\xcb\x7a\x26\x40\xe4\xfe\x5e\x0d\x41\xf7\x08\xb1\x05\xee\x10\x2a\x6e\x51\x49\x81\xbe\x45\xc8\x12\x4b\x16\x4c\xac\x69\xef\x33\xdc\xea\x27\xac\x8c\x44\xf7\x3f\xcf\x24\x18\x9f\x2d\xee\xa4\xd6\x4e\xc4\xbf\x4b\xd5\x5f\x1d\x72\x87\x04\x1c\x41\x5b\x5b\x84\x15\x91\xa5\x2b\x1c\xcb\x07\xc2\x34\xc4\x90\x70\xb9\x31\x27\xed\x78\xd7\x46\xda\x69\xc3\xee\x01\x77\xa9\xd3\x64\xd3\xbb\x44\x7d\x45\x4e\x85\x1c\x72\x7f\x40\x92\x8e\x95\xaa\x60\xe2\xe0\x50\x42\x9a\xa1\xcf\x89\xe1\x80\x50\xb1\x70\xc0\x36\x12\xc2\x40\xd1\x20\x5a\x17\x8e\x70\x72\xdc\xd5\x4e\x97\xa3\x07\x71\x40\x2a\x27\x7a\x03\x77\xd8\xea\xec\x05\x12\xe1\xf3\x1a\x7a\xd4\x41\x56\x48\xf2\x40\xae\xd7\x74\x1e\x81\x31\xf8\xf3\x06\xbe\x22\x4b\xe6\x5e\x7b\xbf\x87\x36\x12\x68\xef\x5f\x28\x5a\x43\x94\x2e\x9e\x5c\x42\x48\x35\x59\x87\x33\x84\x18\x3e\x05\x3c\xea\x22\xf0\x41\xfb\x8c\xe0\x31\x15\xfd\x01\x22\x01\xfe\xc8\xda\x4f\x5d\xe6\xc8\xda\xcf\x76\x3c\xee\x55\x70\x12\xae\xb8\x0f\xcf\x71\xc2\xc1\x3b\xa3\x13\xfc\x01\x9f\x3f\x2e\x8f\x66\xd0\x24\x06\x7b\xcf\x28\xbe\xdc\x09\xab\x16\x5a\xb2\xec\x8c\x46\xd8\x12\xa6\xee\x26\x0e\x43\xee\x5f\xc2\x62\xe1\xd4\x2b\x4b\xce\xaa\x5c\x51\xad\xf6\xa9\x3c\x4c\xbe\x7a\xbe\xa1\x96\x05\xb6\xb0\x97\xb5\x7b\xe9\x52\x80\x51\x44\x69\x19\xb6\x2d\x1a\x46\x5b\x7b\x57\x86\xdd\xeb\x7f\x10\xb8\x73\xe9\xd9\x0d\xf0\xe0\x92\x3b\xf8\xe2\xf6\x7a\x83\xaf\xc1\xb5\xb0\x9f\xf8\x63\x61\x79\xad\xb3\x7f\x66\xbc\xa9\x5e\xd9\xd8\x1e\x3e\x54\x47\x16\xff\x7d\xac\xa5\x6d\x84\x10\xb9\xbb\x7a\x76\xac\x8f\x69\x73\xa3\xd1\x31\xb3\x0c\xee\x5d\x47\x6c\x40\xe3\x5a\x67\x60\x2c\x56\xed\x79\xe3\xea\x73\x3d\xc6\x7c\xdb\x47\x12\x7f\x9d\x76\xff\x28\x5e\x75\x3c\xeb\xd2\x54\x74\x91\xf8\x80\x94\xc6\xb5\xcb\xc8\x7a\x0c\xfe\x27\x74\xac\x36\x9d\x2d\x19\xa2\x89\xc1\x64\x92\xbf\xf4\x59\x9e\x99\xa2\x7f\x55\xc9\xee\xd5\xeb\xff\xb6\xb3\x41\xac\xed\x02\x23\x05\xed\xc5\xd5\xf8\xf8\xeb\xf3\xee\xc8\xd5\xfa\x91\x0c\xfe\x87\xdd\xaf\x73\x9b\x36\x55\x44\xfc\xfa\x0b\x59\xcd\x36\xa2\x0e\xd1\x9e\xd5\x16\x42\xf6\x7e\x25\xb1\xcb\xea\xdf\x00\x00\x00\xff\xff\x76\x98\x7c\x08\xf7\x08\x00\x00")

func apiDeleteJsonBytes() ([]byte, error) {
	return bindataRead(
		_apiDeleteJson,
		"api/delete.json",
	)
}

func apiDeleteJson() (*asset, error) {
	bytes, err := apiDeleteJsonBytes()
	if err != nil {
		return nil, err
	}

	info := bindataFileInfo{name: "api/delete.json", size: 2295, mode: os.FileMode(0644), modTime: time.Unix(1675080317, 0)}
	a := &asset{bytes: bytes, info: info, digest: [32]uint8{0x4e, 0x13, 0x3, 0xa0, 0xf7, 0xf6, 0x75, 0xab, 0xee, 0x56, 0x2c, 0x36, 0x2, 0xd1, 0xc6, 0x81, 0x56, 0xac, 0xd0, 0xe2, 0x74, 0x67, 0x3e, 0xd, 0xc3, 0x4, 0xfd, 0xb4, 0x8c, 0x50, 0x6f, 0x10}}
	return a, nil
}

var _apiDelete_by_queryJson = []byte("\x1f\x8b\x08\x00\x00\x00\x00\x00\x00\xff\xb4\x59\x4d\x8f\xdb\x38\x12\xbd\xf7\xaf\x28\xe8\x92\x1e\xac\xdb\x9e\xbe\xf6\x0e\x66\x11\x20\x7b\x1b\x24\xbb\xe9\x00\x7b\x18\x0c\x14\x9a\x2a\x59\x9c\x50\x2c\x85\x2c\xf9\x23\x41\xfe\xfb\xa2\x28\x4a\x96\xdd\x92\xdd\x99\xce\x9c\x1a\x2d\x51\xac\x57\xaf\xbe\x1e\xe9\xaf\x37\x00\x59\x81\x16\x19\xf3\xf5\x21\xff\xdc\xa2\x3f\x64\x0f\x20\x8f\xe5\x05\xe9\xb6\x46\xc7\x8a\x0d\xb9\xec\x01\xb2\x8a\xb9\x09\x0f\xab\xd5\x6e\xb7\x5b\xa2\x55\x81\x8d\x5e\x6a\x5a\x6d\x5a\x53\xe0\x0a\xdd\x2a\x3d\x0b\xa8\xbc\xae\x56\x1e\x4b\xf4\xe8\x34\xae\x6a\x15\x18\xfd\xaa\x20\x1d\xee\x3a\x6b\x77\xeb\xc3\x5d\xb4\xb6\xac\xb8\xb6\xd9\xa2\x33\x58\x23\x57\x54\x84\xec\x01\x7e\xcf\xfe\xf3\xee\xf1\x43\xf6\x47\x7a\xd1\x7a\x3b\xc0\x02\xc8\x1a\xc5\x95\xe0\x59\x7d\x35\xae\xc0\xfd\xb7\x55\x7e\xee\xc3\x62\xbc\xb4\xdb\xf0\xc2\xe2\xd1\x4e\x5f\xf9\xd0\xe0\xc4\x9a\x3f\x86\x1d\x35\xd5\x42\x8a\xd8\xaf\x29\x30\x70\x65\xdc\x26\xc0\x1a\x2d\xed\xe4\x9f\x00\xca\x23\xfc\xd9\x06\x06\x4d\x8d\xc1\x02\x4a\x4f\x35\x74\xa4\x2c\xff\x0c\xe4\xc6\xe8\x3c\x87\x91\x67\x00\x59\xc4\x71\xf2\x08\x32\x8f\x9f\x5b\xe3\xb1\xc8\xe0\x01\xd8\xb7\xb8\x18\xbd\x13\xbc\xf2\x3c\xb3\x26\x70\x36\x7e\x53\x60\xd0\xde\x34\x31\x78\xb2\xe0\x35\x08\x74\x75\x17\xb0\x51\x5e\x31\x16\x20\x9f\x00\x95\x10\x6d\x82\x53\x35\x06\x60\x4a\x50\xff\x09\x6d\x40\xf8\x98\x2b\x6b\x3f\x02\x79\xc0\xba\xe1\x03\x04\xf6\xc6\x6d\x64\x55\x83\xbe\x24\x5f\x03\x57\x08\xd4\xa0\x8f\x59\x02\xe4\x40\x59\x2b\x3b\x1a\x8d\x21\x1b\xe0\x7c\x3b\x22\xeb\x20\x9f\x78\x78\xc1\x8d\xef\xf1\xa3\x4f\x58\x90\xdd\x4e\x5c\xb1\xa8\xb6\x98\x5c\xb8\x86\x3d\x7e\x3c\x42\x7e\x73\xe6\x81\x44\x4d\xd5\x67\x61\x53\x4e\xd9\xc3\x17\xf4\xb3\x7e\x75\xc4\x5d\xf6\xec\x43\x85\xd0\x6f\x24\x30\x25\x00\x25\xf9\x08\x33\xa6\x61\xa2\x7f\x9a\xd6\xf4\x65\xbe\x33\xb6\xd0\xca\x17\xb3\x50\xd6\x44\x16\x95\xbb\x8c\xe5\xb1\x41\x6d\xca\x03\xec\x2a\xe4\x0a\x3d\xf4\xbb\x82\x72\x05\x34\x1e\x4b\xb3\x8f\x98\x0c\x06\x08\x15\xb5\xb6\x80\xf5\x80\xbe\x80\xdb\x02\x4b\xd5\x5a\x7e\x80\x52\xd9\x80\x3f\x4d\x43\x4e\x8b\xf2\x2e\x06\x34\xcf\x1e\xba\xb6\x3e\xc5\x4b\x11\x6a\x90\xb7\xbf\x67\xaf\xdf\xbe\xc9\x16\xd9\xbb\xf7\xc7\x32\x1d\x6f\x1f\x77\x78\xf7\xfe\x3a\xf7\x69\x3d\xf4\x70\x22\xf9\x63\xe2\xd3\x3f\xb7\xaf\xdf\xbe\x91\x92\x78\xf7\x7e\xce\xaf\xf2\xc5\x79\x50\x1a\xb4\x45\x9f\x04\x2a\x0c\xd8\x76\x15\x7a\x04\x47\x69\x41\x8a\x84\x09\xb0\x31\x5b\x74\x60\xdc\x33\xb3\x45\x9a\xd2\x2c\x48\xd7\xd6\x6b\xf4\x57\x12\x84\x95\x67\xe1\x84\xca\x32\x20\x8f\x22\xfe\xf3\x0c\x2b\x66\xe3\xc8\x63\xde\x3a\xb5\x55\xc6\xaa\xb5\x3d\xef\x02\xd7\x92\x74\x02\xc5\xff\x52\x7a\x86\x98\xae\xd2\x6d\x35\x39\xed\x91\xb1\xef\x41\xa3\xec\xec\x00\x14\xc2\xa1\x83\x11\x0c\xb8\xad\x4d\x08\xd1\x17\x0f\xda\x52\xc0\x62\xc6\x05\x65\x2d\xed\x72\x47\x79\xdf\xe0\x7e\x98\x03\x4c\x09\x1e\x98\x12\xd4\xb1\xdc\x7a\x2f\x70\xdf\x78\x0c\x41\xfa\x94\xc7\x40\x76\x8b\x01\x8c\x63\x92\x54\x38\x77\x79\x09\xb7\x1f\x64\x10\x19\xa7\x6d\x5b\x60\xe8\xbb\x78\x4a\x62\xf2\x1d\x03\x8e\x86\xdd\x2b\x69\x8f\x6b\x44\x77\x24\x72\x86\x01\x4d\xae\xb4\x46\xf3\x84\xeb\x8e\x58\x22\x9a\x75\xb6\x03\x38\x9a\x1a\x81\xe7\x84\xcc\xd7\xf8\xa8\xca\xa5\xc8\xd5\x9a\x3c\xcb\xb0\x6e\x3c\x69\xc4\xe2\xb4\xd8\x47\xe5\xfe\x00\xfd\xda\x6b\xd4\x2b\x16\xde\x0b\xea\xf8\xe0\xd8\x02\x64\xee\xc3\xfa\x90\x4a\xa8\x32\x1c\x60\x8b\x3e\x12\x3f\xf8\xfe\xaf\x69\x6e\x70\xdf\x28\x57\x0c\x0d\xf8\x52\x76\x5c\x72\x36\xb6\x34\x6a\xd0\x65\x8b\xac\xcb\xc6\x6c\x91\x39\x72\x98\x2d\x24\x01\x67\xfd\x96\x7d\xbb\xcf\x9e\x9d\x72\x1d\xe2\x63\xb6\x8d\xb2\x8c\x9f\xe6\x15\xb0\x30\x26\xf2\x46\xcc\x2c\x52\xa9\x48\x3e\xad\x89\xab\xe5\x34\x29\x16\x9d\xe9\xf4\xd2\x0f\x9c\x46\x32\xbd\x15\xdf\xad\x95\xd8\xef\x22\x55\x2a\x63\x5b\x8f\x01\x6e\x43\xab\x2b\x69\x99\x8d\xa7\xad\x29\xa2\x5c\xc1\x7d\x8c\xb4\x02\xd7\xd6\xe8\x8d\xee\xba\xe7\x4f\x4f\x7b\xc3\xb4\x0f\xcd\xa0\x65\x5f\xd4\xd7\x7b\x2f\x24\xd1\x1c\x15\x28\xcc\x85\x4a\x78\x3f\x15\x22\x47\x54\x49\xa8\x08\xc9\x6e\xd4\x61\xbd\x72\x05\xd5\x33\x15\xfa\xf9\x45\x18\xff\x1b\xc9\x4c\x63\xe4\xb7\x56\xa3\x3b\x9d\x26\x10\x0e\x8e\xd5\x7e\xda\xb4\xa7\x56\x46\xc2\xdf\x22\xee\x52\x63\xd2\x90\x8c\xc0\x56\xd9\x76\x4e\x62\x06\xed\xc9\xda\x59\x1c\x6c\x6a\x7c\x5e\xa8\x2a\xda\x81\x25\xb7\x01\x25\xd5\x10\x4c\x60\xd1\x97\x5b\x83\x3b\xc1\x24\x1c\x75\xe2\xf9\x18\xb2\x5a\x19\xc7\xca\x38\xe9\x7a\x12\xdf\x88\x04\x8b\xbe\xfb\x4d\xc3\x8d\xef\xf2\x8b\xc2\xf8\x8a\x04\x8a\x31\xca\xb9\x42\x97\x97\xc8\xd2\x66\x45\x86\x84\xfc\xc9\xf3\x73\x89\x74\xe6\x77\x44\x32\xca\xc5\x68\xff\x22\x68\x53\x23\xb5\xf3\xf5\x7d\x9d\xeb\x7f\xef\x1b\x6b\xb4\x61\x48\x5b\x45\xde\x50\xe9\x2a\x71\x06\x72\xfe\xc1\xc0\x4b\x78\xd3\x15\x40\x94\xf6\x8e\xfa\xf5\x33\x8d\x27\x98\x2f\xf3\x6c\x3e\x47\xe1\xbc\x8d\x6b\x24\xce\x71\x0a\x30\x81\x47\x6e\xfd\xb8\x10\xef\xe7\xb4\x4e\x90\xf9\xf3\x77\x94\xc1\x2f\xb1\x73\xfd\xfa\xf0\x4b\x61\x3c\x6a\xf9\xe0\x57\x68\x94\xf1\x33\x85\x90\x07\x6a\xfd\x85\xb6\x75\x1d\xca\x07\xdf\xc6\x46\x15\x75\xfc\x88\x04\xc9\xfd\xb4\x7b\xd2\xa2\xe4\x65\xe4\x2f\xe4\xaf\x1a\xf0\xc6\x57\x23\xf2\x2e\xc2\xcc\x71\x1f\x15\xcb\x8b\x98\x7b\x6a\x39\xed\xda\xa9\x10\xc1\xdd\x41\xc1\xe2\xd4\x81\xcb\xd0\x92\x98\xfa\xe1\xd0\xd8\x2b\xcd\xf1\x54\x95\x88\x1d\x50\x3e\x03\x1c\xa3\xaf\x8d\x53\x8c\xb9\x2a\xf9\xc2\xe9\xf3\x39\xe9\x2e\xa7\x8e\x5a\xed\x4d\xdd\xd6\xe0\x86\xd4\xef\xcf\xd4\xa1\x13\x04\xd6\xa2\x1e\x17\xa8\x4c\xaf\x05\xb4\x4d\x94\xa5\x4a\x57\xd2\x98\x77\x95\xd1\xd5\xe8\x18\x82\x7b\xd4\x6d\x6c\x26\x3b\x23\xe7\xeb\x1e\x33\xa0\xf2\xf6\x30\x57\xbd\xac\x9e\x68\xcc\xef\x21\xfb\xb1\x1f\x17\xaf\x58\x6d\x5e\xf5\xcd\x3a\x75\x92\xe8\x80\xa5\xcd\x46\xe0\x0a\xf5\x62\xcd\x04\x36\x5a\x59\x68\x5a\xdf\x50\x98\x9b\x2c\x49\x0b\xfe\x58\x39\x73\xac\xaa\xe1\x0a\xa3\xd7\x9c\xa2\x63\x94\x8f\x59\xa3\xa4\x0f\xcd\x0c\xde\xce\xaf\x5c\x2b\x5d\xcd\xa7\xe8\x77\x61\x33\xe5\xc0\x56\xdc\x75\x34\xe2\xda\x90\x86\x5b\xbc\xee\xea\x57\xf5\xe5\x5f\x8c\x9a\x74\x37\x1c\x2d\x6e\xd1\x42\x40\xe6\xd9\xe3\xa8\xc7\xd2\x63\xa8\x5e\x08\xbd\x43\x28\x81\xc6\xb2\x44\x2d\x7d\x33\x22\xc0\x20\xb0\x93\x0d\x2c\x66\xe4\xfb\x5f\x99\x64\xc3\x89\xe3\xbe\xbe\x52\x5d\xa6\xc6\xae\x66\x44\x4c\x6f\x4d\xd1\x2a\x0b\xeb\xd6\x7e\x1a\xf8\x4b\xfc\xee\x94\xe9\xf2\x33\xd6\xd6\x48\x73\x8f\x0e\xac\x33\x35\x23\x9f\xe6\x25\xf9\x5c\x69\x36\x5b\xcc\xbb\x1d\x5e\x26\x59\x51\x02\x29\x7a\x75\xe8\x08\x9d\x62\x8d\x07\xbb\x84\xae\x6e\x03\xc7\xdb\x9f\x68\x16\xd6\x58\xca\x39\x36\x1d\xd3\x62\x47\x30\x5c\x4d\x1e\xaf\x06\x9d\x71\x3a\xdb\xef\x17\x50\xa3\x72\x51\xba\x57\xb2\x93\xa9\x95\x28\xd0\x68\x99\x9c\x3d\x2c\xe1\x11\xa3\xa2\xff\x18\x0f\xb6\x42\x97\xb2\xf6\x04\xda\x02\x48\x6a\x6b\x67\x02\x4a\xea\x45\xf9\xef\x0e\xe0\xc8\xdd\x39\xdc\xa8\x88\x34\x4a\x48\xb0\x18\xa2\x23\x2e\x5e\x73\x7e\x96\xc0\x30\x45\xc3\x4c\xac\xec\xc8\xf5\xe4\x74\x7f\x27\xd7\x99\xbb\x3d\xbe\xf7\x28\x4a\x46\x05\xf8\x07\xdc\xcf\x09\x83\xa8\x07\xf3\x59\x71\x32\xdb\xac\x4b\xd5\x72\x1e\x01\x67\xa2\x3b\x7e\x9e\x0d\x9b\x44\xcd\x7c\x41\x39\x31\x44\x90\xd1\xe0\x90\x65\x0d\xed\xd0\xf7\xc4\x9e\x85\xe3\x4a\x56\x69\xaa\x1b\x8b\xfc\xb4\xfb\x5d\xbb\xf5\x18\xd5\xc9\xd9\xf5\xf5\xe5\x22\x3e\xab\x8c\xb5\x25\xfd\x09\x5a\xc7\xc6\x4e\x26\x93\x09\x90\x20\xce\x15\x48\xda\x30\xe4\x0d\xfa\x3c\xa0\x26\x37\x7d\x4b\x7a\x29\x08\xd1\x8d\x8b\xec\xcb\x20\xe5\xca\x13\xb3\xc5\xa7\x6d\xd2\x38\x08\xed\xfa\xae\x87\x22\x47\x3c\xe8\xa0\x2c\xe1\xee\x3e\xe6\x7d\x88\xe2\x36\xed\x30\x37\x1f\xed\xc4\xfd\xd3\x33\xd1\xdf\x5f\x43\x3f\x2a\x76\x9b\x0e\xfe\x26\x00\xab\xf0\x69\x34\x05\x62\x17\x8b\x1d\x96\xe9\xac\x7c\x4f\xaa\x37\x7e\x66\x82\x7b\xc5\xdd\x6e\xdd\x17\x42\x82\xbc\x09\xcb\x89\xab\xf6\x9b\x91\xb7\xd9\x9a\x8a\xc3\xf8\xd7\x9f\x09\xbc\xe9\x9c\x50\x60\x69\x9c\x89\x4a\xa3\x0d\xbd\xf9\xee\x40\xfb\xe6\xf1\xb7\xe3\xcf\x2e\xc3\xef\x29\x5d\x3e\xde\xf4\x36\xbf\xdd\x7c\xbb\xf9\x7f\x00\x00\x00\xff\xff\x26\x98\xef\xc3\x13\x1b\x00\x00")

func apiDelete_by_queryJsonBytes() ([]byte, error) {
	return bindataRead(
		_apiDelete_by_queryJson,
		"api/delete_by_query.json",
	)
}

func apiDelete_by_queryJson() (*asset, error) {
	bytes, err := apiDelete_by_queryJsonBytes()
	if err != nil {
		return nil, err
	}

	info := bindataFileInfo{name: "api/delete_by_query.json", size: 6931, mode: os.FileMode(0644), modTime: time.Unix(1675080317, 0)}
	a := &asset{bytes: bytes, info: info, digest: [32]uint8{0x92, 0x9f, 0x5, 0x3c, 0xea, 0xcb, 0x1e, 0x86, 0xa3, 0xc, 0x46, 0xab, 0xd1, 0x3d, 0x60, 0x7c, 0xe0, 0xc3, 0x18, 0xb, 0xe, 0x70, 0x76, 0x9b, 0xbb, 0x69, 0x5f, 0xf2, 0x26, 0x53, 0x1e, 0x50}}
	return a, nil
}

var _apiDelete_scriptJson = []byte("\x1f\x8b\x08\x00\x00\x00\x00\x00\x00\xff\xa4\x91\xbf\x6e\xf3\x30\x0c\xc4\x77\x3f\x05\xc1\xf9\xfb\xa2\xdd\x73\x3c\x14\xe8\x96\x6e\x45\x10\xb8\x12\x13\x0b\xd0\xbf\x4a\x14\xd2\x20\xf0\xbb\x17\xb2\x15\xc7\x41\xd0\x2e\xdd\x2c\xde\xe1\xee\x67\xf2\xda\x00\xa0\x22\x43\x4c\x87\x24\xa3\x0e\x8c\x2d\x94\x61\x19\x7b\x99\x2d\x39\xee\x59\x7b\x87\x2d\xe0\xc0\x1c\x5a\x21\xce\xe7\xf3\x86\x4c\x9f\x58\xcb\x8d\xf4\xe2\x94\xb5\x22\x41\x4e\xd4\x59\xa2\x3e\xca\x41\x44\x3a\x52\x24\x27\x49\xd8\x3e\x31\x45\x61\xbd\xca\x86\xd2\xff\xb9\x46\xbb\xd3\x66\x60\x6b\xf0\xdf\x5c\x66\x89\x07\xaf\x12\xb6\xf0\x8e\xdb\xee\xb5\x7b\xeb\x70\x5f\xa5\x1c\xcd\x02\x05\x80\xa1\xe7\xa1\xd0\x88\x0a\x9c\xc4\x55\xab\xb1\xe6\x54\x7d\xca\x79\xb2\xc0\x7e\x65\x8a\x9c\x56\xa9\x00\xa8\xd5\xc3\x1b\x00\xf9\x12\x08\xa1\x05\x4c\x1c\xb5\x3b\x2d\x15\xf3\x76\xa8\xfe\x88\x77\x93\x67\x37\xbd\xe0\x65\xfb\x68\x8b\xf4\x99\x75\x24\x55\x3c\x1c\x33\x2d\xda\x58\xbf\xc6\x35\x53\x6f\x53\x31\xae\xa8\x58\x5b\xf2\x99\x7f\x44\x2b\xfa\xef\x60\xdd\x57\x30\x5a\x6a\x06\x1f\x28\x4e\xb7\x84\x5b\xe8\x1d\xe6\x9e\x80\xf3\xb9\x0e\x7f\x2f\xde\x05\x92\xfa\x78\xb9\xb5\xc1\xd1\x47\x90\xde\x39\x92\x33\x84\x87\xb9\x0a\x9f\x77\xd2\xac\xa0\xf0\xc3\xab\x0b\xb6\xe0\xb2\x31\x4d\xd1\xc6\xe6\x3b\x00\x00\xff\xff\x89\x1b\x4b\x4a\xb6\x02\x00\x00")

func apiDelete_scriptJsonBytes() ([]byte, error) {
	return bindataRead(
		_apiDelete_scriptJson,
		"api/delete_script.json",
	)
}

func apiDelete_scriptJson() (*asset, error) {
	bytes, err := apiDelete_scriptJsonBytes()
	if err != nil {
		return nil, err
	}

	info := bindataFileInfo{name: "api/delete_script.json", size: 694, mode: os.FileMode(0644), modTime: time.Unix(1675080317, 0)}
	a := &asset{bytes: bytes, info: info, digest: [32]uint8{0x92, 0xb9, 0xc1, 0x5d, 0x3c, 0xd8, 0x8d, 0x56, 0xff, 0x2d, 0xd0, 0xf4, 0x60, 0x5b, 0xe, 0x0, 0xb, 0x3d, 0xc4, 0x4b, 0x87, 0x8e, 0x60, 0x8a, 0xac, 0x7a, 0xca, 0x37, 0xe, 0xb8, 0xee, 0x64}}
	return a, nil
}

var _apiExistsJson = []byte("\x1f\x8b\x08\x00\x00\x00\x00\x00\x00\xff\xb4\x96\xcf\x6e\xe3\x38\x0c\xc6\xef\x79\x0a\x42\xa7\x19\xa0\x53\xdf\x73\x2b\xd0\x01\xb6\xd7\xdd\xb9\x0d\x8a\x8c\x22\xd1\xb1\x00\x49\xf4\x52\xd4\xb4\x45\x90\x77\x5f\x48\xfe\xb3\x49\xea\x64\xbb\x08\x7a\x6a\x6d\xd2\xfc\x7e\x1f\x69\xca\xd9\xaf\x00\x14\xbe\xba\x24\x49\xad\xa1\x5c\x01\x28\x4b\x26\x07\x8c\xa2\xc5\x51\x54\x6b\x50\x9d\x48\xbf\x6e\x9a\x97\x97\x97\x7b\xf4\x3a\x89\x33\xf7\x86\x9a\x5d\x76\x16\x1b\x8c\xcd\x78\x2f\xa1\x66\xd3\x35\x8c\x2d\x32\x46\x83\x4d\xd0\x49\x90\x1b\x4b\x26\x7d\xdb\xa1\xdc\x77\x12\xbc\xba\x1b\x34\x02\x4a\x47\xb6\x88\xfe\x54\x7f\x7c\x7f\x78\x54\xcf\x63\x20\xb3\x9f\x49\x00\x54\xaf\xa5\x2b\x08\xcd\xde\x45\x8b\xaf\x87\x66\x2f\x6f\x3d\x1e\x9a\xbd\xb3\x87\xb1\xd6\x98\x35\xd4\x5a\xcc\x7b\x3e\x4a\xe4\x23\xa7\xf5\x96\xb3\x27\xd7\x00\xaa\x3c\xa9\x60\x0d\x2a\x09\xbb\xb8\x9b\x65\x6a\x90\xf1\xef\xec\x18\x6d\x49\x10\xce\x78\x12\xb4\x98\x0c\xbb\xbe\xf6\xad\x14\xf8\xd1\x21\x4c\xdd\x84\xa7\x47\x35\xe7\x1e\xee\x8e\x00\x0a\xf0\xe7\x32\x44\x1d\x10\xa8\x05\xe9\x10\x06\xb9\x45\x92\x2a\xfa\xa9\x20\xa5\xda\x04\x32\x37\xe6\x4b\x4e\x08\xbf\x36\xda\xfb\x5f\x20\x04\x2d\x8a\xe9\x6a\x46\xeb\x38\xc9\xbf\x79\x41\x8b\xe9\x5c\xdc\xd5\xd8\xd3\x23\x68\xc3\x94\x12\x68\xef\x6b\xdd\xf4\xf5\xc8\xd5\xea\xcc\x5d\x99\xbc\x0e\x67\xa3\x4f\x42\x8c\x76\xd3\x3a\xf4\x36\x2d\x1a\x5f\x83\xf2\x2e\x89\xba\x6a\xec\x01\x0c\x85\xa0\xbf\x25\x2c\x22\x82\x16\xca\x33\xc5\xe6\x20\x00\x83\x40\xf1\xc6\x28\x99\x23\xb8\x58\x3d\x30\xa6\x9e\x62\xc2\xe5\x69\xf4\x9a\x31\xca\xff\x9a\xc7\x52\xcb\x9f\x1e\xa7\x86\x0f\x05\xe7\x7e\x5e\x50\x9d\xf7\xf7\x26\xe5\xbf\x7a\x34\xae\x7d\xab\xba\x91\x2c\x02\x31\xa4\x4e\xb3\xad\x77\xa8\x47\xae\xa7\x0b\xa4\x8e\xb2\xb7\xb0\x45\xe8\x91\x5b\xe2\x80\x16\x28\xc2\x17\x8b\xad\xce\x5e\xd6\xc0\x3a\x5a\x0a\x5f\x97\x61\x19\xb5\x17\x17\x2e\xa3\x6e\x89\x3c\xea\xf8\x31\xd6\x97\x0e\xa5\x43\x2e\x73\x1a\x61\xce\x60\x5d\x84\x49\xb1\xfa\xa9\x07\x1e\x04\xb2\x17\x26\xc8\xd8\x32\xa6\xee\x36\xba\x3f\x87\x22\x15\x65\xe8\xa0\xa1\x28\xda\xc5\x69\x13\xe6\xfd\xd8\x62\x4b\x3c\x37\x72\x0a\xcf\xf8\x17\x18\x29\x4b\x99\xe6\xed\xc3\x76\x06\xc6\x62\xf0\x5b\xfb\x7c\xa1\x27\x9b\x44\x99\xaf\xbc\x5c\xff\xbd\x6e\x3f\x38\xd7\xf6\xb7\xda\x27\x3c\x5a\xaa\x62\x76\xac\x3e\x6c\x5c\x49\x8a\x24\x77\xe5\xaf\x9e\x77\xf2\x7c\x19\xaf\x62\x6e\xf0\xd5\xf8\x6c\x6f\xc1\x7d\x58\x50\x1e\xab\x42\xcb\x14\xc6\x93\xa0\xa0\xa0\x3d\x35\x70\x1d\xcd\xc5\xcf\x41\x13\xd6\x46\x40\x47\x3b\x35\x76\xa6\xfc\x00\xdc\x6f\xe4\x34\x96\x5f\xa6\x8a\x39\x6c\x91\xaf\x73\x7d\x7f\xed\xbd\x33\x4e\x60\xac\x06\xc3\x43\xd0\x12\x97\x97\xdf\x64\x2e\x07\xd4\x5b\x5d\x04\x26\x7f\x95\x64\x73\xf5\xa3\x86\x31\x87\x53\x16\xaa\x18\xa9\x44\x7f\x2a\x17\x05\x39\x6a\xaf\xee\xca\xaf\xa4\xf7\xff\x6f\x76\x82\xe5\xba\xa5\xf2\x4a\x3f\x7f\x6c\x49\x26\x53\x15\xe2\xfd\x17\x6b\x75\x64\x44\x6d\xc9\xbe\xa9\x35\xc4\xec\xfd\xaa\xc4\x0e\xab\x7f\x02\x00\x00\xff\xff\x76\x18\x75\xa6\xb2\x09\x00\x00")

func apiExistsJsonBytes() ([]byte, error) {
	return bindataRead(
		_apiExistsJson,
		"api/exists.json",
	)
}

func apiExistsJson() (*asset, error) {
	bytes, err := apiExistsJsonBytes()
	if err != nil {
		return nil, err
	}

	info := bindataFileInfo{name: "api/exists.json", size: 2482, mode: os.FileMode(0644), modTime: time.Unix(1675080317, 0)}
	a := &asset{bytes: bytes, info: info, digest: [32]uint8{0x6e, 0xee, 0x11, 0x2c, 0x99, 0x34, 0x28, 0xb7, 0x5e, 0xaa, 0xd, 0x7b, 0x20, 0x57, 0x1b, 0xc, 0x67, 0xf9, 0x8a, 0x5a, 0xa5, 0x2f, 0x87, 0xd2, 0x7c, 0x69, 0x43, 0x46, 0x13, 0xd, 0xa6, 0xbe}}
	return a, nil
}

var _apiExists_sourceJson = []byte("\x1f\x8b\x08\x00\x00\x00\x00\x00\x00\xff\xb4\x96\xcf\x6f\x5a\x31\x0c\xc7\xef\xfc\x15\x56\x4e\x9b\xc4\xfa\xee\xec\x54\x89\x4a\xeb\x75\xdb\xad\xaa\x68\x48\xfc\x48\xa4\xbc\xe4\xcd\x71\x0a\x08\xf1\xbf\x4f\xc9\xfb\x51\xa0\xc0\x3a\xa1\x9e\xda\x17\x3b\x5f\x7f\x6c\xc7\x09\xbb\x09\x80\xc0\x8d\x8d\x1c\x17\x31\x24\x52\x28\x66\x90\x17\x01\x84\x0e\x2a\x35\xe8\x59\xb2\x0d\x5e\xcc\x40\x18\xe6\x76\x56\x55\xeb\xf5\xfa\x0e\x9d\x8c\x6c\xd5\x9d\x0a\xd5\x2a\x59\x8d\x15\xfa\xaa\x5f\x8b\x28\x49\x99\x8a\xb0\x46\x42\xaf\xb0\x6a\x64\x64\xa4\x4a\x07\x15\xbf\xad\x90\xef\x0c\x37\x4e\x4c\xbb\x18\x0d\xb2\x09\x3a\x8a\x19\x3c\x89\x1f\x0f\xf7\x73\xf1\xdc\x1b\x12\xb9\x91\x04\x40\xb4\x92\x4d\x46\xa8\x76\xd6\x6b\xdc\xec\xab\x1d\x6f\x5b\xdc\x57\x3b\xab\xf7\xd5\x40\x3e\x3d\xf4\xee\x34\xaf\xfa\x3f\x1f\x6c\x20\x8e\x07\xf1\x00\x84\xd5\x47\xdf\x00\x22\x2b\x08\x98\x81\x88\x4c\xd6\xaf\xc6\x70\xc5\x48\xf8\x27\x59\x42\x9d\x1d\x98\x12\x1e\x19\x35\x46\x45\xb6\x2d\x75\xcc\x02\xbf\x0d\xc2\x50\x5d\x78\x9c\x8b\xd1\x77\x3f\x3d\x00\xc8\xe0\x9f\xcb\xe0\x65\x83\x10\x6a\x60\x83\xd0\x85\x3b\x4b\x52\x82\x7e\x2a\x48\x56\x1b\x40\x86\xc2\x7c\x87\x14\x11\x5e\x16\xd2\xb9\x17\xe0\x00\x35\xb2\x32\xc5\xa3\xb6\x14\xf9\xad\x80\x8d\x64\x65\xac\x5f\x15\xdb\xe3\x1c\xa4\xa2\x10\x23\x48\xe7\x8a\x6e\x3c\x48\x6a\x72\x92\x5c\x6e\xbc\x6c\x4e\x3a\xdf\x4a\x42\xcf\xff\x95\xf0\xb9\x9c\x1e\xe7\x43\x46\x9d\xe0\x08\x7c\xbe\xc8\xed\x38\x30\x37\x45\xfe\xd5\xa2\xb2\xf5\xb6\xc4\xf5\x41\x23\x04\x82\x68\x24\xe9\xb2\x12\x5a\xa4\x32\xce\x10\x4d\x48\x4e\xc3\x12\xa1\x45\xaa\x03\x35\xa8\x21\x78\xf8\xa2\xb1\x96\xc9\xf1\x0c\x48\x7a\x1d\x9a\xaf\xe7\x61\x09\xa5\x63\xdb\x5c\x46\x5d\x86\xe0\x50\xfa\x8f\xb1\xae\x0d\xb2\x41\xca\x4d\xee\x61\x4e\x60\xad\x87\x21\x62\xc9\xa7\xdc\x30\xd0\x04\x8d\x97\xf0\x6a\xc2\x68\x6e\xa3\xfb\xd9\x89\x14\x94\xae\x82\x2a\x78\x96\xd6\x0f\x47\x6d\x3c\x80\x4b\xac\x03\x8d\x85\x1c\xcc\x23\xfe\x05\xc6\x90\x38\x77\xf3\xf6\x66\x5b\x05\xbd\x18\xbc\x4a\x97\x2e\xd4\xe4\xf4\x7a\x3f\x8d\xe7\x6c\xe4\x7f\x1c\x6a\x4a\xa5\xfc\xb5\x74\x11\x73\xb3\x08\x39\x91\x2f\xc9\xf6\xea\x50\x5b\x74\x3a\x3b\xf9\xc0\xd3\xfc\x57\x42\x16\xce\x93\x50\x4c\xf1\x6d\xdf\x55\xcc\x05\x6e\x94\x4b\xfa\x16\xdc\xfb\x33\x91\x7b\x55\xa8\x29\x74\x67\xac\x43\x41\x7d\x9c\xc0\x75\x34\xeb\x3f\x07\x8d\x49\x2a\x06\xe9\xf5\x50\xd8\x91\xf2\x03\x70\xaf\x48\xb1\x97\x3f\x4f\xe5\x53\xb3\x44\xba\xce\xf5\xb0\x69\x9d\x55\x96\xa1\x57\x83\x6e\x13\xd4\x81\xf2\xe1\x57\x89\xf2\x05\xb5\x2d\x83\x40\xc1\x5d\x25\x59\x5c\x7d\x35\xd0\xa7\xe6\x98\x25\x14\x8c\x98\xad\x4f\xc2\x7a\x46\xf2\xd2\x89\x69\xfe\x75\xf2\xfe\xff\xc5\x8a\x31\x7f\xd7\xe1\xe8\x1d\xbf\x3e\x24\x43\x52\x05\xe2\xfd\x9b\x30\x39\x48\x44\x2c\x83\xde\x8a\x19\xf8\xe4\xdc\x24\xdb\xf6\x93\xbf\x01\x00\x00\xff\xff\x22\x25\x34\xa8\x2a\x09\x00\x00")

func apiExists_sourceJsonBytes() ([]byte, error) {
	return bindataRead(
		_apiExists_sourceJson,
		"api/exists_source.json",
	)
}

func apiExists_sourceJson() (*asset, error) {
	bytes, err := apiExists_sourceJsonBytes()
	if err != nil {
		return nil, err
	}

	info := bindataFileInfo{name: "api/exists_source.json", size: 2346, mode: os.FileMode(0644), modTime: time.Unix(1675080317, 0)}
	a := &asset{bytes: bytes, info: info, digest: [32]uint8{0x66, 0x38, 0x24, 0x4a, 0x3f, 0xc8, 0x87, 0xef, 0x86, 0x8c, 0xac, 0x12, 0xe2, 0xdd, 0x4a, 0xbb, 0x42, 0xed, 0xdb, 0x59, 0x12, 0x43, 0x43, 0x90, 0xce, 0xd8, 0xce, 0xc1, 0x3d, 0x54, 0xa5, 0xf0}}
	return a, nil
}

var _apiExplainJson = []byte("\x1f\x8b\x08\x00\x00\x00\x00\x00\x00\xff\xb4\x96\xc1\x6e\xfa\x38\x10\xc6\xef\x3c\xc5\xc8\xa7\xfe\x25\xda\xdc\xb9\x21\xb1\x5a\x55\xaa\xca\x6e\xcb\xad\xaa\x90\x89\x27\x8d\x25\xc7\x4e\xc7\xe3\x02\x8b\x78\xf7\x95\x13\x87\x0d\x28\xa1\xbb\x62\x7b\x42\xb1\x9d\x6f\x7e\xf3\xcd\x8c\xc3\x61\x02\x20\x70\x57\x1b\xa9\xad\x98\x41\x7c\x04\x10\xca\xe5\xa1\x42\xcb\x92\xb5\x8b\xcb\xa2\x64\xae\x67\x59\xb6\xdd\x6e\x1f\xd0\x48\xcf\x3a\x7f\xc8\x5d\xf6\x11\xb4\xc2\x0c\x6d\x96\xd6\x3c\x4a\xca\xcb\x8c\xb0\x40\x42\x9b\x63\x56\x49\xcf\x48\x59\xbb\x7e\x9f\xc2\x3c\x94\x5c\x19\x31\x6d\x23\x55\xc8\xa5\x53\x5e\xcc\xe0\x4d\xfc\xfe\xdb\x4a\x4c\x41\xfc\xb1\x7c\x5d\x89\xf7\xb4\x1f\xc8\x9c\xb0\x00\x44\x2d\xb9\x8c\x3c\xd9\x41\x5b\x85\xbb\x63\x76\xe0\x7d\x8d\xc7\xec\xa0\xd5\x31\x5b\x77\x79\x4c\xfb\xc7\x5b\xed\xeb\x2f\xbc\xf7\xde\x20\xf6\xbd\x88\x00\x42\xab\xb3\x67\x00\x11\x25\x04\xcc\x40\x78\x26\x6d\x3f\x4e\xf1\x9a\x4d\xc2\xcf\xa0\x09\x55\x3c\xc0\x14\xf0\x6c\x53\xa1\xcf\x49\xd7\x8d\xad\x51\x60\x55\x22\x74\x66\xc3\xe3\x42\x9c\xce\x1e\xa7\x3d\x80\x48\xfe\xb3\x0c\x56\x56\x08\xae\x00\x2e\x11\xda\x70\x83\x24\x4d\xd0\x1f\x05\x89\x6a\x1d\x48\x67\x4c\x8f\x65\x72\xc1\x14\xeb\x25\xab\x8b\x82\x49\x2b\xcd\xfe\x2f\x5c\x6f\xb5\x51\xb9\xa4\xf1\xf2\x6d\x9c\x33\x28\xad\xb8\x4a\xf5\x5a\x63\xae\x8b\x3d\x6c\x4b\xe4\x12\x09\x3a\x55\x0f\xd2\x2a\xa8\x09\x0b\xbd\x83\xcf\x80\xa4\xd1\x83\xb6\x0d\x79\x7c\xdc\x43\x6b\x48\xf7\x50\xba\x60\x14\x6c\x10\x12\x9e\x82\x3b\x85\x85\x0c\x86\x67\x50\x48\xe3\xf1\xd7\xb0\xe7\xe9\x38\xfd\x27\xdf\x87\xac\xed\x84\xa0\x70\x34\x42\x39\x4c\x90\x30\xd7\xae\x46\x92\xec\xc6\x49\xd0\x86\xea\x9c\xc3\x35\x08\x3e\xee\xbe\x89\xf9\xf3\x42\x4c\xc5\xf2\xe5\x9f\x71\xeb\xcb\x37\x0a\xcb\x97\xef\xf3\x48\xe7\xa1\xc3\x69\xf2\x19\x70\xfc\x6e\xfe\xbc\x00\x47\xb0\x7c\x19\x71\x56\x15\x37\x7b\xda\xb1\x14\x1a\x8d\x1a\x05\x39\xd5\x79\x2d\x8d\x19\x81\xf1\xec\x08\xd5\xba\x11\xf2\x83\x5c\x33\x10\x46\x7b\xbe\x0e\x35\x87\xdc\x55\x95\xbc\xf7\x18\x27\x83\x51\x41\x7c\x27\x4e\x54\x1b\xa0\x25\xf5\xc0\x0e\x08\x39\x90\xed\x5a\x96\xd0\xd7\xce\x7a\x1c\xa6\x33\x68\x75\x9c\xc4\xff\x75\x92\x0a\x47\x95\xe4\xfb\x8d\xf4\xa8\x92\x55\x85\xd4\x26\x10\x7a\xb8\xf3\x21\x2f\x41\x7a\xa8\xc9\x7d\x69\x15\xcd\x64\xdc\x71\xe4\x96\x60\x43\x85\xa4\xf3\x36\x97\x5f\xbd\xd1\xd2\x1f\x36\x26\x39\x9c\x43\x2d\xe9\x5a\x0a\xff\xb6\xe4\x8f\x8b\xee\x7e\x6a\x05\x87\xae\xa9\x7e\xd4\xd3\xd7\xf0\xa6\xc8\x9d\x77\x31\xae\x75\x0a\x63\x63\xfb\x52\x92\x6a\x56\xda\x51\xd0\xce\xf6\xbc\xa8\x91\xa2\xc1\xa8\xc0\xd9\x5e\x0b\x92\xb4\xca\x55\x23\x4d\xf8\x79\x13\xe3\x9f\x4d\x09\x53\x3f\x3d\x85\x1c\xed\xc5\x1d\xe3\xf7\x96\xe5\xc8\xa7\x85\x5c\xe0\x18\xe1\x76\x93\x74\x0e\x49\x0c\xbe\xa4\x09\x23\x1d\xbd\xf6\x2e\xd0\x95\xa2\x7c\x3f\x6a\x2b\x0a\x4d\x19\x9a\xcb\xbb\x37\x50\x31\xfb\xa4\x9e\xee\x05\x47\x60\x1d\x4f\xe3\xaf\x3c\xcd\xe3\xe5\x20\x5e\xc5\x5c\xe3\x2e\x37\x41\xdd\x82\x3b\x1f\x88\x9c\x54\xa1\x20\x57\xa5\x5b\x20\xa2\xa0\x3a\x4f\xe0\x3a\x9a\xb6\x3f\x83\xc6\x24\x73\x6e\x3e\xb2\xc9\xd8\x13\xe5\x18\xdc\xa4\xff\x9b\x50\xc5\xc6\xa9\x7d\xff\x2f\xe4\xd0\x4c\xb7\x5d\xaa\xb0\xd0\x56\x37\x63\x14\x7c\x73\xe3\x94\x08\x6d\x53\x2f\x5e\x9f\xda\x38\x51\xfb\x38\x39\x4e\xfe\x0e\x00\x00\xff\xff\x5c\x50\x01\xdc\x38\x0b\x00\x00")

func apiExplainJsonBytes() ([]byte, error) {
	return bindataRead(
		_apiExplainJson,
		"api/explain.json",
	)
}

func apiExplainJson() (*asset, error) {
	bytes, err := apiExplainJsonBytes()
	if err != nil {
		return nil, err
	}

	info := bindataFileInfo{name: "api/explain.json", size: 2872, mode: os.FileMode(0644), modTime: time.Unix(1675080317, 0)}
	a := &asset{bytes: bytes, info: info, digest: [32]uint8{0x3c, 0xbe, 0x62, 0x17, 0xeb, 0xaf, 0xb1, 0xf6, 0x5d, 0xcf, 0x79, 0xec, 0x23, 0xaa, 0x48, 0x40, 0x61, 0x3d, 0x6c, 0x9e, 0xfe, 0x76, 0x87, 0x3a, 0xd1, 0x9b, 0xca, 0x18, 0x8a, 0xed, 0x14, 0xd6}}
	return a, nil
}

var _apiField_capsJson = []byte("\x1f\x8b\x08\x00\x00\x00\x00\x00\x00\xff\xb4\x93\x4f\x6b\xdc\x30\x10\xc5\xef\xf9\x14\x0f\x9d\x52\x70\xd6\xf7\xed\xa9\x87\xd2\x63\x0b\x0d\xf4\x10\x82\xa3\x95\xc6\x91\x40\xd6\x08\x69\x9c\x4d\x08\xfb\xdd\x8b\x6c\xef\xc6\xf9\xb3\xa5\x87\xf6\x66\x66\xac\x79\xef\xfd\x34\x7a\xbe\x00\x54\xef\x29\xd8\xce\xe8\x54\xd4\x16\xb5\x02\x28\xcb\x66\x1c\x28\x8a\x16\xcf\x51\x6d\xa1\x9c\x48\xda\xb6\xed\x7e\xbf\xdf\x50\xd0\x45\xbc\xd9\x18\x6e\xef\x47\x6f\xa9\xa5\xd8\x2e\xb5\x42\x3a\x1b\xd7\x66\xea\x29\x53\x34\xd4\x0e\xba\x08\xe5\x76\xae\x5f\x4d\x4a\x57\x55\x69\xe3\x64\x08\xaa\x99\xc5\x06\x12\xc7\xb6\xaa\xdf\xa8\x6f\x5f\xaf\x55\x03\xf5\xe3\xfb\xcf\x6b\x75\xbb\xf4\xc7\x1c\x4e\xce\x00\x95\xb4\xb8\x6a\xa9\xed\x56\xce\x9b\x75\x77\x1a\xb5\x14\x70\xe6\xc7\x5a\x7f\xf6\xd1\xd2\xe3\xe1\x55\x7f\x69\xdf\xae\x06\x66\x29\x2b\x7d\x40\x4d\xc7\x5e\x95\x00\x25\x4f\x89\x14\xb6\x50\xc1\x17\x59\xc9\x54\x9a\x54\x4c\xf6\x69\x62\x59\xff\xf8\x02\xc3\xc3\xa0\xaf\x0a\x25\x9d\xb5\x90\x45\x3d\x03\xee\x31\x4d\x46\xd4\x03\x95\xcf\x18\x0b\xe1\xae\xd3\x21\xdc\x81\x33\x68\x48\xf2\x84\x22\xd9\xc7\x7b\x08\x23\x51\xee\x39\x0f\x10\x47\xe0\x44\x79\xba\x2a\x70\x84\x0e\xa1\xce\xf1\x86\x4e\x69\x80\xc3\xf2\x75\x58\xe7\xd2\xc3\x9b\x60\x13\x87\xf2\x5f\x92\x4d\xa3\xe7\x64\x2b\x57\xab\xdb\xf0\xf7\x91\x33\x75\x63\xd4\x0f\xda\x07\xbd\x0b\x74\xd6\xc7\x8e\x39\x90\x8e\x7f\xb6\xf2\xcb\x91\x38\xca\x28\x89\x8c\xef\x3d\x59\x18\x8e\x26\x93\xd0\x91\x0e\x8a\xe3\x31\x58\xec\x08\xb3\xb8\xc5\xde\x51\xc4\xca\x02\x2e\x07\x5f\x4a\x25\xce\x19\x26\x70\x21\xfb\xe9\x63\xfb\x3a\x04\xde\x77\x91\xbb\x23\xfa\x7f\x62\x5e\x78\xb1\x06\xdf\x43\x63\xef\x83\x35\x3a\xdb\x53\x02\x7a\x4c\x99\x4a\xa9\x37\x9f\xa9\x70\x78\xa0\x02\x1f\x85\x11\xf9\x5d\xdc\x0d\x2e\xaf\x9d\xaf\x7d\x13\x46\x4b\xe5\xb8\x5b\xcb\x4a\x71\x9e\xd3\x47\x3e\x4d\x77\xfa\x81\xb0\x23\x8a\x2f\x10\xcf\xa4\xa7\xc7\xa4\xa3\xed\x8e\xfe\xce\xa7\xa7\x38\x0e\xaf\xa3\xf3\x94\xba\xd4\xee\x8d\xe2\x44\x51\x35\x6a\x26\xad\x1a\x15\x39\x92\x6a\x2a\x5c\x75\xfb\x06\x58\xaf\xc7\x20\xd3\xcc\xf9\xd0\x5f\xe2\x9c\x9d\xbe\x90\x5c\x11\x94\xf7\xcc\x20\x4e\x0b\x74\x9e\x9e\x58\x6c\x96\x15\xa8\xac\x76\x2c\x6e\xf3\xc1\xfb\xba\x58\xa1\x51\x3b\xb6\x4f\x6a\x8b\x38\x86\x70\x51\x7b\x87\xdf\x01\x00\x00\xff\xff\x3d\xd8\x62\xbc\x71\x05\x00\x00")

func apiField_capsJsonBytes() ([]byte, error) {
	return bindataRead(
		_apiField_capsJson,
		"api/field_caps.json",
	)
}

func apiField_capsJson() (*asset, error) {
	bytes, err := apiField_capsJsonBytes()
	if err != nil {
		return nil, err
	}

	info := bindataFileInfo{name: "api/field_caps.json", size: 1393, mode: os.FileMode(0644), modTime: time.Unix(1675080317, 0)}
	a := &asset{bytes: bytes, info: info, digest: [32]uint8{0x54, 0xd6, 0xd7, 0xd3, 0x16, 0x25, 0x55, 0xa9, 0x8, 0x9d, 0x31, 0x3f, 0x14, 0x57, 0xb9, 0x5d, 0x19, 0xd5, 0x15, 0xf4, 0x4b, 0x37, 0xf3, 0xd2, 0x19, 0xcc, 0x2c, 0x2f, 0x3f, 0xb1, 0x48, 0xfc}}
	return a, nil
}

var _apiGetJson = []byte("\x1f\x8b\x08\x00\x00\x00\x00\x00\x00\xff\xb4\x96\x4b\x6f\xe3\x36\x10\xc7\xef\xfe\x14\x03\x9e\x76\x81\x6c\x74\xd7\x6d\x81\x2c\x8a\x5c\xdb\x00\x3d\x2c\x02\x2d\x4d\x8e\x2c\x02\x14\x47\x1d\x0e\x37\x09\x02\x7f\xf7\x82\xd4\x63\x9d\x44\x56\x5d\xb8\x3d\x59\xe2\x63\xfe\xbf\x79\xca\xaf\x3b\x00\x75\x40\x51\x35\xe4\x47\x00\x65\xc9\xa4\x1e\x83\x68\x71\x14\x54\x0d\xaa\x13\x19\xea\xaa\x7a\x7a\x7a\xba\x45\xaf\xa3\x38\x73\x6b\xa8\x3a\x24\x67\xb1\xc2\x50\x4d\x6b\x11\x35\x9b\xae\x62\x6c\x91\x31\x18\xac\x7a\x1d\x05\xb9\xb2\x64\xe2\x97\x03\xca\x6d\x27\xbd\x57\x37\xa3\x46\x8f\xd2\x91\x8d\xaa\x86\xef\xea\xb7\x6f\x0f\xea\x71\x5a\x4f\xec\x17\x10\x00\x35\x68\xe9\x32\x41\xf5\xea\x82\xc5\xe7\x63\xf5\x2a\x2f\x03\x1e\xab\x57\x67\x8f\x93\xa9\xe9\xd4\x68\x6a\xfd\xdc\xc9\xfd\xc6\x92\x19\x57\x1f\x4f\xae\xb3\xc4\x13\x55\x00\xe5\xec\x9b\x77\x00\x95\xed\x29\xa8\x41\x45\x61\x17\x0e\x8b\x78\xd9\x64\xfc\x2b\x39\x46\x9b\x0f\x08\x27\x7c\xb3\x69\x31\x1a\x76\x43\x09\x66\x36\xf0\xd0\x21\xcc\x21\x86\xfb\x3b\xb5\x9c\x3d\xde\x9c\x00\x64\xdc\xff\x97\x21\xe8\x1e\x81\x5a\x90\x0e\x61\x94\x5b\x25\x29\xa2\xff\x06\x64\x4d\x2b\x5f\x98\xb5\x16\xdf\x3f\xa5\x88\xf0\xa3\xd1\xde\xff\x00\x21\x68\x51\x4c\x57\x4e\xb4\x8e\xa3\xfc\x3a\xd7\x6b\x31\x9d\x0b\x87\xb2\x77\x7f\x07\xda\x30\xc5\x08\xda\xfb\x62\x37\x7e\x3e\x01\xdf\xbd\x73\x20\x27\x57\xf7\xef\xb3\x1b\x8c\x4f\x16\x9b\x7c\xbb\xc9\x61\xb8\xca\xbf\x3f\x3b\x94\x0e\x39\xbb\xa0\xad\x2d\x90\xc5\xdd\x12\x5f\xa1\xb2\xc0\x18\x07\x0a\x11\xd7\x43\x1c\x85\x18\x6d\xd3\x3a\xf4\x36\xae\xb2\xd4\xa0\xbc\x8b\xb2\x0d\xf2\x15\x0c\xf5\xbd\xfe\x12\x31\x3b\x2d\x68\x21\xdf\xc9\x61\x1f\x05\x60\x14\xc8\x4c\x8c\x92\x38\x80\x0b\x17\xd0\x0d\x9a\x31\xc8\xd5\x25\x70\x7f\x37\x17\xc0\x68\x70\xc9\xef\x19\xd5\x65\x8e\x5c\xa5\xfc\xc7\x80\xc6\xb5\x2f\x45\x37\x90\x45\x20\x86\xd8\x69\x1e\xf3\x44\x03\x72\x99\x72\x10\x3b\x4a\xde\xc2\x1e\x61\x40\x6e\x89\x7b\xb4\x40\x01\x3e\x59\x6c\x75\xf2\x52\x03\xeb\x60\xa9\xff\xbc\x0e\xcb\xa8\xbd\xb8\x8d\x3a\xda\x13\x79\xd4\xe1\x32\xd6\xa7\x5f\x05\x35\xc1\xbc\x83\x75\x01\x66\xc5\xe2\x4f\x19\xbc\xd0\x93\x3d\x93\x41\xc6\x96\x31\x76\xd7\xd1\xfd\x3e\x1a\x29\x28\x63\x04\x0d\x05\xd1\x2e\xcc\x9d\xb9\xf4\xeb\x1e\x5b\xe2\x25\x90\xf3\xf6\x82\x7f\x86\x91\x92\xe4\x6c\x5e\x9f\x6c\x67\x60\x32\x06\x3f\xb5\x4f\x67\x62\xd2\x44\x4a\xbc\x51\x5c\xff\xdc\x6e\x0f\x9c\x4a\xf8\x5b\xed\x23\x9e\x34\x55\x76\x76\xb2\x3e\x76\x5c\x3e\x14\x48\x6e\xf2\xaf\x5e\x7a\xf2\x7d\x33\x6e\x62\x36\xf8\x5c\x46\xd6\x15\xb8\x5f\x57\x94\x27\xab\xd0\x32\xf5\xd3\x24\xc8\x28\x68\xdf\x3a\xb0\x8d\x36\x4d\xd3\xff\x1c\x4d\x58\x1b\x01\x1d\xec\x1c\xd8\x85\xf2\x02\xb8\x9f\xc8\x71\x32\xbf\x4e\x15\x52\xbf\x47\xde\xe6\xfa\xf6\x3c\x78\x67\x9c\xc0\x64\x0d\xc6\x4b\xd0\x12\xe7\xe2\x37\x89\xf3\x80\x7a\x29\x8d\xc0\xe4\x37\x49\x9a\xcd\xef\x28\x86\xd4\xbf\x65\xa1\x82\x11\xf3\xee\x77\xe5\x82\x20\x07\xed\xf3\x5f\x19\x7c\xfe\xf8\xdc\x1c\x04\xf3\x7b\x4b\xb9\xa4\x1f\x2f\x6b\x92\xd9\xa9\x02\xf1\xf1\x0b\xba\x3b\x71\x44\xed\xc9\xbe\xa8\x1a\x42\xf2\x7e\x97\xf7\x8e\xbb\xbf\x03\x00\x00\xff\xff\xd9\x5d\x20\xa1\x37\x0a\x00\x00")

func apiGetJsonBytes() ([]byte, error) {
	return bindataRead(
		_apiGetJson,
		"api/get.json",
	)
}

func apiGetJson() (*asset, error) {
	bytes, err := apiGetJsonBytes()
	if err != nil {
		return nil, err
	}

	info := bindataFileInfo{name: "api/get.json", size: 2615, mode: os.FileMode(0644), modTime: time.Unix(1675080317, 0)}
	a := &asset{bytes: bytes, info: info, digest: [32]uint8{0x35, 0x17, 0x5d, 0x39, 0xf5, 0x78, 0xc4, 0x3a, 0xdc, 0xa6, 0x60, 0x9, 0x5b, 0x6d, 0x5f, 0xd5, 0xe6, 0xbe, 0x39, 0x69, 0xc, 0x4f, 0x74, 0x14, 0xcb, 0x3c, 0x8e, 0xf1, 0x14, 0x3f, 0xea, 0x75}}
	return a, nil
}

var _apiGet_scriptJson = []byte("\x1f\x8b\x08\x00\x00\x00\x00\x00\x00\xff\x84\x90\xcd\x6a\x03\x31\x0c\x84\xef\x79\x0a\xa1\x73\x1b\xdf\x7d\x6e\x29\x3d\xb7\xb7\x12\x82\x6b\x2b\xbb\x06\xff\x6c\x65\x99\x10\xc2\xbe\x7b\x71\xd6\x2c\x1b\x42\xe9\xcd\xd2\x0c\x33\x9f\x75\xdd\x01\xe0\x40\x72\x2c\x96\xfd\x24\xa8\xa1\x6d\x00\xd0\x65\x5b\x23\x25\x31\xe2\x73\x42\x0d\x38\x8a\x4c\x5a\xa9\xf3\xf9\xbc\xa7\x60\x8a\x78\xbb\xb7\x59\x0d\xd5\x3b\x52\x94\x54\xdf\x15\x32\x6c\x47\xc5\x74\x22\xa6\x64\x49\x45\x53\x84\x58\xc5\xec\x6a\xa0\xf2\xbc\xd4\xf8\x34\xec\x47\x89\x01\x9f\x96\xb2\x48\x32\x66\x57\x50\xc3\x17\xbe\xbd\x7e\xe2\xa1\xef\x2b\x87\x95\x08\x00\x27\x23\x63\x43\x51\x9d\xb6\xa8\xab\x77\x73\x0f\xe9\xfa\x2d\xe4\xc1\x02\x87\x8d\x89\xa5\x6c\x52\x01\xd0\xbb\xbb\x19\x00\xe5\x32\x11\x82\x06\x2c\xc2\x3e\x0d\x6b\xc5\x72\x1a\xea\xbf\xc8\xe9\xe6\xf9\xb8\x4d\xf0\xfe\x72\x6f\x63\xfa\xa9\x9e\xc9\x35\x8f\x70\xa5\x55\x9b\xfb\x6b\xde\x32\x99\x58\x9a\x71\x43\xb5\x5c\xee\x28\x3e\x52\xae\xf2\x27\x61\xd3\xff\xe1\x9b\xc8\xfa\xd3\x05\x7a\x12\x9c\x32\x83\xcd\x29\x91\x6d\x16\x90\x0c\x4b\x15\x3e\x12\xee\x36\x9c\xf8\x9d\xdd\x05\x35\xa4\x1a\xc2\xae\x69\xf3\x6f\x00\x00\x00\xff\xff\xef\x44\x72\x7c\x3d\x02\x00\x00")

func apiGet_scriptJsonBytes() ([]byte, error) {
	return bindataRead(
		_apiGet_scriptJson,
		"api/get_script.json",
	)
}

func apiGet_scriptJson() (*asset, error) {
	bytes, err := apiGet_scriptJsonBytes()
	if err != nil {
		return nil, err
	}

	info := bindataFileInfo{name: "api/get_script.json", size: 573, mode: os.FileMode(0644), modTime: time.Unix(1675080317, 0)}
	a := &asset{bytes: bytes, info: info, digest: [32]uint8{0x48, 0x7b, 0xfa, 0xe6, 0x4e, 0xb2, 0xfc, 0x5b, 0xf0, 0xaa, 0xa4, 0x96, 0x7, 0x14, 0x7d, 0x28, 0x1f, 0x4f, 0xdb, 0x65, 0x48, 0xa8, 0xa3, 0x5a, 0xab, 0x70, 0xe9, 0x18, 0xe4, 0x32, 0x81, 0xad}}
	return a, nil
}

var _apiGet_sourceJson = []byte("\x1f\x8b\x08\x00\x00\x00\x00\x00\x00\xff\xb4\x95\xcf\x6f\x42\x37\x0c\xc7\xef\xfc\x15\x56\x4e\x9b\xc4\xfa\xee\xec\x34\xa9\xd5\xd4\xeb\xd6\x5b\x55\xd1\x90\xf8\xf1\x22\xe5\xc5\x6f\x8e\x53\x40\x88\xff\x7d\x4a\xde\x8f\x02\x05\xd6\x09\xf5\x04\x2f\x76\xbe\xfe\xd8\x8e\x93\xfd\x0c\x40\xad\x51\x96\x91\x12\x1b\x54\x0b\xc8\x2b\x00\xca\x92\x49\x2d\x06\xd1\xe2\x28\xa8\x05\xa8\x46\xa4\x5b\x54\xd5\x66\xb3\x79\x40\xaf\xa3\x38\xf3\x60\xa8\x5a\x27\x67\xb1\xc2\x50\x0d\x6b\x11\x35\x9b\xa6\x62\xac\x91\x31\x18\xac\x5a\x1d\x05\xb9\xb2\x64\xe2\x6f\x6b\x94\x87\x46\x5a\xaf\xe6\x7d\x8c\x16\xa5\x21\x1b\xd5\x02\x5e\xd5\x9f\x4f\x2f\xea\x6d\x58\x4f\xec\x27\x10\x00\xd5\x69\x69\x32\x41\xb5\x77\xc1\xe2\xf6\x50\xed\x65\xd7\xe1\xa1\xda\x3b\x7b\xa8\x46\xf0\xf9\xb1\x77\x2f\x79\xd3\xff\xed\x68\x03\x4b\x3c\x8a\x07\xa0\x9c\x3d\xf9\x06\x50\x59\x41\xc1\x02\x54\x14\x76\x61\x3d\x85\x2b\x46\xc6\x7f\x92\x63\xb4\xd9\x41\x38\xe1\x89\xd1\x62\x34\xec\xba\x52\xc6\x2c\xf0\xd2\x20\x8c\xc5\x85\xe7\x47\x35\xf9\x1e\xe6\x47\x00\x19\xfc\x67\x19\x82\x6e\x11\xa8\x06\x69\x10\xfa\x70\x17\x49\x4a\xd0\x1f\x05\xc9\x6a\x23\xc8\x58\x98\xdf\x21\x45\x84\xf7\xa5\xf6\xfe\x1d\x84\xa0\x46\x31\x4d\xf1\xa8\x1d\x47\xf9\x2c\x60\xab\xc5\x34\x2e\xac\x8b\xed\xf9\x11\xb4\x61\x8a\x11\xb4\xf7\x45\x37\x1e\x25\x35\x3b\x4b\x2e\x37\x5e\xb7\x67\x9d\xef\x34\x63\x90\xff\x95\xf0\xa5\x9c\x9e\x1f\xc7\x8c\x7a\xc1\x09\xf8\x72\x91\xbb\x69\x5e\xee\x8a\xfc\x77\x87\xc6\xd5\xbb\x12\x37\x90\x45\x20\x86\xd8\x68\xb6\x65\x85\x3a\xe4\x32\xcd\x10\x1b\x4a\xde\xc2\x0a\xa1\x43\xae\x89\x5b\xb4\x40\x01\x7e\xb1\x58\xeb\xe4\x65\x01\xac\x83\xa5\xf6\xd7\xcb\xb0\x8c\xda\x8b\x6b\xaf\xa3\xae\x88\x3c\xea\xf0\x3d\xd6\x4d\x83\xd2\x20\xe7\x26\x0f\x30\x67\xb0\x2e\xc0\x18\xb1\xe4\x53\x2e\x18\x68\xc9\xe2\x35\xbc\x9a\x31\x36\xf7\xd1\xfd\xd5\x8b\x14\x94\xbe\x82\x86\x82\x68\x17\xc6\xa3\x36\x1d\xc0\x15\xd6\xc4\x53\x21\x47\xf3\x84\x7f\x85\x91\x92\xe4\x6e\xde\xdf\x6c\x67\x60\x10\x83\x0f\xed\xd3\x95\x9a\x9c\xdf\xee\xe7\xf1\xbc\x8b\xf2\x1f\x87\x9a\x53\x29\x7f\xad\x7d\xc4\xdc\x2c\x46\x49\x1c\x4a\xb2\x83\x3a\xd4\x0e\xbd\xcd\x4e\x81\x64\x9e\x7f\x35\x64\xe1\x3c\x09\xc5\x14\x3f\xf7\xdd\xc4\x5c\xe2\xd6\xf8\x64\xef\xc1\xfd\xe3\x42\xe4\x41\x15\x6a\xa6\xfe\x8c\xf5\x28\x68\x4f\x13\xb8\x8d\xe6\xc2\xcf\xa0\x09\x6b\x23\xa0\x83\x1d\x0b\x3b\x51\x7e\x03\xee\x03\x39\x0e\xf2\x97\xa9\x42\x6a\x57\xc8\xb7\xb9\x9e\xb6\x9d\x77\xc6\x09\x0c\x6a\xd0\x6f\x82\x9a\x38\x1f\x7e\x93\x38\x5f\x50\xbb\x32\x08\x4c\xfe\x26\xc9\xf2\xe6\xab\x81\x21\xb5\xa7\x2c\x54\x30\x62\xb6\xbe\x2a\x17\x04\x39\x68\xaf\xe6\xa0\x70\xfb\xf5\xff\x72\x2d\x98\xbf\x6b\x3a\x79\xc7\x6f\x0f\xc9\x98\x54\x81\xf8\xfa\x26\xcc\x8e\x12\x51\x2b\xb2\x3b\xb5\x80\x90\xbc\x9f\x65\xdb\x61\xf6\x6f\x00\x00\x00\xff\xff\x5c\x06\xfb\xd9\x26\x09\x00\x00")

func apiGet_sourceJsonBytes() ([]byte, error) {
	return bindataRead(
		_apiGet_sourceJson,
		"api/get_source.json",
	)
}

func apiGet_sourceJson() (*asset, error) {
	bytes, err := apiGet_sourceJsonBytes()
	if err != nil {
		return nil, err
	}

	info := bindataFileInfo{name: "api/get_source.json", size: 2342, mode: os.FileMode(0644), modTime: time.Unix(1675080317, 0)}
	a := &asset{bytes: bytes, info: info, digest: [32]uint8{0x7e, 0x7c, 0x83, 0xf9, 0xc0, 0x22, 0x38, 0xdd, 0xc2, 0xbd, 0xc4, 0x94, 0xc9, 0x21, 0x22, 0xe6, 0x2d, 0xfc, 0xc, 0xcf, 0x46, 0x74, 0x93, 0xad, 0xab, 0xeb, 0x66, 0x67, 0x45, 0xe0, 0x36, 0x11}}
	return a, nil
}

var _apiIndexJson = []byte("\x1f\x8b\x08\x00\x00\x00\x00\x00\x00\xff\xa4\x56\x3d\x8f\xdb\x38\x10\xed\xfd\x2b\x06\xac\x12\x9c\x63\x21\xad\xeb\xbd\x22\xd5\x05\xd8\x3d\x5c\x11\x1c\x64\x9a\x1c\x59\xc4\x51\xa4\x32\x1c\xad\xd7\x58\xf8\xbf\x1f\x86\x92\xfc\x29\x1b\x9b\xb8\x93\xc4\xe1\x7b\x8f\x6f\x3e\xa8\xf7\x19\x80\x72\xc1\xe2\x9b\x5a\x82\xbc\x00\x28\x1b\x4d\xd7\x60\x60\xcd\x2e\x06\xb5\x04\x55\x33\xb7\xcb\xa2\xd8\x6e\xb7\x0b\xf4\x3a\xb1\x33\x0b\x13\x8b\x4d\xe7\x2c\x16\x18\x8a\xe1\x5b\x42\x4d\xa6\x2e\x08\x2b\x24\x0c\x06\x8b\x46\x27\x46\x2a\x6c\x34\xe9\x4b\xa6\x28\x17\x35\x37\x5e\xcd\x7b\x9a\x06\xb9\x8e\x36\xa9\x25\xfc\x50\xdf\xff\x7a\x7e\x51\x73\x50\xdf\xff\x7e\x51\xff\x0e\xeb\x1d\xf9\x83\x26\x00\xd5\x6a\xae\x45\x4c\xf1\x9e\xb1\xf6\xc5\x3b\xef\x5a\xdc\x0f\x68\x43\x40\x8f\x76\x15\x72\xb5\xab\x78\x77\xf6\xfc\x7b\x69\xa3\x99\xfe\x3a\x0a\xca\x14\xc4\xe9\x44\x94\x78\x67\xcf\xde\x01\x94\x10\x28\x58\x82\x4a\x4c\x2e\x6c\x0e\x02\x7b\x6f\x31\x19\x72\x6d\x76\x56\x62\x9e\x06\xaf\xe1\xdb\x93\x3a\xc4\xed\xe7\x27\xf8\x67\xb9\xf9\x08\x05\xe1\xcf\xce\x11\x5a\x09\x60\xea\xf0\x2e\xff\x4b\x8d\x10\x74\x83\x10\x2b\xe0\x1a\xa1\xa7\x9b\x54\x92\x49\x1f\x39\xab\x70\xc9\x86\x91\x6b\xac\xb3\x13\xba\xd9\x05\xad\x38\xae\x9b\x4b\xcb\x83\xf1\x9d\xc5\x52\xb0\x4a\x11\xff\x90\xaa\x7f\x6a\xe4\x1a\x09\x38\x82\xb6\x36\x0b\xcb\x22\xb3\x2b\x1c\xf3\x07\xc2\xd4\xc6\x90\x70\xda\x98\xad\x76\x5c\x56\x91\x4a\x6d\xd8\xbd\x62\x99\x6a\x4d\x36\x3d\x24\xea\x19\x39\x65\xe6\xd0\x35\x6b\x24\x71\x2c\xa3\x82\x89\xad\x43\x59\xd2\x0c\x4d\x97\x18\xd6\x08\x3d\x2d\xac\xb1\x8a\x84\xd0\x52\x34\x88\xd6\x85\x0d\x6c\x1d\xd7\xc7\xac\x42\x6c\x91\x72\x4f\x2f\xe0\x09\x2b\xdd\x79\xe1\x88\xf0\x75\x0e\x0d\xea\x20\x1b\x24\xb6\x25\xd7\x68\xda\x0d\x7c\x31\xf8\xdd\x02\x9e\x91\x25\x72\xa5\xbd\x5f\x41\x15\x09\xb4\xf7\x67\x82\xe6\x10\xc5\xc4\xad\x4b\x08\xa9\x0f\xd6\x61\x07\x21\x86\x2f\x01\x37\x3a\xeb\x7b\xd5\xbe\x43\xf0\x98\xb2\xfc\x00\x91\x00\x7f\x76\xda\x8f\x26\x73\x64\xed\x4f\x0e\x3c\x1c\x55\xe8\x64\xb9\xa7\xfb\x74\x5c\x27\x6c\xbd\x33\x3a\xc1\x1f\xf0\xf5\xf3\x74\x66\x62\x5b\xde\xad\x5a\x0c\x5d\x73\x9e\x88\x98\x73\x90\x64\xf5\xc7\xd0\x7b\x73\x50\x86\x50\x33\x1e\x07\xc1\x90\xb3\xec\x61\x06\x1a\x22\xef\xa5\xf4\xcf\x37\x91\xeb\xf8\x98\x86\x5c\x67\xd3\xc2\x5b\x4d\xd2\x18\x8f\x94\xd0\xb7\xa7\xb1\xcf\x7a\xb0\xa9\x76\x3b\x61\x24\xac\x08\x53\xfd\x1b\x56\x89\x53\x32\x67\xc4\xa8\x4a\xfb\x94\x1f\xc6\x9e\xb8\xf2\xec\x42\x64\x05\x2b\xd9\xbb\x12\xa1\x01\x06\x11\x59\xb5\xae\x2a\x34\x8c\xb6\x4f\x7c\xae\xd4\x46\xff\x87\xc0\xb5\x4b\x27\x1e\xbe\xba\xe4\xd6\x3e\x77\x6a\x7f\x01\xcd\xc1\x55\xb0\x1a\xf9\x07\x60\x79\xed\x0b\xf7\xc8\xf1\x4b\x78\xf9\x60\x2b\xf8\x94\xe7\x56\x9f\xf8\xcf\x3d\xb4\x8d\x10\x22\xd7\x87\x7e\x1b\xf0\x31\x2d\x6e\x18\x1d\x3b\x96\xe4\x3d\x34\x1e\x5a\x34\xae\x72\x06\x06\xb0\xbe\xb7\x6e\x8c\x6d\xd7\x60\xec\x6e\xd7\x92\xac\xff\x7a\xe5\x0e\xa0\x93\x8c\xaf\x48\x69\xd8\x3b\x4d\xd9\xf7\xf0\x07\x49\x07\xb4\x71\x30\x48\x12\x4d\x0c\xa6\x23\xf9\xc9\xd8\xc9\x33\x53\xf4\x77\x95\x3c\x38\x04\x18\x29\x68\x2f\x55\x8d\x6f\xd7\xcf\xe5\x86\xfb\xd2\x8f\x64\xae\x47\xc4\x8d\xbc\x8d\x87\xba\x33\x01\x5c\x8b\xde\x05\xbc\xed\xe2\x47\xaf\xdc\x11\x09\x9c\x95\xaa\x6e\x09\xf3\x15\x91\x12\xb8\x60\x62\x23\xe5\x33\x8e\x86\x94\x4b\x78\xe2\x3e\x9e\x9d\xc8\x53\xeb\x68\x77\xa7\x7f\x66\x53\xa4\x87\x61\x73\xb8\xc9\x2f\x7f\x4b\x66\x23\xf0\x7e\xb6\x9f\xfd\x1f\x00\x00\xff\xff\x95\xed\xb8\x5a\x87\x0a\x00\x00")

func apiIndexJsonBytes() ([]byte, error) {
	return bindataRead(
		_apiIndexJson,
		"api/index.json",
	)
}

func apiIndexJson() (*asset, error) {
	bytes, err := apiIndexJsonBytes()
	if err != nil {
		return nil, err
	}

	info := bindataFileInfo{name: "api/index.json", size: 2695, mode: os.FileMode(0644), modTime: time.Unix(1675080317, 0)}
	a := &asset{bytes: bytes, info: info, digest: [32]uint8{0xa9, 0xc9, 0x1f, 0x70, 0x34, 0x84, 0x5f, 0x59, 0xee, 0x17, 0x2c, 0xe8, 0x86, 0x7, 0x1, 0xf6, 0x1c, 0x10, 0x6, 0x52, 0xc1, 0xb7, 0x65, 0xf1, 0x52, 0x73, 0x30, 0x3b, 0xe8, 0x1a, 0x7f, 0x5f}}
	return a, nil
}

var _apiIndicesAnalyzeJson = []byte("\x1f\x8b\x08\x00\x00\x00\x00\x00\x00\xff\xcc\x91\xbd\x4e\xc4\x30\x10\x84\xfb\x3c\xc5\x6a\xeb\x23\xee\x53\x83\x28\x41\xe2\x3a\x74\x42\x3e\x7b\x72\xb6\x48\xec\xc8\xde\x28\xf7\xa3\xbc\x3b\xca\x0f\x47\xe0\x09\xe8\xac\x59\xef\xcc\xe7\xf1\xad\x20\x62\x1f\xac\x37\xc8\xa5\x0e\xba\xb9\x5c\xc1\x15\x4d\x32\x11\xdb\x68\xfa\x16\x41\xb4\xf8\x18\xb8\x22\x76\x22\x5d\xa5\xd4\x30\x0c\x25\x1a\x9d\xc5\x9b\xd2\x44\x75\xea\xbd\x85\x42\x50\xab\x96\xa1\x93\x71\x2a\xa1\x46\x42\x30\x50\xad\xce\x82\xa4\xd6\x9c\x87\x35\xa7\x74\xd2\x36\xbc\x5b\xa2\x5a\x88\x8b\x36\x73\x45\xef\xfc\xfc\xb4\xe7\x1d\xf1\xeb\xcb\xdb\x9e\x0f\xeb\xbc\x4f\xcd\x9d\x8b\x88\x3b\x2d\x6e\x02\x52\x1f\xdf\xd0\xbb\xed\x68\xf1\xd9\x0c\x89\xd5\xcd\x07\x8b\xf3\xf8\x23\x1e\x36\x2b\x49\xf2\xc6\x7e\xe9\x04\xe7\x5f\x12\x11\xcb\xa5\x03\x53\x45\x9c\x25\xf9\x70\xba\x67\x2e\x65\x21\x9b\xe4\xbb\xb9\xaa\xe9\xce\xde\x81\x82\x6e\x41\xb1\x26\x71\xa0\xd9\x91\x24\x52\x36\xb1\xc3\x2c\xc5\x0e\x69\xe9\xf6\x6e\x34\xae\xa7\x71\x0b\xa7\xdb\xff\x46\x57\x6c\x18\xf9\x18\xed\x65\xfb\x39\x7f\xb3\x1e\x51\xfb\x00\x5a\x7b\x4f\x4a\xe2\x27\x82\xbf\x22\xd1\xfc\x36\x08\x52\x26\x1d\xec\x9c\x2a\x38\x0b\xc5\x40\x83\xf3\xc6\xcd\xca\xbc\x97\x7d\xa6\xec\x62\xdf\x58\x3a\x82\x3a\xa4\x3a\xa6\x16\x76\x41\x9b\x70\xc6\x62\x2c\xbe\x02\x00\x00\xff\xff\x9f\xc4\x0d\xd8\xce\x02\x00\x00")

func apiIndicesAnalyzeJsonBytes() ([]byte, error) {
	return bindataRead(
		_apiIndicesAnalyzeJson,
		"api/indices.analyze.json",
	)
}

func apiIndicesAnalyzeJson() (*asset, error) {
	bytes, err := apiIndicesAnalyzeJsonBytes()
	if err != nil {
		return nil, err
	}

	info := bindataFileInfo{name: "api/indices.analyze.json", size: 718, mode: os.FileMode(0644), modTime: time.Unix(1675080317, 0)}
	a := &asset{bytes: bytes, info: info, digest: [32]uint8{0xde, 0x89, 0x93, 0x64, 0xab, 0xaf, 0x5c, 0x97, 0xec, 0x44, 0xc6, 0x9b, 0xeb, 0x3a, 0x7c, 0x35, 0xf7, 0xa, 0x5c, 0xdc, 0xad, 0x1b, 0xde, 0xbe, 0xc3, 0xf4, 0xc1, 0x9c, 0xc1, 0xe7, 0x6f, 0xe0}}
	return a, nil
}

var _apiIndicesClear_cacheJson = []byte("\x1f\x8b\x08\x00\x00\x00\x00\x00\x00\xff\xcc\x94\xc1\x6e\x32\x39\x10\x84\xef\x3c\x45\xcb\xa7\xac\x44\x98\x3b\xb7\xd5\x3e\xc0\xae\xb4\x91\xf6\x10\x45\xd0\xd8\x45\x6c\xc9\xe3\x9e\xd8\x3d\x81\x28\xe2\xdd\x57\xe3\x99\x05\x42\x20\xfb\x1f\xf2\x4b\xff\x0d\x4d\xdb\x55\xd5\x1f\xed\x7e\x9f\x11\x99\x90\x5c\xb0\x28\x0b\x1b\xc1\x79\x65\xd9\x7a\x98\x25\x0d\x25\x22\xe3\xc4\xf6\x2d\x92\xb2\x06\x49\x66\x49\xc6\xab\x76\xcb\xa6\xd9\xed\x76\x0b\x44\x2e\x1a\xec\xc2\x4a\xf3\xdc\x07\x87\x06\xa9\x99\xbe\x15\x70\xb6\xbe\xc9\xd8\x22\x23\x59\x34\x2d\x17\x45\x6e\x26\xaf\xfb\xea\x55\xad\x16\x5e\xdb\x68\xe6\xa3\x5b\x0b\xf5\xe2\x8a\x59\xd2\xa3\xf9\xeb\xcf\xbf\x1f\xcc\xd3\x54\xe8\x73\x3c\x66\x22\x32\x1d\xab\x1f\xc2\x34\x63\xdc\xa6\xca\x4d\x22\x53\x79\x14\xb9\x38\x40\xa6\x79\x0f\xc9\x61\x7f\xf8\x58\x78\x3a\xbb\x9a\xb5\x9c\x59\x8d\x7c\xb0\xff\xf0\x89\xc8\xe8\x5b\x07\x43\x4b\x32\x31\x14\x3d\x3a\x8f\xc8\x50\x6c\x0e\x5d\x05\x36\x9c\xf8\x9d\xac\xb4\x2d\xdf\x17\x74\x9c\x59\xe1\x68\xb8\x43\xb2\xa5\xaa\x4c\x89\x5b\x90\x0a\xc5\xd0\x06\x25\xf5\x20\xe9\x90\x47\xe0\x47\xdd\xc3\xf4\xeb\x70\x9e\x94\xdb\x8b\xa8\xdb\x80\xe8\x1c\x2b\xdf\x8c\xbb\x11\x89\xe0\xf4\x75\xe2\x3f\x06\x28\x54\xc5\xa8\xaa\x9d\x62\xcc\x2f\xcc\xca\x4f\x01\x33\x4a\x0f\x50\xea\xff\x43\x3b\x8f\x44\x7d\x09\xe9\xb9\xf2\x59\x1f\xfb\x5c\x53\xc5\x00\x45\xa6\x3b\x87\x2d\xf7\x51\x97\xc4\x31\xfe\x76\x3d\xf3\x4b\x8f\xfc\xf6\x1d\x70\xaa\x10\xd5\x19\x2a\xd7\xad\xc2\x73\x92\x8c\x55\x9f\xf8\x95\x43\xe4\x4d\xc4\x85\xef\xff\x39\x5f\xf1\xfe\xc7\x43\x3d\x32\x95\x0e\x36\x6c\x03\x1c\x59\x49\x36\x43\x41\xd3\xcb\xa2\xe2\xa5\x8f\x8e\x36\xa0\x31\x80\x9b\xe0\x9d\x62\xd0\x5d\x1b\x4a\x65\x29\x99\x6c\x94\x02\x77\x83\x16\xc7\x28\xbb\x55\x92\xd5\x24\xfe\x7d\x0d\xa8\x4c\xf1\x28\x6c\x89\x69\x17\xa2\xb3\x9c\xdd\xb1\x0b\xec\xbb\x8c\x52\x82\x24\xca\x28\x12\x5f\x51\x28\x24\x15\x4a\xf2\xa9\xe5\x05\xdd\x3d\xf8\x30\xd4\x6d\xec\x1d\x0a\xad\x57\x1c\xe3\x9a\x8a\xe6\xa9\xc9\x4a\x20\xc9\x51\xdd\xf3\x2b\x68\x03\xa4\x13\xc8\x1b\x04\xb0\xef\x38\xb9\xd5\x7f\xf9\xbe\x22\x80\xd4\xb7\x97\xed\x4b\xed\xbc\x0c\xf5\x47\x23\x1d\x92\x99\x9b\x91\xb8\x99\x9b\x24\x09\x66\x3e\x40\x3e\xed\x9f\x23\xb6\x3a\xc9\x55\x77\xbc\xf6\xc3\x58\xc7\xc4\x27\xa2\x67\x24\xf5\x33\x3b\x52\xcf\x4a\x9c\xeb\xce\x49\xf3\x69\x1c\x06\x66\x1b\x51\xbf\xb8\x31\xd9\xbf\xc4\x42\x3c\x0b\x94\xf1\xd2\xa3\xe8\x77\xbc\xeb\x49\x6a\x7c\xd9\x57\xd6\xef\xec\xcc\xdb\x6c\xc4\x0d\xcb\x24\xf5\x31\xce\x86\xda\x61\xf6\x6f\x00\x00\x00\xff\xff\xfe\x80\x38\xe6\x51\x07\x00\x00")

func apiIndicesClear_cacheJsonBytes() ([]byte, error) {
	return bindataRead(
		_apiIndicesClear_cacheJson,
		"api/indices.clear_cache.json",
	)
}

func apiIndicesClear_cacheJson() (*asset, error) {
	bytes, err := apiIndicesClear_cacheJsonBytes()
	if err != nil {
		return nil, err
	}

	info := bindataFileInfo{name: "api/indices.clear_cache.json", size: 1873, mode: os.FileMode(0644), modTime: time.Unix(1675080317, 0)}
	a := &asset{bytes: bytes, info: info, digest: [32]uint8{0x7a, 0x36, 0xce, 0x30, 0xf3, 0xa, 0xb9, 0xc8, 0x53, 0xb8, 0x82, 0x47, 0xdb, 0x82, 0xb5, 0x4e, 0x61, 0xfd, 0xf8, 0x2c, 0x89, 0xe2, 0x1, 0x2a, 0x24, 0x71, 0x24, 0x99, 0x8e, 0x7a, 0x5f, 0x5c}}
	return a, nil
}

var _apiIndicesCloseJson = []byte("\x1f\x8b\x08\x00\x00\x00\x00\x00\x00\xff\xac\x94\x41\x6b\xe3\x3c\x10\x86\xef\xf9\x15\x83\x4e\xfd\x20\x8d\xef\xb9\x7d\x87\x3d\xef\x42\x0b\x7b\x28\xc5\x55\xa4\x37\x95\x40\xd6\x78\xa5\x71\x9d\x52\xf2\xdf\x17\xd9\xae\xe3\xa4\x69\x59\xd8\xbd\x05\x8d\xf4\xce\x33\x8f\x22\xbf\xad\x88\x94\x8f\xd6\x1b\xe4\x8d\x09\x9c\xa1\xb6\x54\x16\x89\x94\x65\xd3\x35\x88\xa2\xc5\x73\x54\x5b\x52\x4e\xa4\xdd\x56\x55\xdf\xf7\x1b\x04\x9d\xc5\x9b\x8d\xe1\xea\xb9\xf3\x16\x15\x62\x35\xad\x65\xe8\x64\x5c\x95\xb0\x47\x42\x34\xa8\x1a\x9d\x05\xa9\x9a\xba\xdc\x72\x8b\x78\x3b\xb4\xda\x38\x69\x82\x5a\x8f\xdd\x1a\x88\x63\x9b\xd5\x96\x1e\xd4\x8f\xef\x77\xf7\xea\x71\x2a\x74\x29\xcc\x4c\x44\xaa\xd5\xe2\x0a\x4c\xf5\xe6\xa3\xc5\xe1\x58\xd5\x23\xf6\x7a\xb9\x61\x8c\xb9\xdc\xf2\xb8\xd8\x93\x24\x2f\x52\x47\x09\x38\x9c\x2d\x11\x29\x79\x6d\xa1\x68\x4b\x2a\xf8\x2c\x73\x8b\xa1\x94\xf0\xab\xf3\x09\xb6\x94\x25\x75\x38\x2b\x5a\x64\x93\x7c\x3b\x88\x2b\xc7\xff\x27\xc3\x4d\xa3\x29\xa3\xd5\x49\x0b\x2c\x95\x40\xe2\x3d\x4d\x56\x48\x98\x46\xc8\x39\xe6\x38\xfd\x3a\x2e\xa9\x75\x73\x81\x2d\xbe\x01\x77\xf2\x29\x78\xa9\xab\x2f\xd9\xbe\x1d\xda\xe0\x8d\x17\xe2\x16\x69\xb8\x6b\x7a\x0f\x3d\xb1\x9c\x12\xd4\x78\x9d\xf5\xdf\x37\xbe\x6b\x61\xfc\xfe\xf5\xbd\x1b\xed\x39\x91\xe1\x18\x61\x46\x08\xa6\xb1\xd5\x75\x0c\xff\x1c\x39\xa1\xee\xa2\x7e\xd1\x3e\xe8\x5d\xc0\x05\xca\x12\x66\xc7\x1c\xa0\xe3\x19\xcf\x15\xa2\x9f\x0e\xe2\x90\x28\x0f\x64\x1e\xb6\xf0\x98\x04\xc1\x7c\x4f\xd9\x71\x17\x2c\xed\x40\x23\x80\xa5\xde\x21\xd2\x02\x83\x6e\x1a\x9f\xb3\x8f\xcf\x54\xe6\x29\x77\x6a\xff\xbb\x3e\x82\x0e\x81\xfb\x3a\x72\x3d\x85\xff\xbb\x01\x84\x27\x3c\xf2\x7b\xd2\xd4\xfb\x60\x8d\x4e\x76\x9e\x02\x87\x36\x21\xe7\xa2\x39\x21\x73\x78\x41\x26\x1f\x85\x29\xf2\x87\x91\x37\x74\x73\xef\x7c\xa9\x9b\xd0\x59\x64\x7a\xaa\x75\x08\x4f\x94\x25\x4d\x43\x0e\x06\x22\xcf\xe9\x4e\xbf\x80\x76\x40\x3c\x89\xfc\xc4\x00\x0e\xad\x8e\xb6\x7e\xe7\xfb\xca\x00\x62\xd7\x5c\x8e\xcf\xc3\xe4\xb9\xd4\x1f\x54\xf9\xae\xa8\xb5\x1a\x8d\xab\xb5\x8a\x1c\xa1\xd6\x45\xf2\xe9\xe1\xcf\xda\xf6\xba\x0b\x32\xe4\x8e\xc7\xfe\x58\xeb\x48\x7c\x32\xba\x30\x29\x1f\xdd\x91\x38\x2d\xa4\x13\xca\xe3\x8a\xeb\xe9\xef\x50\x9c\xed\x58\xdc\xe6\xca\x63\x5f\x2d\x14\xa9\x1d\xdb\x57\xb5\xa5\xd8\x85\xb0\x2a\xb5\xe3\xea\x77\x00\x00\x00\xff\xff\x45\x40\x19\x2f\xb0\x05\x00\x00")

func apiIndicesCloseJsonBytes() ([]byte, error) {
	return bindataRead(
		_apiIndicesCloseJson,
		"api/indices.close.json",
	)
}

func apiIndicesCloseJson() (*asset, error) {
	bytes, err := apiIndicesCloseJsonBytes()
	if err != nil {
		return nil, err
	}

	info := bindataFileInfo{name: "api/indices.close.json", size: 1456, mode: os.FileMode(0644), modTime: time.Unix(1675080317, 0)}
	a := &asset{bytes: bytes, info: info, digest: [32]uint8{0xdd, 0x7, 0xde, 0x7c, 0x4b, 0x4a, 0x4f, 0x9a, 0xe0, 0xfb, 0x96, 0xc8, 0x49, 0x21, 0xc1, 0x59, 0x7b, 0xe7, 0x74, 0x5e, 0xc5, 0xa9, 0x81, 0x3c, 0xa7, 0x1, 0x82, 0xb8, 0x5c, 0x5d, 0xaa, 0x6f}}
	return a, nil
}

var _apiIndicesCreateJson = []byte("\x1f\x8b\x08\x00\x00\x00\x00\x00\x00\xff\xa4\x93\xc1\x8a\xdb\x30\x10\x86\xef\x79\x8a\x41\xa7\x16\xba\xf6\x3d\xf7\xde\x0b\xbb\xa5\x87\xb2\x38\x8a\xf4\x3b\x12\xd8\x92\x3b\x1a\x35\x09\x4b\xde\xbd\xc8\x72\x52\x6f\x9b\x16\x96\xbd\x85\x19\xcf\xff\x7d\x52\x46\x2f\x1b\x22\xe5\x83\xf5\x06\xa9\x31\x0c\x2d\x50\x5b\x2a\x55\x22\x65\xa3\xc9\x23\x82\x68\xf1\x31\xa8\x2d\x29\x27\x32\x6d\xdb\xf6\x78\x3c\x36\x18\x74\x12\x6f\x1a\x13\xdb\x43\xf6\x16\x2d\x42\xbb\xd4\x12\x34\x1b\xd7\x32\x7a\x30\x82\x41\x3b\xea\x24\xe0\x76\xc1\x3c\x54\xcc\x83\x0f\x16\xa7\xc6\xc9\x38\xa8\x4f\x95\x37\x42\x5c\xb4\x49\x6d\xe9\xbb\xfa\xf2\xf5\x49\x3d\x2f\xf5\xcc\xc3\x4d\x8a\x48\x4d\x5a\x5c\xb1\x69\x5f\xe6\x88\xcb\x32\xbe\x74\xea\xf8\xad\xf7\xbc\x6a\xb2\xa4\x55\x4e\x3d\x38\x4e\xaf\x4a\x44\x4a\xce\x13\x14\x6d\x49\x25\x61\x1f\x0e\xb7\xf4\xb9\xc9\xf8\x91\x3d\xc3\x96\x0f\x84\x33\x5e\x35\x2d\x92\x61\x3f\xcd\xb7\x55\x02\x9e\x1c\x28\xe8\x11\x14\x7b\x12\x07\xaa\xb8\xdb\xc4\x65\xf9\x75\x59\x2b\xea\xf1\x2f\x47\x33\x64\x8b\xae\x68\x75\x25\xed\x4d\xbe\x7f\x2a\x7d\x73\x10\x07\x26\x4d\x65\x8c\x92\x8b\x79\xb0\xb4\x07\xe1\x34\xc1\x08\x2c\xf9\x30\xbb\xee\xa3\x3d\x5f\xbd\x47\x3d\x4d\x3e\x1c\x52\xb3\x72\xff\x4d\x51\x47\xed\xa5\xeb\x23\x77\xda\x88\xff\x89\x2e\x39\xcd\x36\xbd\x4b\xf3\x11\x32\x93\x43\x1e\xf7\xe0\xe2\x51\xb3\xa9\x66\x93\x44\x2a\x54\xea\x23\xd3\x1e\x7d\x64\xcc\x9f\xc7\x09\x3c\x2f\x2b\x31\x24\x73\x48\x8d\xa2\xbb\xca\xe2\x47\xc4\x2c\xff\x74\x2c\xfd\xff\x1b\x7e\x3e\x4d\x83\x37\x5e\x56\xcc\x6b\xe8\x5d\x62\x7d\x03\xdd\xfb\xc1\x8f\x13\x8c\xef\xcf\x57\xda\x7c\x05\x26\x86\x00\x53\x25\x22\x55\xd4\x9d\x3d\xdb\xac\xa4\x54\xf9\x83\xd7\xaf\xea\xde\xf2\x9a\x18\x7a\x7f\xc8\xcb\xf9\x0a\xe9\xb6\xc6\xf4\x61\x97\x20\x52\xd6\x62\x47\x3a\x58\xda\x5d\xb7\x64\xf7\xb1\xa2\x0b\xee\xb2\xb9\x6c\x7e\x05\x00\x00\xff\xff\xf2\x45\xf2\x1f\x63\x04\x00\x00")

func apiIndicesCreateJsonBytes() ([]byte, error) {
	return bindataRead(
		_apiIndicesCreateJson,
		"api/indices.create.json",
	)
}

func apiIndicesCreateJson() (*asset, error) {
	bytes, err := apiIndicesCreateJsonBytes()
	if err != nil {
		return nil, err
	}

	info := bindataFileInfo{name: "api/indices.create.json", size: 1123, mode: os.FileMode(0644), modTime: time.Unix(1675080317, 0)}
	a := &asset{bytes: bytes, info: info, digest: [32]uint8{0xde, 0x9e, 0xec, 0xc9, 0xd6, 0xc4, 0x3d, 0x84, 0x11, 0xcd, 0xcc, 0xb2, 0xcf, 0xcb, 0xa3, 0x13, 0x28, 0x70, 0x5, 0xe0, 0x1b, 0x22, 0xc8, 0x2a, 0x1f, 0xc7, 0xd7, 0x17, 0x38, 0xc3, 0xe9, 0x5c}}
	return a, nil
}

var _apiIndicesDeleteJson = []byte("\x1f\x8b\x08\x00\x00\x00\x00\x00\x00\xff\xa4\x93\x4f\x6b\x1b\x31\x10\xc5\xef\xfe\x14\x83\x4e\x4d\x49\xbc\xf7\xed\xa9\x50\x1f\x0a\xbd\xb5\xd0\x43\x09\xb6\x22\xbd\xf5\x0a\x66\x35\x5b\xfd\x89\x1d\x82\xbf\x7b\xd1\x6a\xed\x38\xc1\x0e\x85\x9c\xbc\xd6\x93\xde\xfc\xe6\x69\xf4\xbc\x20\x52\xce\x5b\x67\x10\x97\x16\x8c\x04\xd5\x52\x59\x25\x52\x56\x4c\x1e\xe0\x93\x4e\x4e\xbc\x6a\x49\xf5\x29\x8d\x6d\xd3\xec\x76\xbb\x25\x58\xc7\xe4\xcc\xd2\x48\xb3\xcd\xce\xa2\x81\x6f\xe6\xb5\x08\x1d\x4c\xdf\x04\x74\x08\xf0\x06\xcd\xa0\x63\x42\x68\xe6\x32\x77\xb5\xcc\x9d\xf3\x16\xfb\x65\x9f\x06\x56\xb7\xb5\xde\x80\xd4\x8b\x8d\xaa\xa5\x3f\xea\xdb\xea\xc7\xea\xd7\x4a\xdd\xcf\x52\x0e\x7c\xe2\x22\x52\xa3\x4e\x7d\x01\x6a\x9e\x27\x97\xc3\xec\x30\x2b\xd5\xe1\xa4\xdd\x9f\x89\x21\xc5\x33\x9f\xda\x3b\xf6\xaf\x96\x88\x54\x7a\x1a\xa1\xa8\x25\xc5\x2e\xa6\x93\xf7\x24\x05\xfc\xcd\x2e\xc0\x16\x39\x85\x8c\x57\xa2\x45\x34\xc1\x8d\x53\x5c\xe5\xf8\x57\x32\x32\x0c\xfa\x2e\x62\xd4\x41\x27\x58\x2a\x86\x24\x1d\xcd\x59\x50\x12\xaa\x71\x7c\xa1\x1c\x41\x9b\xb5\x66\xde\x90\x04\xda\x7c\xde\x50\x4c\xc1\xf9\xed\xcb\x1e\xd2\xcc\xc7\x93\xea\x54\xf7\x30\x7f\x1d\xce\xdb\xd4\xc3\x9b\x3e\x93\x1b\x20\x39\x5d\xed\xb4\xe8\xea\xdd\x66\x56\xfb\x91\x9d\x71\x89\x64\x44\x98\x46\x82\x8e\xa6\x2f\x2c\x2f\x0e\xaa\xde\xfa\xfa\xe3\x85\x7f\x8e\x30\xae\x7b\x3a\x56\xa3\x4e\x02\x19\xf1\x1e\xa6\x42\x08\xd5\x52\x97\x31\xdc\xd6\x4b\xc0\x3a\x7b\xfd\xa8\x1d\xeb\x07\xc6\x45\x94\x96\xd4\x83\x08\x43\xfb\xeb\x30\x2d\xa9\xef\x93\x1b\x9d\xb9\xd1\x34\x41\x88\xf4\xc9\xa2\xd3\x99\x53\x4b\x9d\xe6\x88\x9b\xcb\x38\x9a\x59\x76\x6b\x2f\xeb\xe3\x3d\x7e\x1c\xc6\x75\xa4\x69\xe7\xd8\x1a\x1d\x2c\x61\x3f\x06\xc4\x58\x92\x09\x88\xc2\x8f\x75\xca\xbc\x94\xcc\x4c\x28\x63\x74\x1c\xbe\xff\x23\xc6\x7e\xd4\xde\xae\x8f\x05\xae\x12\xc3\xe7\xe1\x35\xae\x4c\xa4\xd3\x6b\x2c\x7f\xe0\xd5\x2d\x29\xc3\x12\x61\xcb\x97\x17\x8f\xf2\xab\x99\x15\xdd\xbf\x69\x74\x02\x2b\xb6\xf5\xdc\x3b\x29\xfc\xee\x91\x7a\x84\x4b\x09\x44\x8a\xbd\x64\xb6\xb4\x45\xa2\xda\x07\x6c\x49\xa3\x98\x96\x57\x56\x61\x2e\x04\x52\x36\xdc\x5c\x78\x63\x8b\xb3\x74\xd4\x83\xd8\x27\xd5\x92\xcf\xcc\x8b\xa2\x1d\x16\xff\x02\x00\x00\xff\xff\xb8\x9c\x52\xa9\x4f\x05\x00\x00")

func apiIndicesDeleteJsonBytes() ([]byte, error) {
	return bindataRead(
		_apiIndicesDeleteJson,
		"api/indices.delete.json",
	)
}

func apiIndicesDeleteJson() (*asset, error) {
	bytes, err := apiIndicesDeleteJsonBytes()
	if err != nil {
		return nil, err
	}

	info := bindataFileInfo{name: "api/indices.delete.json", size: 1359, mode: os.FileMode(0644), modTime: time.Unix(1675080317, 0)}
	a := &asset{bytes: bytes, info: info, digest: [32]uint8{0x9f, 0x2, 0xe0, 0x7c, 0x35, 0x8d, 0x71, 0x3d, 0x13, 0x2, 0x78, 0x3e, 0x6d, 0x79, 0xe7, 0x87, 0xc7, 0xea, 0x6d, 0xc0, 0x28, 0x79, 0x9d, 0x29, 0x5c, 0x34, 0xba, 0x3d, 0x58, 0xc1, 0x36, 0xec}}
	return a, nil
}

var _apiIndicesDelete_aliasJson = []byte("\x1f\x8b\x08\x00\x00\x00\x00\x00\x00\xff\xbc\x53\x3d\x8f\xd4\x30\x10\xed\xf3\x2b\x46\x53\x81\xc4\xc5\x7d\xa8\x90\xd8\x8e\x0e\x3a\x74\xda\x33\xf6\x2c\xb1\xe4\x2f\x3c\x63\xed\xae\x56\xfb\xdf\x91\x93\x6c\x2e\x77\xdc\x41\x81\x74\xad\xdf\xcb\xfb\x72\x7c\xe9\x00\xd0\x45\xeb\x0c\x71\x6f\xc9\x93\xd0\x5e\x7b\xa7\x19\x07\x68\x18\x00\xda\x64\x6a\xa0\x28\x5a\x5c\x8a\x38\x00\x8e\x22\x79\x50\xea\x78\x3c\xf6\xe4\x35\x8b\x33\xbd\x49\xea\x67\x75\x96\x14\x45\xb5\x9c\x31\xe9\x62\x46\x55\xe8\x40\x85\xa2\x21\x15\x34\x0b\x15\xb5\x98\xdd\x4d\x2e\xc4\xfd\x28\xc1\xe3\x87\xd9\x2a\x90\x8c\xc9\x36\xef\xef\xf8\x79\xf7\x65\xf7\x6d\x87\xf7\x0b\x54\x8b\x5f\x23\x01\x60\xd6\x32\xb6\x2c\xea\xe2\xa2\xa5\xd3\x55\xcd\xa9\xd5\x25\xea\x40\xd7\x45\x6f\xe1\xcd\x7a\xaf\x31\xff\xd0\xa0\x15\xbb\xdf\xc8\x14\xe1\x8d\xff\x3c\x1a\x9d\x9e\x1c\x01\xa0\x9c\x33\x21\x0c\x80\xde\xb1\xac\x29\x26\xa8\xd0\xaf\xea\x0a\xd9\x06\x4b\xa9\xf4\x04\xb4\xc4\xa6\xb8\x3c\x2d\xdc\x3e\xff\x04\x26\x85\xa0\xef\x98\xb2\x2e\x5a\xc8\x42\x13\x84\x74\x80\xc9\x16\x5a\x3e\x86\x77\x5c\x73\x4e\x45\x18\x8e\xce\x5b\xa3\x8b\xe5\xf7\x1f\xa1\x32\xc1\xc3\x5e\x7b\xff\x00\x87\x54\x40\x7b\x0f\xcb\xe6\xb8\x5a\x5e\x1f\xdd\xb1\x69\xbd\x7d\x8f\x65\x6a\x90\x04\xf3\x6f\xf7\xef\x36\x8f\xd4\xd6\xe9\x26\xd0\x3a\xca\x48\xc0\x99\x8c\x3b\x38\xb2\xb7\xb6\xfd\xa6\x6e\xf7\xac\x76\xbb\x50\x1d\x9e\xdd\xa8\xb8\x40\xa9\xca\xab\x5b\x34\x1c\xff\x5a\x77\x77\xca\xde\x19\x27\xd0\xa8\x2c\x3a\xe4\x35\xde\xed\x15\xbd\x7c\x07\xf3\xdb\xd8\xff\x7f\x82\xaf\xd3\x0a\x67\x58\x94\x26\x7b\x93\x62\x24\xd3\x28\x6d\xc2\xd9\xea\x85\x6d\xba\x4d\x28\xfc\x91\xec\x19\x07\x88\xd5\xfb\xae\x61\xd7\xee\x77\x00\x00\x00\xff\xff\xb9\xd3\x87\x6c\x2a\x04\x00\x00")

func apiIndicesDelete_aliasJsonBytes() ([]byte, error) {
	return bindataRead(
		_apiIndicesDelete_aliasJson,
		"api/indices.delete_alias.json",
	)
}

func apiIndicesDelete_aliasJson() (*asset, error) {
	bytes, err := apiIndicesDelete_aliasJsonBytes()
	if err != nil {
		return nil, err
	}

	info := bindataFileInfo{name: "api/indices.delete_alias.json", size: 1066, mode: os.FileMode(0644), modTime: time.Unix(1675080317, 0)}
	a := &asset{bytes: bytes, info: info, digest: [32]uint8{0x9d, 0xef, 0x49, 0x14, 0xd2, 0xe4, 0x1f, 0x45, 0x32, 0x40, 0xe3, 0x7, 0x55, 0x80, 0x36, 0x53, 0x3, 0xdd, 0x44, 0x7d, 0xda, 0xeb, 0x32, 0xcf, 0x94, 0x35, 0xae, 0x3, 0x7f, 0xdd, 0x7c, 0xd8}}
	return a, nil
}

var _apiIndicesDelete_templateJson = []byte("\x1f\x8b\x08\x00\x00\x00\x00\x00\x00\xff\xa4\x91\xbd\x6e\xe3\x30\x10\x84\x7b\x3d\xc5\x62\xeb\x3b\xb1\x57\x7d\xea\xae\x8b\xbb\xc0\x30\x18\x72\x65\x11\xe0\x5f\xc8\x25\x1c\xc3\xd0\xbb\x07\xb4\x64\x59\xce\x5f\x93\x8e\xd8\x19\xce\x7c\xd8\xbd\x34\x00\x68\xbc\x36\x8a\x72\xab\xc9\x12\xd3\x81\xc9\x45\x2b\x99\xb0\x83\x2a\x03\xa0\x0e\xaa\x38\xf2\x2c\xd9\x04\x8f\x1d\xe0\xc8\x1c\x3b\x21\x4e\xa7\x53\x4b\x56\x66\x36\xaa\x55\x41\x1c\x8b\xd1\x24\xc8\x8b\x65\x96\x49\x26\x35\x8a\x44\x03\x25\xf2\x8a\x84\x93\x99\x29\x89\xa5\xef\xef\xad\x28\xb7\x23\x3b\x8b\x7f\xe6\x32\x47\x3c\x06\x9d\xb1\x83\x67\xfc\xd7\xff\xef\x77\x3d\xee\x17\xa9\x24\xbb\x42\x01\x60\x94\x3c\x56\x1a\xb1\x22\x8b\x8b\x97\x8e\xa6\x25\x6a\xb1\xcc\x51\x9f\x4d\xfb\x8d\x2b\x71\xde\x24\x03\x60\xb5\x3c\x4c\x00\x90\xcf\x91\x10\x3a\xc0\xcc\xc9\xf8\xe3\xda\x72\x15\x13\xbd\x16\x93\x48\x57\x03\xa7\x42\x0f\xa2\xa6\xac\x92\x89\xd7\xf5\xd5\x80\xdd\x48\x50\x1b\x20\x0c\xc0\x23\xc1\xba\xf2\xf5\xd3\xb4\xbc\xa6\x2d\xa4\x74\x1f\x28\xd9\x38\x0a\x85\xbf\x05\xad\x3a\xfe\x48\xd2\xbf\x45\x6b\x94\x61\x08\x91\xd2\xf5\xbe\x70\x0b\xbd\xb3\xdc\x13\x70\x3e\xe1\xe1\xf7\xc5\x4f\x91\x94\x19\xce\xb7\x36\x18\x42\x02\x15\xbc\x27\x35\x43\x04\x98\xab\xbe\x58\x49\xb3\x81\xc2\x97\xa0\xcf\xd8\x81\x2f\xd6\x36\x55\x9b\x9a\xf7\x00\x00\x00\xff\xff\xa1\x31\xd7\x4a\xd4\x02\x00\x00")

func apiIndicesDelete_templateJsonBytes() ([]byte, error) {
	return bindataRead(
		_apiIndicesDelete_templateJson,
		"api/indices.delete_template.json",
	)
}

func apiIndicesDelete_templateJson() (*asset, error) {
	bytes, err := apiIndicesDelete_templateJsonBytes()
	if err != nil {
		return nil, err
	}

	info := bindataFileInfo{name: "api/indices.delete_template.json", size: 724, mode: os.FileMode(0644), modTime: time.Unix(1675080317, 0)}
	a := &asset{bytes: bytes, info: info, digest: [32]uint8{0xc4, 0x36, 0x99, 0x59, 0xff, 0xa1, 0xf1, 0x1c, 0x58, 0x19, 0x46, 0x25, 0xc3, 0x4a, 0xb6, 0x5c, 0xd2, 0x25, 0x5f, 0xbe, 0x85, 0x22, 0xfc, 0xf0, 0x25, 0xfd, 0xba, 0x86, 0xb, 0xfc, 0x7d, 0x9a}}
	return a, nil
}

var _apiIndicesExistsJson = []byte("\x1f\x8b\x08\x00\x00\x00\x00\x00\x00\xff\xac\x94\x41\x6b\x1b\x31\x10\x85\xef\xfe\x15\x83\x4e\x2d\x38\xde\xbb\x6f\x81\x16\xda\x6b\x2f\x3d\x94\x62\x14\xe9\xad\x57\xa0\x9d\xd9\x4a\xb3\xb1\x43\xf0\x7f\x2f\xda\xd5\x9a\x4d\x9a\x84\x40\x7a\xf2\xa2\x91\xdf\xfb\xe6\x49\xa3\xc7\x0d\x91\x09\xec\x83\x43\xde\xe1\x1c\xb2\x66\xb3\xa7\xb2\x4a\x64\xbc\xb8\xb1\x07\xab\xd5\x20\x6c\xf6\x64\x3a\xd5\x61\xdf\x34\xa7\xd3\x69\x87\x68\xb3\x06\xb7\x73\xd2\x1c\xc7\xe0\xd1\x80\x9b\xba\x96\x61\x93\xeb\x9a\x84\x16\x09\xec\xd0\xf4\x36\x2b\x52\x53\x6d\x6e\x66\x9b\x5d\xa7\x7d\x34\xdb\xd9\xa9\x87\x76\xe2\x8b\xf5\x2f\x32\xdf\xbe\xde\x7e\x31\xf4\xbb\x96\xc6\x14\xaf\x44\x44\x66\xb0\xda\x15\x94\xe6\x31\xb0\xc7\xf9\x52\x15\x6a\xa5\x2a\x5c\x8b\x8b\xca\x54\x4e\xab\xde\xa6\xa5\x69\xd3\x93\x25\x22\xa3\x0f\x03\x8a\x41\x0c\x59\xaf\xe2\x53\x25\xe1\xcf\x18\x12\xbc\xd9\x93\xa6\x11\x4f\x6a\x1e\xd9\xa5\x30\x2c\x41\xdd\x92\x93\xbe\xb7\x37\x19\x83\x4d\x56\xe1\xa9\xc8\x91\xb4\x34\x79\x12\xdb\x1e\xd9\x5c\x05\x2e\xf5\xeb\xb2\xa6\xb5\xfd\x33\xdc\x28\xce\xc6\xd7\x70\xef\x44\x22\x2c\x9b\xb7\xa8\x7e\x40\xc7\xc4\x34\xe9\x50\xe0\x56\x52\x3f\x1d\xed\x96\xbc\x10\x8b\x52\x82\xa6\x80\x7b\x90\x76\xa0\xac\x56\x41\x6d\x92\x9e\xe6\x03\x24\x16\x0f\xfa\xe4\xd1\xda\x31\xea\x9e\x5a\x1b\x33\x3e\xaf\xba\xd8\xae\xa2\x3d\xb2\x24\x1c\x46\xb6\xf7\x36\x44\x7b\x17\xf1\x11\xf0\xef\x93\x1a\xad\xd4\xe6\x1c\x91\xdf\x89\x63\x63\x94\xd3\x81\xe5\x50\xef\xe0\x7f\x80\x09\x2d\x59\x3a\x85\xe8\x9d\x4d\x9e\x70\x1e\x12\x72\x0e\xc2\x94\x90\x25\xde\x23\x93\x96\x50\xc9\x09\xbb\x04\x9d\x88\x8b\xf5\x3b\x89\x71\x1e\x2c\xfb\xc3\x62\xf0\x2a\x31\x78\xec\x9f\xe2\xca\x44\x5a\x27\x41\x06\xb0\xd9\x92\x71\x51\x32\x7c\xf9\x62\x61\x94\x5f\x1b\xe3\x6a\x3c\x6a\xa3\x13\x58\x91\x9d\xff\xf7\x46\x0a\x3f\x3b\x68\x87\xf4\x52\x02\x99\x72\x27\x63\xf4\x74\x84\xd2\xdc\x07\x7c\x49\xa3\x88\x92\x24\x9a\x61\x5e\x08\xa4\x6c\x78\x25\x8f\x36\x5a\x3d\x64\xa8\x06\x3e\x7e\xe8\xf8\xea\x10\x2c\x52\x14\x98\x8a\x36\xcd\xd3\xf0\xde\xeb\xcd\x2e\x8e\x1e\x87\xba\xf9\x43\x40\x4b\x92\x2a\x65\xfe\x0a\x9b\x8d\x91\xaa\xf2\xc2\x59\xf0\x08\xd6\x75\xe5\x0d\x29\xd3\xb9\xbc\xd9\xcf\xa5\x97\x13\x9c\xe8\xff\x7d\x60\x36\xab\x4e\xcc\x9d\xf8\x07\xb3\x27\x1e\x63\xdc\x94\xda\x65\xf3\x37\x00\x00\xff\xff\xc0\x12\xab\x7e\x0f\x06\x00\x00")

func apiIndicesExistsJsonBytes() ([]byte, error) {
	return bindataRead(
		_apiIndicesExistsJson,
		"api/indices.exists.json",
	)
}

func apiIndicesExistsJson() (*asset, error) {
	bytes, err := apiIndicesExistsJsonBytes()
	if err != nil {
		return nil, err
	}

	info := bindataFileInfo{name: "api/indices.exists.json", size: 1551, mode: os.FileMode(0644), modTime: time.Unix(1675080317, 0)}
	a := &asset{bytes: bytes, info: info, digest: [32]uint8{0xed, 0xd, 0xb0, 0x2c, 0xcb, 0xb9, 0x34, 0x7, 0x67, 0x17, 0x86, 0x13, 0x12, 0x3, 0xee, 0x7b, 0x7f, 0xc2, 0xc1, 0x45, 0x4e, 0x98, 0x7, 0x2b, 0x80, 0x9c, 0x16, 0xd9, 0xd1, 0x78, 0xc9, 0x80}}
	return a, nil
}

var _apiIndicesExists_aliasJson = []byte("\x1f\x8b\x08\x00\x00\x00\x00\x00\x00\xff\xac\x94\xc1\x6e\xdb\x3c\x10\x84\xef\x7e\x8a\x01\x4f\x09\xe0\x58\x77\xdd\x02\xfc\x3f\xd0\x73\x51\xa0\x87\x20\x70\x68\x72\x15\x11\xa0\x76\x55\x72\x65\x3b\x08\xfc\xee\x05\x25\xd5\x76\x1c\xa7\x48\x8b\x5e\x35\xd4\xec\xcc\x27\x2d\x5f\x17\x80\x09\xec\x83\xa3\xbc\xa2\x7d\xc8\x9a\xd7\x36\x06\x9b\x4d\x8d\xa2\x01\xc6\x8b\x1b\x3a\x62\xb5\x1a\x84\x4d\x0d\xd3\xaa\xf6\x75\x55\xed\x76\xbb\x15\x45\x9b\x35\xb8\x95\x93\xea\x79\x08\x9e\x2a\xe2\x6a\x7e\x96\xc9\x26\xd7\x56\x89\x1a\x4a\xc4\x8e\xaa\xce\x66\xa5\x54\xcd\xc3\xee\xc6\x29\x94\x57\xad\x76\xd1\x2c\xa7\x51\x1d\x69\x2b\xbe\xcc\x7e\x30\x5f\xfe\xbf\xff\xcf\x3c\xce\xc2\x90\xe2\x31\x10\x60\x7a\xab\x6d\x49\x52\x4d\x59\xab\x57\xb6\x1d\x1d\x66\x97\x59\x9f\x5c\x2e\x4f\xc0\x54\xaf\x81\x3d\xed\x0f\x17\xca\xe3\xd9\xcb\x49\xf3\xd9\xb4\x09\x10\xed\xdf\x3c\x02\x8c\xbe\xf4\x64\x50\xc3\xc4\x90\xf5\x38\x7b\x42\x46\xd9\xa5\xd0\x8f\xc0\xca\x89\x7b\x38\xe9\x3a\x7b\x97\xa9\xb7\xc9\x2a\x79\x94\x77\x20\x0d\x46\x67\x94\x08\x19\x2a\x68\x42\x54\x4a\x98\xd9\x98\xa3\xe7\xe1\x64\x6f\xca\xe1\x3f\xc8\x92\xe8\xc7\x10\x12\xf9\x22\x6b\x1a\xe8\x2f\x83\x8e\x91\x4e\x41\x13\xe9\x90\xf8\x2c\xe0\xe2\x22\x68\xc1\x68\xbb\x4b\x8e\xcf\x2c\x89\xd6\x03\xdb\xad\x0d\xd1\x6e\xe2\xc7\x45\x36\x22\x91\x2c\xff\x9e\xeb\xf7\x96\xb4\xa5\x84\xdc\x93\x0b\x4d\x20\x0f\x27\xec\x12\x29\x61\xfe\xcd\x90\x5b\x19\xa2\xc7\x86\x30\x0d\xf7\xd8\xb5\xc4\x38\x8b\x80\x9b\x2e\xe4\x1c\xf8\x19\x92\xe0\xa2\x64\xf2\xb7\xd7\xc9\xdb\x18\x65\xb7\x66\x59\xcf\xe6\xff\x26\xbc\xca\x1c\x0d\xa1\x81\xc5\x2e\x44\xef\x6c\xf2\xc7\x06\xb4\xef\x13\xe5\x1c\x84\x91\x28\x4b\xdc\x52\x46\x60\x15\xb0\xbc\xab\xbb\xc2\xcd\xb7\x36\x14\xdd\xc5\xc1\x53\xc6\xd3\xda\xc6\xf8\x84\xac\x69\x2e\x38\xb6\x67\x39\xba\xb7\x76\x4b\xd8\x10\xf1\x09\xe2\x07\xed\x69\xdf\x5b\xf6\xeb\x5f\xf9\x3e\x6e\x4f\x3c\x74\x6f\xab\xcb\xd8\x3a\x17\xf5\xc1\x48\x4f\x6c\x96\x66\x22\x6d\x96\x86\x85\xc9\x2c\x0b\xdc\xd3\x12\xce\xc0\x1a\x3b\x44\x1d\x3d\x8b\xfa\x59\x9a\x53\xd0\x13\xc8\x33\x80\xfa\x1e\x19\xb4\xb5\x0a\x9b\x08\x25\xd8\x72\xfe\x03\x0a\xaa\x8d\x68\xbb\xba\xce\x22\x8a\xb3\xf1\x2a\x80\xcf\x7c\xfd\x1a\xe6\xeb\xb8\x3f\x18\x7d\x10\xb8\x91\xd4\x8d\xf7\xeb\x12\xbe\x7c\x58\x2d\x0b\x96\x02\x6d\x09\xda\x12\xb2\x5a\x25\x34\x49\x3a\x4c\xb7\x28\x58\x3c\xe1\x66\x26\x54\xa3\xb1\x31\xd3\xed\x95\x75\x5c\x9c\x25\x37\x1b\xf1\x2f\xa6\x06\x0f\x31\x2e\x8a\x76\x58\xfc\x0c\x00\x00\xff\xff\xd5\x2c\xef\x00\xff\x05\x00\x00")

func apiIndicesExists_aliasJsonBytes() ([]byte, error) {
	return bindataRead(
		_apiIndicesExists_aliasJson,
		"api/indices.exists_alias.json",
	)
}

func apiIndicesExists_aliasJson() (*asset, error) {
	bytes, err := apiIndicesExists_aliasJsonBytes()
	if err != nil {
		return nil, err
	}

	info := bindataFileInfo{name: "api/indices.exists_alias.json", size: 1535, mode: os.FileMode(0644), modTime: time.Unix(1675080317, 0)}
	a := &asset{bytes: bytes, info: info, digest: [32]uint8{0x54, 0x25, 0xae, 0x9a, 0x8f, 0x60, 0x8b, 0x49, 0xa0, 0x41, 0xa1, 0xc0, 0xdd, 0x36, 0x39, 0xe8, 0xcc, 0x43, 0x34, 0x3b, 0xf2, 0xdb, 0x5b, 0xbb, 0x59, 0x4f, 0xad, 0x92, 0x9b, 0xf4, 0x3f, 0x6d}}
	return a, nil
}

var _apiIndicesExists_templateJson = []byte("\x1f\x8b\x08\x00\x00\x00\x00\x00\x00\xff\xac\x92\x41\x6b\xdb\x40\x14\x84\xef\xfe\x15\xc3\x9e\x5a\x48\xbd\x77\xdd\x0a\x0d\xf4\x5c\x7a\x2b\xc1\x6c\x76\x47\xd1\xc2\xee\x3e\x75\xf7\xa9\x76\x08\xfe\xef\x45\xb6\xec\x2a\x25\xf1\x29\x27\x89\x37\x8f\x99\x4f\xf3\xf4\xb2\x01\x4c\x2c\x21\x7a\xb6\x2d\x0f\xb1\x69\xdb\x29\xf3\x98\x9c\xd2\x74\x98\x65\xc0\x04\xf1\x53\x66\x51\xa7\x51\x8a\xe9\x60\x06\xd5\xb1\xb3\x76\xbf\xdf\x6f\x99\x5c\xd3\xe8\xb7\x5e\xec\xd3\x14\x03\x2d\x8b\x5d\x66\x8d\xae\xfa\xc1\x56\xf6\xac\x2c\x9e\x36\xbb\xa6\xac\x76\xc9\xfb\x72\x09\x6a\xdb\x41\x73\x32\x77\xe7\xb0\x4c\x1d\x24\x34\xd3\xe1\x97\xf9\x7e\xff\xf5\x9b\x79\x58\x84\xa9\xa6\x2b\x12\x60\x46\xa7\xc3\xcc\x62\xaf\xc0\xf6\xa5\xb8\xcc\xe3\x62\xb4\xac\x9c\x8c\xde\xda\xc2\xc3\x6a\xaf\x6a\x5b\x79\x03\x66\xde\x79\x35\x01\x8c\x3e\x8f\xf3\xcc\xa4\xd8\xf4\x1a\x72\x52\x2a\x7f\x4f\xb1\x32\x98\x0e\x5a\x27\xbe\xd2\x02\x9b\xaf\x71\xbc\x54\xf7\x73\x20\xbc\xe4\xec\xd0\x38\xba\xea\x94\x01\x73\x58\x83\xf4\xd0\x81\x88\x25\xf0\x80\x6b\x37\xe6\xea\x75\x5c\xde\x8e\x6b\x6e\x97\xff\x03\xef\x93\xd3\x5d\xa3\x6a\x2c\x4f\xed\xbd\x2f\x78\x14\x49\x74\xc5\xdc\x02\xfd\x41\x9d\x6a\xc1\xc5\x0a\xb1\x60\xf6\x46\x2f\x35\x3b\xc5\xa7\xc0\xde\x4d\x49\x3b\xf4\x2e\x35\x7e\x5e\x71\xfe\x73\x35\xe7\x8b\xef\x34\x66\xca\xa4\xef\xe1\xcc\xf2\x4d\x96\xfb\xc3\x98\xa2\x8f\x0a\x19\x59\x4f\x7f\x21\x16\xcb\x19\x07\x5e\x4a\xa1\x3f\x8f\x05\xe7\x4c\x14\x09\x7c\x1b\x2a\x89\x77\xe9\x03\xaa\x39\xf9\x20\x96\x73\x23\x51\xca\x1d\x82\xa0\x88\xa2\x52\x6b\xe4\x1f\x9e\x0e\xda\xd4\x29\xd1\x57\xc9\x6b\xb4\x5b\x05\x6e\xd6\xcf\x85\xdc\x3c\x4a\x78\x36\x1d\xca\x94\xd2\x66\xd6\x8e\x9b\xbf\x01\x00\x00\xff\xff\x2f\x75\xa1\xbd\xbd\x03\x00\x00")

func apiIndicesExists_templateJsonBytes() ([]byte, error) {
	return bindataRead(
		_apiIndicesExists_templateJson,
		"api/indices.exists_template.json",
	)
}

func apiIndicesExists_templateJson() (*asset, error) {
	bytes, err := apiIndicesExists_templateJsonBytes()
	if err != nil {
		return nil, err
	}

	info := bindataFileInfo{name: "api/indices.exists_template.json", size: 957, mode: os.FileMode(0644), modTime: time.Unix(1675080317, 0)}
	a := &asset{bytes: bytes, info: info, digest: [32]uint8{0x8c, 0xbe, 0x3f, 0xb, 0xfb, 0xc5, 0x2a, 0xd3, 0x1e, 0xca, 0x28, 0x17, 0xd9, 0xcc, 0x9f, 0x68, 0xba, 0xfe, 0x57, 0x28, 0x15, 0xdb, 0x13, 0x33, 0x70, 0x86, 0xbd, 0x35, 0x77, 0xda, 0x24, 0xe2}}
	return a, nil
}

var _apiIndicesExists_typeJson = []byte("\x1f\x8b\x08\x00\x00\x00\x00\x00\x00\xff\xbc\x94\x4d\x6f\xdb\x3c\x10\x84\xef\xfe\x15\x03\x9e\x12\xc0\xb1\xee\x7a\x4f\x01\xde\x02\x3d\x17\x05\x7a\x08\x02\x87\x26\x57\x16\x51\x8a\xab\x72\x57\xb6\x83\xc0\xff\xbd\xd0\x87\x3f\xe3\x14\x39\x14\xbd\x6a\xa9\x9d\x99\x67\x97\x7c\x9b\x01\x26\x24\x1f\x1c\xc9\x82\x76\x41\x54\x96\xfa\xda\x92\x29\xd1\x97\x00\xe3\xd9\x75\x0d\x25\xb5\x1a\x38\x99\x12\xa6\x56\x6d\xcb\xa2\xd8\x6e\xb7\x0b\x8a\x56\x34\xb8\x85\xe3\x62\xdd\x05\x4f\x05\xa5\x62\xfa\x26\x64\xb3\xab\x8b\x4c\x15\x65\x4a\x8e\x8a\xc6\x8a\x52\x2e\x26\xad\x87\x5e\x44\x1e\x46\xc5\x45\xad\x4d\x34\xf3\x51\xaf\x21\xad\xd9\x8b\x29\xf1\x64\xbe\x7e\x79\xfc\xdf\x3c\x4f\x85\x2e\xc7\xa3\x2b\xc0\xb4\x56\xeb\xde\x4e\xf1\x16\x92\xa7\xdd\xbe\x58\x36\xb6\x6d\x43\x5a\x17\x6f\x7d\xef\xfd\xd4\x6f\x3a\x39\xf6\xfb\xf0\xec\xf3\xd9\xe1\xac\x72\xa6\x33\xe2\xa1\xdd\xc5\x27\xc0\x0c\x90\x50\xc2\xc4\x20\x7a\xd4\x1a\x4a\x99\x7e\x75\x21\x93\xef\xcb\x9a\x3b\xba\x28\x7a\x12\x97\x43\x3b\xc0\xec\x7f\x7f\x84\xe3\xa6\xb1\x0f\x42\xad\xcd\x56\xc9\xa3\x6f\x08\xae\x30\xc8\x22\xd9\x86\xe4\x3f\x74\x42\x78\x59\xda\x18\x5f\xa0\x0c\x57\x93\xfb\x09\xad\x09\x03\x46\x58\x97\x59\x04\x36\x46\x4c\x7c\xcd\x51\x73\x7f\x92\x37\x17\x93\xfd\x67\x41\x0e\x1b\x34\x99\x3d\xf8\x3f\xb3\x38\xbb\xb2\xda\x4f\xc1\x36\xd7\x63\x58\x27\xce\xb4\xec\x92\xdd\xd8\x10\xed\x2a\x5e\x47\x39\x0f\xb3\x62\x8e\x64\xd3\x45\x9e\x1b\xa6\x7f\xd4\xa4\x35\x65\x48\x4b\x2e\x54\x81\x3c\x1c\x27\x97\x49\xe9\x00\x12\x52\x73\x17\x3d\x56\x84\xd1\x80\xc7\xb6\xa6\x84\x33\x1b\xb8\x6b\x82\x48\x48\x6b\x70\x86\x8b\x2c\xe4\xef\x6f\xf3\xb7\x31\xf2\x76\x99\x78\x79\x98\xd2\x5f\x0b\xa0\x3c\xd9\x43\xa8\x60\xb1\x0d\xd1\x3b\x9b\xfd\x31\x05\xed\xda\x4c\x22\x81\x13\x32\x09\xc7\x0d\x09\x42\x52\x46\xe2\x77\x91\x17\xb8\xfb\x5e\x87\xbe\xee\x62\xe7\x49\x0e\x8b\x27\x9a\xa7\x90\x03\x81\xc4\xc7\xee\xb5\xdd\x10\x56\x44\xe9\x04\xf2\x03\x02\xb4\x6b\x6d\xf2\xcb\x83\xbf\x3f\x11\xa0\xd4\x35\xd7\xf1\x79\x48\x2e\x7d\xfd\xc9\x70\x4b\xc9\xcc\xcd\x48\xdc\xcc\x4d\xe2\x44\x66\xde\x43\x3e\xdd\xe7\x23\xb6\xca\x76\x51\x87\xbe\xe3\x6f\x9f\xc6\x3a\x3a\x3e\x11\x3d\x23\xa9\xef\xd9\x41\x6b\xab\xb0\x99\xd0\xcb\xcc\xa7\x75\xe8\x99\xad\x58\xeb\xc5\x6d\x28\x91\x9d\x8d\x1f\x90\xf8\xdc\x2a\x94\x30\xdf\x48\xbb\x9c\x30\xf4\x42\x48\x15\xe7\x66\x78\xb2\xe7\xf0\xfd\x94\x15\x99\x34\x07\xda\xd0\xf0\x6e\x88\x5a\x25\x54\x99\x1b\x8c\x0f\x33\x12\x7b\xc2\xdd\x04\xaa\x44\x65\xa3\xd0\xfd\x8d\x3b\x3a\x3b\x73\x6f\x56\xec\x5f\x4d\x89\xd4\xc5\x38\xeb\x6b\xfb\xd9\xef\x00\x00\x00\xff\xff\x90\x19\x10\x69\x51\x06\x00\x00")

func apiIndicesExists_typeJsonBytes() ([]byte, error) {
	return bindataRead(
		_apiIndicesExists_typeJson,
		"api/indices.exists_type.json",
	)
}

func apiIndicesExists_typeJson() (*asset, error) {
	bytes, err := apiIndicesExists_typeJsonBytes()
	if err != nil {
		return nil, err
	}

	info := bindataFileInfo{name: "api/indices.exists_type.json", size: 1617, mode: os.FileMode(0644), modTime: time.Unix(1675080317, 0)}
	a := &asset{bytes: bytes, info: info, digest: [32]uint8{0x93, 0x3d, 0x91, 0x1f, 0x1b, 0xd, 0x95, 0xbd, 0xd0, 0x24, 0xd, 0x7a, 0x9c, 0xfb, 0xfa, 0x3e, 0x43, 0xf6, 0x6a, 0xf8, 0xd, 0x6b, 0x2, 0x53, 0x85, 0x47, 0x3a, 0x79, 0x96, 0x3c, 0x70, 0x93}}
	return a, nil
}

var _apiIndicesFlushJson = []byte("\x1f\x8b\x08\x00\x00\x00\x00\x00\x00\xff\xac\x94\x41\x8b\x23\x37\x10\x85\xef\xf3\x2b\x0a\x9d\x36\xe0\x75\xdf\x9d\x53\x20\x21\xec\x29\x81\x0c\xe4\xb0\x2c\xde\xb2\x54\xed\x16\xab\xae\x6a\x54\xa5\xf1\x98\x65\xfe\x7b\x90\xba\x6d\x77\x9c\x9d\xc9\x42\x72\x6b\x24\x75\xbd\x57\x9f\x9e\xea\xeb\x03\x80\x8b\x1c\xa2\x27\xdd\xf6\xa9\xe8\xe0\x76\x50\x17\x01\x5c\x10\x5f\x46\x62\x43\x8b\xc2\x6e\x07\x6e\x30\x9b\x76\x5d\x77\x3a\x9d\xb6\x94\x50\x2d\xfa\xad\x97\xee\x58\x62\xa0\x8e\xb8\x5b\xd6\x94\x30\xfb\xa1\xcb\xd4\x53\x26\xf6\xd4\x8d\xa8\x46\xb9\x5b\x54\xde\x37\x95\xed\x60\x63\x72\x9b\x59\x68\x24\x1b\x24\xa8\xdb\xc1\x47\xf7\xfb\x6f\x7f\x3c\xba\x0d\xb8\x5f\x7f\x79\x74\x9f\x96\xfd\x92\xd3\xd5\x15\x80\x9b\xd0\xaa\x4b\xd7\xed\x67\xc3\x9b\xf5\xc6\x5c\xe5\xba\x05\xae\xfb\x1a\x39\xd0\xf3\xcb\x65\xe9\xd3\xea\x78\x36\x5d\x15\x9e\x49\xd0\xf3\xdf\x96\x00\x9c\x9d\x27\x72\xb0\x03\x97\xa2\xda\x55\x6d\x46\x44\xea\x73\x9c\x1a\xa0\x7a\xe2\x27\xf0\x32\x8e\xf8\x5e\x69\xc2\x8c\x46\x01\xea\x3f\x20\x3d\xb4\xca\xc0\x38\x92\xfe\x08\x45\x09\x3e\xef\x31\xa5\xcf\x20\x19\x68\x9c\xec\x0c\x6a\x39\xf2\x11\x7a\xc9\x80\x29\xc1\x42\xcb\x5d\xd5\x5e\x96\xaf\x97\xb5\x7f\x1c\xef\x1a\xe8\x25\x7b\x7a\xb5\x81\x83\x48\x22\xe4\xb7\x7b\xf8\x73\x20\x1b\x28\x03\x42\x03\x06\x3a\x48\x49\x01\x0e\x04\xad\x78\x00\x7a\x22\x86\xd8\x43\x34\x88\x0a\x2c\x06\x4c\x9e\x54\x31\xc7\x74\x06\x26\x0a\x14\x20\xd2\xb6\x9e\x61\x01\x3f\x20\x1f\x49\xe1\x14\x53\xaa\x55\x2a\xa1\x68\x95\x8d\x09\xd8\x40\x33\x9a\x2d\x3c\x0e\x51\x6b\xc1\xa2\xd4\x97\x54\x7f\xb6\x8c\xac\xe8\xab\x33\x48\x72\x84\x0f\x3f\xeb\xca\x4d\x64\x9f\xa9\xe6\x73\x65\x89\x05\x0a\xdf\x04\x2e\xd2\x98\x09\xa6\x4c\x4a\x6c\x5b\x78\xd7\x84\x94\xcc\x2a\x6f\x8f\x3c\x9b\x62\x8d\x81\x32\x05\x40\x85\xc8\x46\x99\x31\xfd\xb0\xc2\x7f\x63\xe6\x4e\x18\x6d\x1f\xfb\xbd\xf0\x51\x22\x1f\xff\x1b\xee\x0f\x7d\xf5\xd2\x58\xe4\x42\x0d\xc8\xcc\x5d\x26\xca\xed\xe9\x2d\xe4\x92\xf8\x2f\x50\xd8\x62\x5a\x1d\x5a\xec\xd3\x33\xf9\x52\x3b\x8e\x3d\x20\x4b\xbb\xbf\xfb\x2a\x51\x01\x53\x26\x0c\xe7\xe5\x78\xe4\x63\xa5\x4e\x10\xa8\xc7\x92\xda\x6d\x56\x0f\x5b\xb8\x79\xea\x31\xe9\xda\xd4\xe5\x12\xf5\x4b\x9c\xa6\xa6\xd7\x7f\xa7\x66\x2e\xcc\x55\xf1\xdb\x48\xe3\x91\x25\xd3\xbe\x30\x3e\x61\x4c\x78\x48\xf7\x21\xfe\x37\xae\x6f\x04\x59\x27\xf2\xb1\x8f\x35\x0f\x52\x33\x63\x74\x79\x5d\xeb\x34\x35\x03\x01\x4e\x03\x31\xac\x6c\xc0\xbb\x31\xaa\xd6\xa4\x48\x06\x9f\x44\x29\xbc\x92\x0a\x4c\x49\x4e\x7b\x96\xfd\xe5\xe9\xfe\x6f\x0d\x98\x2c\xf6\x1a\xea\x7a\x07\xc1\x63\x0e\xd7\x2e\xe8\xb9\x86\x5b\x2b\xf0\x4c\x2a\xe9\x89\x5a\x84\xa5\xbd\xbe\xbb\x96\x2f\xf9\x8f\xec\x53\x09\xa4\x97\x39\xb4\x8c\x1f\xc9\x33\x01\x96\x6b\xf5\x01\x9f\x08\x0e\x44\x7c\x03\xf9\x0a\x01\x7a\x9e\x90\xc3\xfe\xe2\xef\x2d\x02\xc4\x65\xbc\x6f\x5f\x5a\xe7\x5a\xf7\x3f\x3a\x99\x88\xdd\xc6\xcd\xc4\xdd\xc6\xb1\x30\xb9\x4d\x85\x7c\x9b\xe0\x57\x6c\x2d\xbe\xad\xee\xfc\xdb\x77\x63\x9d\x1d\xdf\x88\xae\x48\xda\x3f\xd9\x81\x0d\x68\x6d\x98\x54\x99\xcd\x12\x87\xca\xec\x20\x36\x6c\xbf\x31\xab\x1f\x56\x88\xdc\x41\xc2\xd9\xed\x80\x4b\x4a\x0f\x75\xef\xe5\xe1\xaf\x00\x00\x00\xff\xff\xf8\xbc\xad\x3d\x7e\x07\x00\x00")

func apiIndicesFlushJsonBytes() ([]byte, error) {
	return bindataRead(
		_apiIndicesFlushJson,
		"api/indices.flush.json",
	)
}

func apiIndicesFlushJson() (*asset, error) {
	bytes, err := apiIndicesFlushJsonBytes()
	if err != nil {
		return nil, err
	}

	info := bindataFileInfo{name: "api/indices.flush.json", size: 1918, mode: os.FileMode(0644), modTime: time.Unix(1675080317, 0)}
	a := &asset{bytes: bytes, info: info, digest: [32]uint8{0x1d, 0xb1, 0x48, 0x89, 0x86, 0xa5, 0x7, 0xcd, 0x73, 0x60, 0x51, 0xd6, 0xda, 0xa7, 0x65, 0xb9, 0x20, 0x10, 0xc4, 0x1, 0xe6, 0x13, 0xcf, 0x2f, 0x3f, 0x6b, 0x4c, 0x8e, 0x39, 0xe0, 0x8, 0x4c}}
	return a, nil
}

var _apiIndicesFlush_syncedJson = []byte("\x1f\x8b\x08\x00\x00\x00\x00\x00\x00\xff\xac\x93\x31\x6f\xe3\x38\x10\x85\x7b\xff\x8a\x07\x56\x39\xc0\xb1\x7a\x5d\x75\xc5\xe1\xca\x5b\x60\x03\x6c\xb1\x08\x94\x31\x39\x0a\x09\x50\x33\x02\x49\xc5\x36\x02\xff\xf7\x85\x2c\xd9\x91\x9d\x78\xab\xed\x8c\x99\xf1\xbc\xf7\xbd\x11\xdf\x57\x80\x09\xe2\x82\xe5\xbc\x69\xe3\x90\x7d\x93\x0f\x62\xd9\x99\x1a\x63\x0f\x30\x4e\xed\xd0\xb1\x14\x2a\x41\xc5\xd4\x30\xbe\x94\xbe\xae\xaa\xdd\x6e\xb7\xe1\x48\xb9\x04\xbb\xb1\x5a\xbd\x0e\xc1\x71\xc5\x52\xcd\xb5\xcc\x94\xac\xaf\x12\xb7\x9c\x58\x2c\x57\x1d\xe5\xc2\xa9\x9a\xc5\x1e\x27\x99\xc7\x93\xe6\xc6\x97\x2e\x9a\xf5\xa4\xd7\x71\xf1\xea\xb2\xa9\xf1\xd3\x7c\xfb\xff\xfb\x93\x59\xc3\xfc\xf7\xef\x93\x79\x9e\xfb\x43\x8a\x17\x73\x80\xe9\xa9\xf8\xd1\x55\xd5\x9c\x56\x55\xb3\xfd\xf5\xb2\x7f\x5a\x36\x17\x70\x77\x74\xec\xbc\x07\x71\xbc\x3f\xde\x4c\xcc\x03\xcf\x8b\xa5\xa9\xe4\x85\x8b\x29\x44\xde\x5f\x95\x00\x53\x0e\x3d\x1b\xd4\x30\x31\xe4\xb2\x10\x1a\x63\xe5\x6c\x53\xe8\x4f\xa1\x8e\x13\xff\xc0\x6a\xd7\xd1\x63\xe6\x9e\x12\x15\x76\x18\xff\x03\x6d\x71\xda\x0c\xa1\x8e\xf3\xdf\x18\x32\xe3\xa5\xa1\x18\x5f\xa0\x09\xdc\xf5\xe5\x80\x5c\x52\x90\x57\xb4\x9a\x40\x31\x62\x4e\xd8\x5c\xd4\x8e\xf3\xaf\xe3\xd2\x3f\x75\xb7\x00\xaf\xa2\x89\x9b\x41\xe8\x8d\x42\xa4\x6d\xe4\x2f\x69\x6a\x98\xad\x6a\x64\x92\xfb\x3c\x35\xcc\x0f\xcf\xc5\x73\x42\xee\xd9\x86\x36\xb0\x83\x55\xb1\x89\x0b\x9f\xfd\x21\x7b\x1d\xa2\xc3\x96\x31\x49\x3b\xec\x3c\x0b\x16\x06\xf0\xd0\x85\x9c\x47\x36\x4d\xb0\x51\x33\xbb\xbf\x16\x58\x8b\xc3\x51\x8c\xba\x6b\x44\x9b\x33\xfc\x1f\xb0\x5e\x74\x36\x86\xd0\x82\xb0\x0b\xd1\x59\x4a\xee\xe2\x9f\xf7\x7d\xe2\x9c\x83\x0a\x12\x67\x8d\x6f\x9c\x11\xa4\x28\x44\x3f\xc1\x6e\xf0\xf0\xe4\xc3\xd8\xb7\x71\x70\x9c\xcf\x37\x9c\x4f\xa7\x69\x62\x17\xbd\x6c\xf7\xf4\xc6\xd8\x32\xcb\x47\x84\x77\xd8\x79\xdf\x93\xb8\xe6\xec\xef\x2e\x3b\xcb\xd0\x5d\x83\xeb\x89\xf9\xfa\x75\xcc\x0d\xbe\xce\x08\x30\x53\xfe\xb7\x55\x51\xe1\xdb\x1a\xc5\x68\x16\x95\xe7\x9b\xb0\x5b\x1a\x62\x19\x0d\x7d\x52\xf9\xcd\x25\x26\xc8\x8f\x23\x2c\xc2\x2f\x9f\xe3\x46\xf1\x54\x40\x89\x31\x6a\xac\xe7\x6f\x67\x8c\x79\xab\xc5\x6f\xbe\x78\x1a\xab\x45\xaa\x66\xab\xee\x60\x6a\xc8\x10\xe3\x6a\xec\x1d\x57\xbf\x02\x00\x00\xff\xff\x6a\xb9\xff\xf9\x28\x05\x00\x00")

func apiIndicesFlush_syncedJsonBytes() ([]byte, error) {
	return bindataRead(
		_apiIndicesFlush_syncedJson,
		"api/indices.flush_synced.json",
	)
}

func apiIndicesFlush_syncedJson() (*asset, error) {
	bytes, err := apiIndicesFlush_syncedJsonBytes()
	if err != nil {
		return nil, err
	}

	info := bindataFileInfo{name: "api/indices.flush_synced.json", size: 1320, mode: os.FileMode(0644), modTime: time.Unix(1675080317, 0)}
	a := &asset{bytes: bytes, info: info, digest: [32]uint8{0x48, 0x56, 0xc2, 0x4, 0xc3, 0xb9, 0xe5, 0xcc, 0x39, 0xa7, 0x54, 0x2a, 0xf, 0x98, 0xa0, 0xdd, 0x52, 0x4, 0x9a, 0xb7, 0xd6, 0x82, 0x71, 0xfc, 0x9d, 0xa8, 0x25, 0x55, 0xa, 0xe4, 0xda, 0xf6}}
	return a, nil
}

var _apiIndicesForcemergeJson = []byte("\x1f\x8b\x08\x00\x00\x00\x00\x00\x00\xff\xac\x95\x41\x6f\xf2\x38\x10\x86\xef\xfc\x8a\x91\x4f\x5d\x89\x8f\xdc\xd9\xd3\xfe\x82\x5d\xa9\x95\xf6\x50\x55\xa9\xb1\xdf\x10\x4b\xf6\x4c\x64\x3b\x05\x54\xf1\xdf\x57\x4e\x02\x04\x0a\xdd\xef\xd0\x1b\xca\x24\x9e\xf7\x79\x3c\x36\x9f\x0b\x22\xe5\xd8\x3a\x83\xb4\x6a\x24\x1a\x04\xc4\x2d\xd4\x9a\x4a\x85\x48\x59\x31\x7d\x00\x67\x9d\x9d\xb0\x5a\x93\x6a\x73\xee\xd6\x55\xb5\xdb\xed\x56\xf0\x3a\x65\x67\x56\x46\xaa\x6d\xef\x2c\x2a\x70\x35\x3d\x4b\xd0\xd1\xb4\x55\x44\x83\x08\x36\xa8\x82\x4e\x19\xb1\x9a\x5a\xfd\xba\xb4\x5a\xb5\x39\x78\xb5\x1c\xbb\x05\xe4\x56\x6c\x52\x6b\x7a\x55\xff\xfc\xfd\xfc\xa2\xde\xa6\x42\x1f\xfd\x39\x13\x91\xea\x74\x6e\x4b\x98\xaa\x9e\x65\x5e\xce\xab\xe3\x1a\xd7\x75\x52\xd5\xa7\x63\x8b\xfd\xf1\xea\xf9\xdb\xec\xc3\x98\xd3\xac\xcf\xe8\x06\xfb\xab\x47\x44\x2a\x1f\x3a\x28\x5a\x93\xf2\x2e\xe5\x73\xdf\xd1\x17\x92\x89\xae\x1b\x6c\x95\x37\xfe\x22\x23\x21\xe8\x5f\x09\x9d\x8e\x3a\xc3\x52\xf9\x86\xa4\xa1\x61\x65\x62\x1d\x90\xfe\xa4\x3e\x81\xde\x6b\xed\xfd\x3b\x49\x24\x84\x2e\x1f\x28\xe5\xe8\x78\x4b\x59\xa8\x43\x6c\x24\x06\xca\x2d\x48\x3a\xc4\x61\x33\x48\x98\xb4\xf7\x34\x29\x55\xe7\x14\xc7\xe9\xd7\x71\xce\xa5\xc3\x0d\x58\xe3\xfb\xd4\x3e\x04\xdb\x88\x78\x68\xfe\x9e\xed\xb9\x83\x71\xcd\x81\x76\x2d\x72\x8b\x38\xc4\x1b\xa9\x52\x2b\xbd\xb7\xb4\x01\x0d\x6d\x60\x49\x37\x19\xf1\x04\x32\x60\x5d\xb1\x3c\x59\x34\xba\xf7\x79\x4d\x39\xf6\xf8\x63\x06\xb3\x9c\xed\xc5\x96\x25\xa2\xee\x59\x7f\x68\xe7\xf5\xc6\xe3\x26\xff\xff\x11\xdc\x61\xf8\x77\xca\x9e\x06\x16\x07\x4b\x46\xd8\x44\x64\x9c\xc4\xce\x60\xc6\x00\xb6\x00\x33\xcd\x62\xd0\x53\x70\x29\x15\x2a\x89\x64\xbc\x24\xd8\x07\x08\xda\x7b\xd9\xd5\x2c\xf5\x69\xd7\x7e\x0c\x20\xcb\x14\x8f\x5c\x43\x9a\x76\xce\x5b\xa3\xa3\x3d\x53\x60\xdf\x45\xa4\x54\x64\x47\x24\xf1\x1f\x48\xe4\x38\x0b\xb1\x7c\x41\x5e\xd1\xd3\x4b\xeb\x4a\xdd\xf8\xde\x22\x9d\x46\x73\x9a\x48\x89\xa3\x01\x96\xf3\xea\xad\xfe\x00\x6d\x00\xbe\x88\x7c\x60\x00\xfb\x4e\xb3\xad\x4f\xf9\xbe\x33\x00\xee\xc3\x2d\xbe\x0c\xe4\xa9\xd4\x5f\x95\x74\x60\xb5\x54\xa3\x71\xb5\x54\x2c\x0c\xb5\x2c\x92\x2f\x87\xfa\xac\x6d\x98\xaf\x61\xdd\xf1\xb3\xdf\xd6\x3a\x26\xbe\x18\x9d\x99\xcc\x5f\xdd\x51\x6e\x75\x26\x1d\x87\xe9\xe6\xe5\x34\x0e\xc5\xd9\x46\x72\xbb\xba\x2f\x25\xe8\x7d\xcd\x7d\xa8\x13\xb6\xe5\xb2\xbd\x95\x72\x51\xc2\x7d\xd8\x20\x7e\x7f\x2c\x5f\x5a\xd0\xf8\x5e\xb9\x66\x4e\x4b\xde\x3d\x9d\xc3\x05\x68\xc7\x39\xb8\x1c\x41\x7b\x60\x1d\x9c\x79\xb0\x81\xc2\xfe\x50\x63\xdf\xf5\xbc\x45\x6d\xe1\x91\xbf\x8c\xf1\x0f\xdc\x23\x97\xab\x61\x4a\x5b\xda\xd2\xd4\x96\xc6\xb6\x96\x4e\xff\x4e\xf7\x6e\xbf\xc5\x2c\xb8\xda\x88\x3d\xa8\x35\x71\xef\xfd\xa2\xd4\x8e\x8b\xff\x02\x00\x00\xff\xff\x23\xa3\x23\xd8\xfa\x06\x00\x00")

func apiIndicesForcemergeJsonBytes() ([]byte, error) {
	return bindataRead(
		_apiIndicesForcemergeJson,
		"api/indices.forcemerge.json",
	)
}

func apiIndicesForcemergeJson() (*asset, error) {
	bytes, err := apiIndicesForcemergeJsonBytes()
	if err != nil {
		return nil, err
	}

	info := bindataFileInfo{name: "api/indices.forcemerge.json", size: 1786, mode: os.FileMode(0644), modTime: time.Unix(1675080317, 0)}
	a := &asset{bytes: bytes, info: info, digest: [32]uint8{0xc9, 0x5, 0x11, 0xd, 0xab, 0xe2, 0x75, 0x29, 0x17, 0xf8, 0x56, 0xa9, 0xb2, 0xcc, 0xeb, 0xd1, 0xea, 0xa0, 0x5, 0x84, 0xb9, 0xaf, 0x8b, 0x86, 0x2e, 0x5e, 0x8f, 0xda, 0x3d, 0x4, 0xd, 0xa4}}
	return a, nil
}

var _apiIndicesGetJson = []byte("\x1f\x8b\x08\x00\x00\x00\x00\x00\x00\xff\xa4\x94\x4f\x6b\xe4\x38\x10\xc5\xef\xfd\x29\x8a\x3a\xed\x42\xa7\x7d\xf7\x6d\x0f\xcb\xb2\xd7\x99\x81\x39\x84\x60\x14\xe9\xb9\x2d\x90\x55\x1e\xa9\x9c\xee\x10\xfa\xbb\x0f\xf2\x9f\x4c\x27\x38\x43\x33\xb9\x19\x3f\xe9\xd5\xaf\x5e\x49\x7a\xd9\x11\xb1\x8f\xce\x5b\xe4\xc3\x11\xca\x75\xf9\x43\xc4\x4e\xec\xd8\x23\xaa\x51\x2f\x91\x6b\xee\x54\x87\xba\xaa\x4e\xa7\xd3\x01\xc1\x64\xf5\xf6\x60\xa5\x3a\x8e\xde\xa1\x42\xac\x96\x7f\x19\x26\xd9\xae\x4a\x68\x91\x10\x2d\xaa\xde\x64\x45\xaa\x96\x0a\x77\x47\xe8\x9d\x8f\x0e\xe7\x43\xa7\x7d\xe0\xfd\x5c\xab\x87\x76\xe2\x32\xd7\xf7\xc4\xff\xfd\xfb\x8d\xe9\x61\x11\xc6\x14\x56\x20\x22\x1e\x8c\x76\x5c\x73\xf5\x32\x39\x5c\x96\xdd\x8b\x30\xef\x7e\xd5\x56\x8b\x49\x4d\x9a\x7f\xd9\xcc\xfd\xe2\x7c\xfd\x87\x88\xf5\x79\x00\xd7\x1c\x7c\xd6\x57\xe3\x49\x48\xf8\x31\xfa\x04\xc7\x54\x93\xa6\x11\x6f\x44\x87\x6c\x93\x1f\x96\x8c\xfe\x21\x2b\x7d\x6f\xee\x32\x06\x93\x8c\xc2\x51\xb1\x23\x69\x69\xaa\x48\xd1\xf4\xc8\xfc\xba\xff\xb2\x7c\x5d\xae\x51\x4d\xff\x96\x35\x88\x35\x61\x9b\xf5\x51\x24\xc0\x44\xfe\x0d\xd1\x17\xe8\x98\x22\x4d\x26\xe4\x63\x2b\xa9\x9f\x06\xba\x27\x27\x14\x45\x29\x41\x93\xc7\x13\x48\x3b\x50\x56\xa3\xa0\x36\x49\x4f\xf3\xdc\x28\x8a\x03\xfd\xe5\xd0\x9a\x31\x68\x4d\xad\x09\x19\x7f\x5f\x75\xb0\xbf\x0a\xf5\x18\x25\xa1\x19\xa3\x79\x32\x3e\x98\xc7\x80\x3f\xa6\xfe\x7f\xb2\xa2\x2b\xab\x39\x40\xe4\x1b\x59\x4c\x08\x72\x6a\xa2\x34\xcb\xb9\xfb\x2c\x89\x6f\xc9\xd0\xc9\x07\x67\x4d\x72\x84\xf3\x90\x90\xb3\x97\x48\x09\x59\xc2\x13\x32\x69\x89\x93\xac\x44\x9b\xa0\x13\x6e\xa9\x7b\x23\x2e\xce\x83\x89\xae\x59\x0b\x6c\xe2\x52\x4d\x8c\x38\xf6\x6f\x69\x65\x02\xcd\x45\xbd\x67\x19\x10\x79\xcf\x36\x48\x86\xe3\x3d\x47\x89\xe0\x7d\x09\x83\x1f\xde\xf5\x38\x41\x4d\x9e\xf3\xa6\x8f\x13\xf8\xde\x41\x3b\xa4\xad\xee\x33\xe5\x4e\xc6\xe0\xe8\x08\xa5\xb9\x07\xb8\x92\x44\xf1\x24\x49\x34\x93\x6c\x84\x51\x16\x7c\x90\x45\x1b\x8c\x36\x19\xaa\x3e\x1e\x33\xd7\xb4\x31\x38\xba\x61\x72\xb4\x1e\xfd\xd5\x8a\x7c\xa4\xe2\x4d\xf3\x1d\xb8\xf5\x50\x47\x1b\x46\x87\x66\x59\xfc\x29\xa0\x35\x49\x95\x72\xeb\x0a\x9b\x09\x81\x16\xe7\x95\xb3\xe0\x11\x8c\xed\xca\xab\x51\xee\xe4\xfa\x36\xbf\xb7\x9e\x27\xb8\xd0\x6f\xb2\xcf\x57\xb8\x51\xdf\x43\x46\xdd\x24\x2f\x07\xa0\xe8\x1f\x73\x97\x15\x5f\x07\x58\xdf\x3e\xd3\xe2\x34\x21\x5a\x89\x11\xb6\x2c\x29\xfd\xcc\xa5\x36\x5e\xb6\xdd\x15\x14\x3f\x8a\x7b\xe6\x9a\xe2\x18\xc2\xae\x68\x97\xdd\xcf\x00\x00\x00\xff\xff\x44\xaf\xf3\x4b\x7e\x06\x00\x00")

func apiIndicesGetJsonBytes() ([]byte, error) {
	return bindataRead(
		_apiIndicesGetJson,
		"api/indices.get.json",
	)
}

func apiIndicesGetJson() (*asset, error) {
	bytes, err := apiIndicesGetJsonBytes()
	if err != nil {
		return nil, err
	}

	info := bindataFileInfo{name: "api/indices.get.json", size: 1662, mode: os.FileMode(0644), modTime: time.Unix(1675080317, 0)}
	a := &asset{bytes: bytes, info: info, digest: [32]uint8{0x71, 0xa6, 0xd2, 0x2d, 0x5c, 0xbe, 0x65, 0x4f, 0x74, 0x1b, 0xb5, 0xfa, 0xdf, 0xb2, 0x5f, 0x13, 0xc7, 0xd7, 0xe0, 0xd6, 0x82, 0x86, 0xf0, 0x57, 0x88, 0x8b, 0x8, 0x11, 0x3e, 0xc7, 0xa7, 0x19}}
	return a, nil
}

var _apiIndicesGet_aliasJson = []byte("\x1f\x8b\x08\x00\x00\x00\x00\x00\x00\xff\xb4\x94\x31\x6f\xdb\x3c\x10\x86\x77\xff\x8a\x17\x9c\x12\xc0\xb1\x76\x6f\xdf\xf0\xa1\x7b\x11\xa0\x43\x50\x38\x34\x79\xb2\x08\x50\x77\x02\x79\xb2\x1d\x04\xfe\xef\x05\x25\x45\x76\x1c\xa7\xcd\xd0\xae\x3c\xf2\xbd\xe7\x1e\x91\x7a\x5d\x00\x26\xb0\x0f\x8e\xf2\x6a\x47\xba\xb1\x31\xd8\x6c\xd6\x28\x05\xc0\x78\x71\x7d\x4b\xac\x56\x83\xb0\x59\xc3\x34\xaa\xdd\xba\xaa\x0e\x87\xc3\x8a\xa2\xcd\x1a\xdc\xca\x49\xb5\xeb\x83\xa7\x8a\xb8\x9a\xd6\x32\xd9\xe4\x9a\x2a\x51\x4d\x89\xd8\x51\xd5\xda\xac\x94\xaa\xa9\xd3\xc3\xd0\x85\xf2\xaa\xd1\x36\x9a\xe5\xd8\xaa\x25\x6d\xc4\x97\xde\x4f\xe6\xdb\xff\x8f\xe6\xe7\xb4\xde\xa7\x38\xf3\x00\xa6\xb3\xda\x14\x90\x6a\x44\xad\xa6\xe3\x53\x65\x38\x3e\x17\xcd\xf2\xbc\xef\x95\x6d\x4b\xa7\x61\xe5\x35\xb0\xa7\xe3\xe9\x8f\x95\x37\x84\x21\x3b\x69\xbe\xc0\x18\xad\xd1\xf1\xdd\x12\x60\xf4\xa5\x23\x83\x35\x4c\x0c\x59\x67\xb4\x51\x25\x65\x97\x42\x37\x88\x2c\x3b\xfe\x83\x93\xb6\xb5\x0f\x99\x3a\x9b\xac\x92\x47\x39\x03\xa9\x31\x24\xa3\x50\x65\xa8\xa0\x0e\x51\x29\x61\x72\x66\xe6\xcc\xd3\x39\xde\x94\xcd\xff\x84\x65\xe8\x7a\x66\x49\xa4\x7d\xe2\x0b\x86\xc5\x15\x4b\x31\x65\xdb\x6b\x55\x3b\x96\x44\x9b\x9e\xed\xde\x86\x68\xb7\xf1\x9a\xf5\x92\x76\x2b\x12\xc9\xf2\x3b\xe0\x1b\xc8\x3f\x1a\xd2\x86\x12\x72\x47\x2e\xd4\x81\x3c\x9c\xb0\x4b\xa4\x84\xe9\x96\x21\x37\xd2\x47\x8f\x2d\x61\x04\xf0\x38\x34\xc4\xb8\xc0\xc0\x5d\x1b\x72\x0e\xbc\x83\x24\xb8\x28\x99\xfc\xfd\x6d\xc1\x36\x46\x39\x6c\x58\x36\x53\xf8\xdf\x1b\x40\x65\xc2\x43\xa8\x61\x71\x08\xd1\x3b\x9b\xfc\x3c\x05\x1d\xbb\x44\x39\x07\x61\x24\xca\x12\xf7\x94\x11\x58\x05\x2c\x1f\x46\x5e\xe1\xee\xb1\x09\xa5\xee\x62\xef\x29\xe3\x79\x63\x63\x7c\x46\xd6\x34\x0d\x39\x18\x60\x99\xd3\x1b\xbb\x27\x6c\x89\xf8\x2c\xf2\x13\x03\x74\xec\x2c\xfb\xcd\x1b\xdf\xef\x0c\x10\xf7\xed\xf5\xf8\x32\x4c\x9e\x4b\xfd\xc9\x48\x47\x6c\x96\x66\x34\x6e\x96\x86\x85\xc9\x2c\x8b\xe4\xf3\x9b\x9b\xb5\xd5\xb6\x8f\x3a\xe4\x96\xfa\xd7\xad\x8e\xc0\x67\xa1\x17\x22\xf5\xa3\x3a\x68\x63\x15\x36\x11\x0a\xdc\x72\xba\x0d\x45\xd9\x56\xb4\x59\xdd\x76\x12\xc5\xd9\xf8\x89\x88\xaf\xdd\x84\x35\xcc\xf7\xe1\x4d\x61\xc8\x42\xe0\x5a\x52\x3b\xfc\x6e\x97\xf0\xe5\x23\x6b\x79\x74\x29\xd0\x9e\xa0\x0d\x21\xab\x55\x42\x9d\xa4\xc5\xf8\x53\x05\x8b\x27\xdc\x4d\x9e\xd6\xa8\x6d\xcc\x74\x7f\xe3\x89\x2e\x2e\xe8\xcd\x56\xfc\x8b\x59\x83\xfb\x18\x17\xa5\x76\x5a\xfc\x0a\x00\x00\xff\xff\x35\x3e\x9b\xa8\x0b\x06\x00\x00")

func apiIndicesGet_aliasJsonBytes() ([]byte, error) {
	return bindataRead(
		_apiIndicesGet_aliasJson,
		"api/indices.get_alias.json",
	)
}

func apiIndicesGet_aliasJson() (*asset, error) {
	bytes, err := apiIndicesGet_aliasJsonBytes()
	if err != nil {
		return nil, err
	}

	info := bindataFileInfo{name: "api/indices.get_alias.json", size: 1547, mode: os.FileMode(0644), modTime: time.Unix(1675080317, 0)}
	a := &asset{bytes: bytes, info: info, digest: [32]uint8{0xc8, 0x75, 0x54, 0x33, 0x3f, 0xd8, 0x7c, 0x72, 0x68, 0xa9, 0xa6, 0x70, 0x65, 0x58, 0xdc, 0x56, 0x8d, 0xd9, 0x81, 0xa3, 0x7b, 0x80, 0xde, 0xf5, 0x65, 0xe5, 0x7a, 0xba, 0xc3, 0x6a, 0x65, 0x97}}
	return a, nil
}

var _apiIndicesGet_field_mappingJson = []byte("\x1f\x8b\x08\x00\x00\x00\x00\x00\x00\xff\xb4\x55\xcf\x6e\xfa\x38\x10\xbe\xf3\x14\x23\x9f\xba\x12\x90\x7b\x6e\x7b\x58\xed\x7d\xf5\x93\xf6\x50\x55\xa9\xb1\xbf\x10\x4b\x8e\x27\x6b\x4f\x80\x0a\xf1\xee\x2b\x27\x2e\xd0\x16\xd8\x1e\xb6\x27\x24\x7b\xfc\xfd\x9b\x19\x72\x5c\x10\x29\x17\xac\x33\x48\xeb\x2d\xa4\x69\x1d\xbc\x6d\x7a\x3d\x0c\x2e\x6c\x55\x4d\xb9\x80\x48\x59\x36\x63\x8f\x20\x5a\x1c\x07\x55\x93\xea\x44\x86\xba\xaa\xf6\xfb\xfd\x1a\x5e\x27\x71\x66\x6d\xb8\xda\x8e\xce\xa2\x42\xa8\xca\x59\x82\x8e\xa6\xab\x22\x5a\x44\x04\x83\xaa\xd7\x49\x10\xab\xc2\xb8\xda\x42\x56\x13\xe3\xaa\x30\xae\x3b\xe9\xbd\x5a\xce\xa4\x3d\xa4\x63\x9b\x54\x4d\xcf\xea\xcf\x3f\x7e\xa9\x97\x72\x3e\x46\x7f\x56\x46\xa4\x06\x2d\x5d\x96\x54\xbd\xcb\xae\x26\xc8\xea\x38\xfd\xa4\x53\x81\x2b\x95\x33\xdc\xfd\x5a\x52\xd5\xd1\x05\x8b\xc3\xe9\x61\xcd\xf9\xee\x28\x6f\x03\x4e\xdf\x82\xb9\x5d\xfa\x72\x25\x2f\x4a\xba\x72\x36\xb7\x06\x87\x0f\x47\x44\x2a\xc3\x28\xaa\x49\x79\x97\xe4\xec\x6e\xee\x13\x92\x89\x6e\x98\xba\x94\x2b\x7e\x27\xc3\x7d\xaf\x57\x09\x83\x8e\x5a\x60\x29\xbf\x21\x6e\x69\x42\xa6\xa0\x7b\x24\x75\x46\x38\x5d\xc0\x66\x96\x9f\x60\x7e\x9f\x25\xca\x68\x77\xc8\xe7\x70\x7e\x84\xbe\x40\x7f\x78\x1d\xf1\xcf\xe8\x22\x6c\x7e\x2a\x71\xc4\x45\xd3\xe2\x93\xb6\xdc\x24\xdd\x7f\xe9\x92\xf1\xa3\x45\x63\xd1\xea\xd1\xcb\x7d\xdd\x1b\x66\x0f\x1d\x1e\x4b\xff\xbb\x83\x74\x88\x24\x1d\xa8\x20\x52\x19\x21\xda\x69\x3f\x22\x51\xea\x78\xf4\x96\x36\xa0\x08\x19\x63\x80\x25\x9d\x68\x0f\xef\x6f\xc7\xe9\xb6\x81\x23\x9a\x31\xe8\x9d\x76\x5e\x6f\xfc\xe7\xce\xfe\x97\xc8\x07\x32\xd3\x00\xe3\x5a\x07\x4b\x86\x83\x89\x10\x50\x59\xef\x2b\x99\xb3\x00\x4b\xfb\x0e\x81\xae\x64\xd0\x53\xef\x52\xca\xce\x38\x92\xf1\x9c\x60\x7f\xbb\x6d\x41\x7b\xcf\xfb\x26\x70\x53\xc0\xff\x3f\x03\xc2\x45\x1e\xb9\x96\x34\xed\x9d\xb7\x46\x47\x7b\x76\x81\xc3\x10\x91\x92\xe3\x40\x11\x89\xfd\x0e\x89\x5c\x10\xa6\xc0\x5f\x2c\xaf\xe9\xe9\x57\xe7\xf2\xfd\x34\x11\x89\x5e\x1b\xed\xfd\x2b\x25\x89\xc5\xe4\x94\x40\xe0\x33\x7a\xa7\x77\xa0\x0d\x10\x2e\x41\xde\x49\x00\x87\x41\x07\xdb\xbc\xeb\x7b\x94\x00\xc2\xd8\x7f\xb6\xcf\x93\xf3\x94\xef\x9f\x15\x0f\x08\x6a\xa9\xe6\xc4\xd5\x52\x05\x0e\x50\xcb\x1c\xf2\xe5\xff\xe8\x1c\xdb\x34\x82\x13\xee\xfc\xec\xdb\xb1\xce\x8a\x2f\x89\x5e\x25\x29\x5f\xb3\x23\xe9\xb4\x90\x8e\xa0\x4c\xb3\x2c\xe3\x90\x33\xdb\xb0\x74\xeb\xdb\xa1\x78\x36\xda\xdf\xdc\xb7\xef\xac\x5b\x4d\xea\xaf\x69\x81\x68\xc2\x21\x17\x5a\x8e\xfd\xf4\x91\x5b\x92\xcd\x1d\x96\xbc\x61\xd1\x61\x87\x69\x1f\x93\x68\x01\xb5\x91\x7b\x9a\x3f\x65\x14\xd8\x82\x9e\x4a\x48\x35\xb5\xda\x27\x5c\x37\x70\x71\xfd\x5b\x94\xab\x0d\xdb\x37\x55\x53\x18\xbd\x5f\xe4\xbb\xd3\xe2\xdf\x00\x00\x00\xff\xff\x48\x31\xde\x1d\x89\x07\x00\x00")

func apiIndicesGet_field_mappingJsonBytes() ([]byte, error) {
	return bindataRead(
		_apiIndicesGet_field_mappingJson,
		"api/indices.get_field_mapping.json",
	)
}

func apiIndicesGet_field_mappingJson() (*asset, error) {
	bytes, err := apiIndicesGet_field_mappingJsonBytes()
	if err != nil {
		return nil, err
	}

	info := bindataFileInfo{name: "api/indices.get_field_mapping.json", size: 1929, mode: os.FileMode(0644), modTime: time.Unix(1675080317, 0)}
	a := &asset{bytes: bytes, info: info, digest: [32]uint8{0xf3, 0x54, 0xde, 0x85, 0x14, 0x39, 0x0, 0xef, 0x57, 0xfc, 0xa8, 0x3b, 0xbe, 0x57, 0xfd, 0x74, 0xb5, 0x79, 0xf2, 0x9b, 0xf4, 0x4a, 0x18, 0xc7, 0xff, 0xd0, 0xf4, 0xb7, 0xa1, 0xb1, 0x72, 0x4f}}
	return a, nil
}

var _apiIndicesGet_mappingJson = []byte("\x1f\x8b\x08\x00\x00\x00\x00\x00\x00\xff\xb4\x95\x31\x6f\xe3\x3a\x0c\x80\xf7\xfc\x0a\x42\x53\x0b\xa4\xf1\xee\xed\x0d\x0f\x6f\x7f\x57\xe0\x86\xa2\x70\x19\x89\x8e\x05\xc8\xa4\x21\xd1\x49\x8a\x22\xff\xfd\x20\xdb\x49\x9c\xd6\x29\x6e\xb8\x1b\x4b\x46\xe4\xc7\x4f\x94\xfb\xb1\x02\x30\x9e\x9d\xb7\x94\x36\x3b\xd2\xaa\xc5\xae\xf3\xbc\x33\x25\xe4\x14\x80\x71\x62\xfb\x96\x58\x51\xbd\xb0\x29\xc1\x34\xaa\x5d\x59\x14\x87\xc3\x61\x43\x01\x93\x7a\xbb\xb1\x52\xec\x7a\xef\xa8\x20\x2e\xa6\x58\x22\x8c\xb6\x29\x22\xd5\x14\x89\x2d\x15\x2d\x26\xa5\x58\x4c\xbd\x9e\x76\xa4\x4f\x53\xaf\x4d\xa3\x6d\x30\xeb\xb1\x5d\x4b\xda\x88\x4b\xa6\x84\x17\xf3\xdf\xbf\xcf\xe6\x75\x8a\xf7\x31\x5c\x98\x00\x4c\x87\xda\x64\x98\xe2\x02\xbc\x9e\xa7\xc6\xf3\xb3\x24\x98\xe2\xc3\xb3\xa3\xe3\xe9\x36\x78\xfe\xa3\xf8\xd0\xf7\x8e\x4e\x8b\x3f\x3c\xe7\x5e\x67\x2d\xa2\xa6\x19\xce\xe8\x90\x8e\x37\x21\x00\x93\xcf\x19\x28\xc1\x04\x9f\xf4\x42\x38\x6a\xa5\x64\xa3\xef\x06\xa9\xf9\x17\xff\x80\x95\xb6\xc5\xa7\x44\x1d\x46\x54\x72\x90\xcf\x80\xd4\x30\x54\x06\xc6\x96\x92\xb9\x54\x38\x5d\x8b\x8d\x5d\xfe\x46\xe7\xf3\xd5\x43\xae\x36\x6f\xbe\xfa\x04\x91\x85\x60\xfb\xc5\x88\x0d\xbd\xa3\x2a\x1f\xae\x32\xfe\x5d\xc6\xa4\x71\x7e\x83\x8b\x94\x3f\x1b\xd2\x86\x22\xa8\x00\x3a\x07\xda\xd0\x40\x35\x78\xc9\xc1\x1c\x88\x94\x3a\xe1\x44\xcb\x9a\xfc\x8e\x25\x52\xd5\x33\xee\xd1\x07\xdc\x86\xcf\x40\x73\xa4\xad\x48\x20\xe4\x1b\xa6\x6f\xa8\x52\x47\xd6\xd7\x9e\x1c\x58\x61\x1b\x49\x09\xa6\x45\x87\xd4\x48\x1f\x1c\x6c\x09\x46\x00\x07\x87\x86\x18\x66\x18\xf0\xd0\xfa\x94\x3c\xef\x40\x22\xd8\x20\x89\xdc\xe3\xf2\x08\x18\x82\x1c\x2a\x96\x6a\x2a\xfe\xe7\x06\x50\x99\xf0\xc0\xd7\x80\x70\xf0\xc1\x59\x8c\xee\x32\x05\x1d\xbb\x48\x29\x79\xe1\x6c\x59\xc2\x9e\x12\x78\x56\x01\x96\x2f\x23\x6f\xe0\xe1\xb9\xf1\x39\x3f\x2c\x40\x82\xb7\x0a\x43\x78\x83\xf1\x9a\xf3\x90\x83\x01\x96\x4b\xf5\x06\xf7\x04\x5b\x22\xbe\x8a\xbc\x63\x80\x8e\x1d\xb2\xab\xce\x7c\xdf\x19\x20\xee\xdb\xcf\xe3\xcb\x30\x79\xca\xf9\x17\x23\x1d\xb1\x59\x9b\xd1\xb8\x59\x1b\x16\x26\xb3\xce\x92\xaf\x4f\xfd\xa2\xad\xc6\x3e\xe8\x50\x77\x3c\xf6\xdb\x5a\x47\xe2\xab\xd1\x99\x49\xfd\xea\x0e\xb4\x41\x05\x8c\x04\xb9\xcd\x7a\x5a\x87\xec\x6c\x2b\xda\x6c\x96\xa5\x8c\x9f\xd6\x4a\x7d\x4b\xd2\xeb\xdd\x67\x96\xf3\xdf\x3f\xb2\x1f\x83\xfd\x77\x98\x2a\x41\x9d\x17\x52\x98\xc9\xea\xc4\x3b\xb6\x5a\xc6\x08\x62\x31\x2c\x76\xbf\xb3\x8f\x37\xfd\x4b\x30\xff\x93\xf6\x91\x61\xa8\x03\x9e\x6b\x89\xed\xf0\x5f\x67\x0d\x2e\x2f\x9a\x42\x24\x8d\x9e\xf6\x34\xbc\xf6\xa4\xa8\x04\x75\x94\x76\xa2\x02\x16\x47\xf0\x30\xdd\x55\x09\x35\x86\x44\x8f\x0b\x9f\xad\xd5\x8c\xdc\x6c\xc5\xbd\x9b\x12\xb8\x0f\x61\x95\x73\xa7\xd5\xaf\x00\x00\x00\xff\xff\xff\xbf\x30\xf1\x14\x07\x00\x00")

func apiIndicesGet_mappingJsonBytes() ([]byte, error) {
	return bindataRead(
		_apiIndicesGet_mappingJson,
		"api/indices.get_mapping.json",
	)
}

func apiIndicesGet_mappingJson() (*asset, error) {
	bytes, err := apiIndicesGet_mappingJsonBytes()
	if err != nil {
		return nil, err
	}

	info := bindataFileInfo{name: "api/indices.get_mapping.json", size: 1812, mode: os.FileMode(0644), modTime: time.Unix(1675080317, 0)}
	a := &asset{bytes: bytes, info: info, digest: [32]uint8{0xcd, 0x49, 0x30, 0x1e, 0x4c, 0xc6, 0x9b, 0x92, 0xa6, 0xcd, 0xe5, 0xe2, 0x15, 0xd8, 0x2b, 0x1f, 0x29, 0x46, 0x45, 0x15, 0xd0, 0xe1, 0x8d, 0xf5, 0xce, 0xb7, 0x81, 0x34, 0x8f, 0x68, 0x69, 0xb7}}
	return a, nil
}

var _apiIndicesGet_settingsJson = []byte("\x1f\x8b\x08\x00\x00\x00\x00\x00\x00\xff\xac\x95\xcd\x6e\xe3\x38\x0c\x80\xef\x79\x0a\x42\xa7\x2e\x90\xc6\x77\xef\x69\x0f\x8b\xbd\xef\x16\xd8\x43\x51\xb8\x8a\x44\x47\x02\x64\xd2\x90\xe8\xfc\xa0\xc8\xbb\x0f\xe4\x9f\xc4\x4d\x9c\x99\x01\xda\xab\xe8\x90\x1f\x3f\x51\xcc\xc7\x0a\x40\x79\xb2\xde\x60\xda\xec\x50\xaa\x84\x22\x9e\x76\x49\x95\x90\x63\x00\xca\xb2\xe9\x1a\x24\xd1\xe2\x99\x54\x09\xca\x89\xb4\x65\x51\x1c\x0e\x87\x0d\x06\x9d\xc4\x9b\x8d\xe1\x62\xd7\x79\x8b\x05\x52\x31\x9e\x25\xd4\xd1\xb8\x22\x62\x8d\x11\xc9\x60\xd1\xe8\x24\x18\x8b\xb1\xd8\xf3\x0e\xe5\x79\x2a\xb6\x71\xd2\x04\xb5\x1e\xea\x35\x28\x8e\x6d\x06\x78\x55\xff\xfc\xfd\xa2\xde\xc6\xf3\x2e\x86\x0b\x14\x80\x6a\xb5\xb8\x4c\x53\x5c\x91\xd7\xf3\xd8\x90\x60\x1e\x05\x55\x7c\x78\xb2\x78\x3c\xff\xea\xb4\xf8\x20\xdd\xe0\xb9\x0f\xde\x1d\xbe\xcd\xca\x44\x49\x33\xa6\x41\x25\x1e\x3f\x1d\x01\x28\x39\xb5\xa8\xa0\x04\x15\x7c\x92\x0b\xe5\x20\x17\x93\x89\xbe\xed\xd5\xe6\x2f\xfe\x02\xc3\x4d\xa3\x9f\x13\xb6\x3a\x6a\x41\x0b\xf9\x37\xc0\x35\xf4\x99\x21\x23\xa4\x3f\xa1\x4b\x08\xef\x95\x0e\xe1\x1d\x38\x02\x36\xad\x9c\x20\x49\xf4\xb4\x03\x61\x68\x31\xd6\x1c\x1b\x10\x87\xc0\x2d\xc6\xfe\xe6\x80\x09\x74\x08\x30\xfa\x57\x17\x8a\xf3\x15\x48\xe5\xf4\x5f\xa0\x7f\x71\xd8\x13\x66\xde\x5c\x7c\x52\x07\xe2\xb4\x40\x72\xdc\x05\x0b\x5b\x04\x4f\x26\x74\x16\xed\x0c\x62\x75\x03\x93\xe5\xea\xe6\xc6\xee\x30\x42\x95\xf8\x06\xb9\x93\x45\xd0\x12\x54\x0e\x3f\xe6\x2c\x41\xfd\xd7\xa2\xf1\xf5\x09\xc6\x3c\x50\x73\x04\xc3\x44\x68\x7a\x51\xc2\x30\x14\x5a\x76\xe4\x77\xc4\x11\xab\x8e\xf4\x5e\xfb\xa0\xb7\xe1\xd6\xd8\xdc\xd9\x96\x39\xa0\xa6\x4f\x38\x0b\xe2\xfe\x77\x28\x0e\x23\xa4\x9e\xcc\xa3\xcd\x3c\x26\xa2\xe0\x74\x5f\x73\x7b\x3d\x80\x85\x83\x43\x82\x19\x06\x3c\x35\x3e\xa5\x3c\x03\xb9\x9f\xc0\x09\xed\x1f\xcb\x2d\xe8\x10\xf8\x50\x11\x57\xd3\x30\x7c\x5b\x03\xc2\x23\x1e\xf8\x1a\x34\x1c\x7c\xb0\x46\x47\x7b\xe9\x02\x8f\x6d\xc4\x94\xb2\xe6\x88\x89\xc3\x1e\x13\x78\x12\x06\xe2\xbb\x96\x37\xf0\xf4\xe2\x7c\x9a\xa6\x25\x4d\x13\x3f\x0e\x3a\xc7\xc1\x00\xf1\x25\xbb\xd3\x7b\x84\x2d\x22\x5d\x45\x3e\x30\x80\xc7\x56\x93\xad\x26\xbe\x9f\x19\x40\xea\x9a\xdb\xf6\xb9\xef\x3c\xe5\xf8\xab\xe2\x16\x49\xad\xd5\x60\x5c\xad\x15\x31\xa1\x5a\x67\xc9\xd7\x5d\x71\xd1\x56\xeb\x2e\xc8\xd2\xef\xee\x3f\x7d\x68\x78\x80\xbf\xca\x9d\x49\x95\x7b\x8d\xc3\xe3\xd3\xb1\xdf\x05\xb4\x1e\x27\x23\xeb\xdb\xb2\xb8\xcd\xb2\x9f\x3a\xe8\x85\xff\x82\x9b\x87\xb6\x34\x1b\xb7\x6f\xed\x5f\x94\x2e\xd2\x75\x13\x78\x82\x9c\x3b\xbf\xb9\x46\x0b\x3c\x8d\x46\x4a\xa8\x75\x48\xf8\xe0\xb6\x02\x1b\x1d\xbe\x81\xa2\xcf\x03\x9e\x86\xe2\x9e\x69\x0d\x36\x8f\x9e\x40\x44\x89\x1e\xf7\x38\xac\x2d\xd1\x82\x50\x47\x6e\xc6\x45\x00\xc4\x16\x7f\x93\x75\x9c\xd6\x6a\xfc\xf8\x4b\xf2\x66\x77\x1e\x87\x0e\xf2\x06\x1f\x33\x4f\x4e\xfb\xf5\x85\xda\xb8\x69\xeb\x4e\xcf\xe7\x36\xf5\x30\x7a\x23\xfd\xfd\xe6\x5d\xcd\x3a\x51\x5b\xb6\x27\x55\x02\x75\x21\xac\x72\xec\xbc\xfa\x11\x00\x00\xff\xff\x2b\x1b\x8b\x0e\x2a\x08\x00\x00")

func apiIndicesGet_settingsJsonBytes() ([]byte, error) {
	return bindataRead(
		_apiIndicesGet_settingsJson,
		"api/indices.get_settings.json",
	)
}

func apiIndicesGet_settingsJson() (*asset, error) {
	bytes, err := apiIndicesGet_settingsJsonBytes()
	if err != nil {
		return nil, err
	}

	info := bindataFileInfo{name: "api/indices.get_settings.json", size: 2090, mode: os.FileMode(0644), modTime: time.Unix(1675080317, 0)}
	a := &asset{bytes: bytes, info: info, digest: [32]uint8{0x9e, 0xcc, 0x97, 0x63, 0x28, 0x80, 0xf1, 0xb9, 0x27, 0xf5, 0x3a, 0xc7, 0x4, 0x52, 0xd9, 0x9f, 0xea, 0x48, 0x30, 0x7c, 0x53, 0xba, 0x16, 0x19, 0x66, 0x79, 0x60, 0x7a, 0xdf, 0xa6, 0x49, 0x89}}
	return a, nil
}

var _apiIndicesGet_templateJson = []byte("\x1f\x8b\x08\x00\x00\x00\x00\x00\x00\xff\xac\x92\x31\x6f\xdb\x30\x10\x85\x77\xff\x8a\x87\x9b\x5a\x20\x35\x77\xed\x41\xf7\x22\x5b\x11\x18\x0c\x79\xb2\x08\x90\x3c\x95\x3c\xd5\x09\x02\xff\xf7\x42\x16\x2d\x28\x45\xec\x29\x93\x84\x77\x87\xf7\x3e\x3e\xf2\x7d\x07\x50\xc8\x3e\x38\xae\xfb\x23\xeb\x41\x39\x8d\xd1\x2a\x53\x87\x79\x06\x90\x17\x37\x25\xce\x6a\x35\x48\xa6\x0e\x34\xa8\x8e\x9d\x31\xa7\xd3\x69\xcf\xd1\x56\x0d\x6e\xef\xc4\x1c\xa7\xe0\xd9\x70\x36\x4d\xab\x6c\x8b\x1b\x4c\xe1\x9e\x0b\x67\xc7\x26\xd9\xaa\x5c\x4c\x0b\xfb\x71\x0d\xaa\xfb\x41\x53\xa4\x87\x25\x2c\xb1\x0e\xe2\x2b\x75\xf8\x4d\x3f\x1f\x9f\xe8\xb9\xe9\x53\x89\x2b\x11\x40\xa3\xd5\x61\x46\x31\x2b\xaf\x79\xcf\x36\xf1\xb9\xf9\xb4\x95\x8b\x4f\x13\xb0\xdd\x5e\xd7\xf0\x99\x47\x9b\x3d\x6f\xbc\x8a\xd6\x4d\x3e\x40\xf3\xe6\x07\x05\x20\x7d\x1b\x67\x8d\x62\xa8\xba\x49\x00\xa8\xf0\x9f\x29\x14\xf6\xd4\xa1\xb7\xb1\xf2\x87\xa1\xe7\xea\x4a\x18\xaf\xf5\x3e\x0d\x0c\x27\x29\x59\x54\x1e\x6d\xb1\xca\x1e\x73\x5a\x85\xf4\xd0\x81\x11\xb2\xe7\x57\xac\xfd\xd1\xea\x75\x6e\x7f\xe7\x2d\xb8\x4d\xff\x91\xf7\xd1\xea\xa1\xb2\x6a\xc8\xc7\x7a\xeb\x08\x2f\x22\x91\x6d\xa6\x7b\xa0\xbf\x58\xa7\x92\x71\xb5\x42\xc8\x98\xbd\xd1\x4b\x49\x56\xf1\xcd\x73\x6f\xa7\xa8\xed\xc8\xdf\x37\x9c\x9b\xf6\x97\x57\x71\xd0\x90\x58\x26\xbd\x85\x33\x8f\xef\xb2\x3c\xbe\x8e\x31\xb8\xa0\x90\x91\xcb\xe5\xa5\xa2\x59\xce\x38\x70\x92\x33\xbb\x45\x16\x2c\x99\xc8\xe2\xf9\x73\xa8\x28\xce\xc6\x2f\xa8\xe6\xe2\x83\x90\x97\x46\x82\xe4\x07\x78\x41\x16\x45\x61\x2d\x81\xff\xf2\xe5\x42\xab\x5a\x65\xf4\x45\xd2\x16\xed\x5e\x81\xbb\xed\xb7\x91\xd3\x8b\xf8\x37\xea\x90\xa7\x18\x77\xf3\xec\xbc\xfb\x17\x00\x00\xff\xff\x66\xf4\x35\x2a\xde\x03\x00\x00")

func apiIndicesGet_templateJsonBytes() ([]byte, error) {
	return bindataRead(
		_apiIndicesGet_templateJson,
		"api/indices.get_template.json",
	)
}

func apiIndicesGet_templateJson() (*asset, error) {
	bytes, err := apiIndicesGet_templateJsonBytes()
	if err != nil {
		return nil, err
	}

	info := bindataFileInfo{name: "api/indices.get_template.json", size: 990, mode: os.FileMode(0644), modTime: time.Unix(1675080317, 0)}
	a := &asset{bytes: bytes, info: info, digest: [32]uint8{0x5f, 0x92, 0x47, 0xb3, 0x10, 0xf9, 0x75, 0xe6, 0xd2, 0xb4, 0x21, 0x1f, 0x5, 0x5, 0x7b, 0x8c, 0x22, 0xc8, 0x6c, 0x99, 0xd9, 0x89, 0xf4, 0xdf, 0xbe, 0x95, 0x4b, 0x5e, 0x4a, 0xf9, 0x11, 0x7f}}
	return a, nil
}

var _apiIndicesGet_upgradeJson = []byte("\x1f\x8b\x08\x00\x00\x00\x00\x00\x00\xff\xac\x93\xbb\x6e\x1b\x3b\x10\x86\x7b\x3d\xc5\x80\x95\x0f\x20\x6b\x7b\x9d\x2a\x45\x90\x17\x30\x90\xc2\x30\x64\x8a\xfc\x25\x12\xe0\xce\x10\xe4\xac\x25\xc3\xd0\xbb\x07\x7b\xd1\x6a\x7d\x49\x90\x22\x9d\xc0\xd1\xcc\xfc\xdf\x47\xee\xdb\x8a\xc8\x44\xf6\xd1\xa1\x6e\x8e\xd0\x5d\x97\x8f\xc5\x7a\x98\x2d\xf5\x25\x22\xe3\xc5\x75\x2d\x58\xad\x46\x61\xb3\x25\x13\x54\xf3\xb6\x69\x4e\xa7\xd3\x06\xc9\x56\x8d\x6e\xe3\xa4\x39\x76\xd1\xa3\x01\x37\xd3\x59\x85\x2d\x2e\x34\x05\x07\x14\xb0\x43\xd3\xda\xaa\x28\xcd\xb4\xeb\x7e\xda\xb3\x09\xda\x26\xb3\x1e\x57\xb5\xd0\x20\xbe\x9a\x2d\x3d\x9a\x1f\xdf\x1f\xcc\xd3\x74\xde\x95\x34\xe7\x21\x32\xd9\x6a\xe8\x83\x34\x73\xd8\xf5\xb2\x34\xf6\x2f\x8a\x64\x9a\xb7\xc8\x1e\xe7\xcb\xed\xf0\x69\xd1\x52\xb4\x2e\xc6\x8f\x3e\x70\x7e\x77\x44\x64\xf4\x35\xc3\xd0\x96\x4c\x8a\x55\xe7\x8d\xa3\x22\x54\x57\x62\x1e\x04\xf5\xff\xf8\x46\x4e\xda\xd6\xde\x57\x64\x5b\xac\xc2\x53\xdf\x43\x72\xa0\x61\x32\xb1\x6d\x51\xff\xa7\xae\x82\x9e\x77\x36\xa5\x67\x92\x42\x68\xb3\xbe\x52\xd5\x12\xf9\x48\x2a\x94\x51\x0e\x52\x5a\xd2\x00\x92\x8c\x32\xf8\x27\x61\xb2\x29\xd1\x64\xd1\xcc\x29\x2e\xd3\xaf\xcb\x92\xcb\xb6\x1f\xc1\x8e\x2c\x05\xbb\x8e\xed\x8b\x8d\xc9\xee\x13\x3e\x50\x2e\x39\xf7\x22\x09\x96\xdf\xa1\x7e\x01\xfb\x33\x40\x03\x0a\xd5\x0c\x17\x0f\x11\x9e\x9c\xb0\x2b\x50\x5c\x53\x52\x0d\xd2\x25\x4f\x7b\xd0\x18\xc0\xd3\x29\x80\x69\x11\x83\xee\xda\x58\x6b\x4f\x2e\x85\x5c\x92\x0a\xff\xdf\x02\xee\x16\xc1\xd8\x94\xe4\xb4\x63\xd9\x5d\x15\xfc\x33\x00\x95\x29\x1e\xc5\x03\x59\x3a\xc5\xe4\x9d\x2d\x7e\xa6\xc0\x39\x17\xd4\xda\xdf\x42\x41\x95\xf4\x82\x4a\x91\x55\x88\xe5\x13\xf2\x86\xee\x1e\x42\xec\xeb\x2e\x75\x1e\xf5\x7a\xcf\xd3\xf5\x4a\x19\x0d\xb0\xcc\xd3\x83\x7d\x01\xed\x01\xbe\x89\xfc\x8d\x01\x9c\xb3\x65\xbf\xbb\xe6\xfb\x93\x01\x70\xd7\x7e\xc4\x97\x81\xbc\xf6\xf5\x47\x23\x19\x6c\xd6\x66\x34\x6e\xd6\x86\x85\x61\xd6\xbd\xe4\xdb\x17\x32\x6b\x3b\xd8\x2e\xe9\x30\x77\x6c\xfb\x6b\xad\x63\xe2\x9b\xd1\x85\x49\xfd\xec\x8e\x34\x58\x25\x5b\x86\x67\xcf\xeb\xe9\x39\xf4\xce\xf6\xa2\x61\xf3\xc5\x9b\x5f\x2d\x14\x99\xbd\xf8\x57\xb3\x25\xee\x52\x5a\xf5\xb5\xcb\xea\x57\x00\x00\x00\xff\xff\x44\xd8\xa5\x45\xe4\x04\x00\x00")

func apiIndicesGet_upgradeJsonBytes() ([]byte, error) {
	return bindataRead(
		_apiIndicesGet_upgradeJson,
		"api/indices.get_upgrade.json",
	)
}

func apiIndicesGet_upgradeJson() (*asset, error) {
	bytes, err := apiIndicesGet_upgradeJsonBytes()
	if err != nil {
		return nil, err
	}

	info := bindataFileInfo{name: "api/indices.get_upgrade.json", size: 1252, mode: os.FileMode(0644), modTime: time.Unix(1675080317, 0)}
	a := &asset{bytes: bytes, info: info, digest: [32]uint8{0x39, 0xf, 0x91, 0x60, 0x3, 0x34, 0x7c, 0x6d, 0x1c, 0x73, 0xf7, 0x94, 0x65, 0x31, 0x15, 0x6a, 0xff, 0x8a, 0x3, 0xc8, 0x54, 0xb1, 0xa8, 0xb6, 0xbb, 0x54, 0xbb, 0x7a, 0x69, 0x98, 0x85, 0x41}}
	return a, nil
}

var _apiIndicesOpenJson = []byte("\x1f\x8b\x08\x00\x00\x00\x00\x00\x00\xff\xac\x94\x41\x6f\xe3\x2e\x10\xc5\xef\xf9\x14\x23\x4e\xfd\x4b\xa9\x7d\xcf\xed\x7f\xd8\xf3\xae\xd4\x4a\x7b\xa8\x2a\x17\xc3\xb8\x20\x61\xc6\x0b\x43\x9c\xaa\xca\x77\x5f\x61\x9c\xd8\x4d\x93\xee\x61\xf7\x16\x31\xe4\xbd\xdf\x7b\x18\xde\x37\x00\xc2\x7a\x6d\x15\xc6\x8a\x06\xf4\x62\x07\x79\x0d\x40\x68\x52\xa9\x47\xcf\x92\x2d\xe5\x65\x61\x98\x87\x5d\x5d\x8f\xe3\x58\xa1\x93\x91\xad\xaa\x14\xd5\xaf\xc9\x6a\xac\xd1\xd7\xf3\x5a\x44\x19\x94\xa9\x03\x76\x18\xd0\x2b\xac\x7b\x19\x19\x43\x3d\x9b\xdc\x67\x93\x7b\xe5\x28\x62\x65\xb8\x77\x62\x5b\xdc\x7a\x64\x43\x3a\x8a\x1d\x3c\x89\x1f\xdf\x1f\x1e\xc5\xf3\x3c\x48\xc1\x9d\x99\x00\xc4\x20\xd9\x64\x98\xfa\xdd\x7a\x8d\x87\x63\xdd\x4c\xd4\xdb\xf5\xbc\xa8\x5c\xec\x78\x5e\x6d\x09\x1c\x57\x9a\xa5\x01\x3c\x7c\x58\x02\x10\xfc\x36\xa0\x80\x1d\x08\x67\x23\x9f\x1d\xa6\x51\xc0\x5f\xc9\x06\xd4\x79\xcc\x21\xe1\x87\xa1\xc6\xa8\x82\x1d\xa6\xda\xf2\xdf\xff\x07\x45\x7d\x2f\x21\xe2\x20\x83\x64\xd4\x90\x05\x81\x3a\x98\x3b\x01\x26\x98\x18\xcf\x2a\xc7\xf9\xd7\x71\x0d\x2d\xfb\x0b\x6a\xb6\x3d\x52\xe2\x9b\xdc\x79\x2e\xbe\x44\xfb\x76\x18\x9c\x55\x96\xb3\x7d\x98\x0e\x1a\x4e\xa2\x0b\xcb\xa2\x20\xca\x59\x36\x7f\x6f\xfc\x30\xa0\xb2\xdd\xdb\xc9\x0d\x3a\x0a\xa0\xc8\x7b\x54\x05\x82\xa0\x58\x5d\xc7\xb0\xaf\x9e\x02\x36\xc9\xcb\xbd\xb4\x4e\xb6\x0e\x6f\xa2\xb4\x44\x0e\xa5\xff\x9a\xe6\xa7\x41\x36\x18\x20\x4e\x54\x16\x75\x66\x51\x01\x19\xcf\x47\x14\x0d\x25\xa7\xa1\x45\x28\xe6\x1a\x46\x83\x1e\x56\x08\x70\xd7\xdb\x18\xad\x7f\x85\x9c\x25\x7f\xe0\xfa\xbf\xeb\xf8\xd2\x39\x1a\x1b\x4f\xcd\x2c\xfe\x6f\xe0\x99\x66\x34\xb0\x1d\x48\x18\xad\xd3\x4a\x06\x7d\x4e\x80\x87\x21\x60\x8c\xb9\xde\x80\x91\xdc\x1e\x23\x58\xcf\x04\x9e\x3e\xc5\xad\xe0\xee\xd1\xd8\x3c\x57\x2e\x69\x8c\xf0\xd2\x48\xe7\x5e\x20\x72\x98\x03\x4e\xe9\x3d\x9d\xd5\x8d\xdc\x23\xb4\x88\x7e\x29\xf1\x46\x7a\x3c\x0c\xd2\xeb\xe6\xc4\x77\x99\x7e\x15\x1f\x7d\xea\x3f\x64\x07\x41\x53\xee\x98\xc7\x4f\xa2\xdc\x7c\x51\xba\x16\x5b\xe1\xc9\xa3\xd8\xe6\x7a\x97\xdb\x7e\xea\xac\x93\xc9\xf1\xa4\x7a\xda\x7e\xb1\xe1\x66\xa9\x85\x77\xe9\x73\xd5\x23\x7f\x6e\x0e\xd8\x48\x06\x19\x70\xba\xd1\xdb\xf9\x43\xc8\x8d\xb5\xc4\xa6\xba\x5e\xc9\x28\x2d\x37\x1d\x85\x46\x2a\xb6\x7b\x6c\xa2\xb9\x52\xcc\xd2\x4b\x39\x85\x3f\x5c\x30\xe4\xcc\x82\xe0\x53\xdf\x62\xc8\xaf\x4d\x11\x87\x22\x9e\xd9\xb3\xed\x74\xf3\x5a\xec\xf2\x77\x93\xb7\x2f\x0f\x41\x40\x4e\xc1\xc7\xea\xca\xab\xb4\x59\x05\x10\x2d\xe9\x37\xb1\x03\x9f\x9c\xdb\xe4\xd9\x71\xf3\x3b\x00\x00\xff\xff\xa1\xca\xf4\xbe\x55\x06\x00\x00")

func apiIndicesOpenJsonBytes() ([]byte, error) {
	return bindataRead(
		_apiIndicesOpenJson,
		"api/indices.open.json",
	)
}

func apiIndicesOpenJson() (*asset, error) {
	bytes, err := apiIndicesOpenJsonBytes()
	if err != nil {
		return nil, err
	}

	info := bindataFileInfo{name: "api/indices.open.json", size: 1621, mode: os.FileMode(0644), modTime: time.Unix(1675080317, 0)}
	a := &asset{bytes: bytes, info: info, digest: [32]uint8{0xa8, 0xb7, 0xf, 0x9e, 0xe8, 0x44, 0xd5, 0x1e, 0xf0, 0x48, 0xf7, 0x50, 0x8a, 0xc9, 0xf8, 0xd9, 0x98, 0xdb, 0x6, 0x47, 0xcb, 0x4e, 0x89, 0x15, 0x77, 0x8a, 0x70, 0x90, 0x23, 0x40, 0x89, 0x63}}
	return a, nil
}

var _apiIndicesPut_aliasJson = []byte("\x1f\x8b\x08\x00\x00\x00\x00\x00\x00\xff\xa4\x93\x3f\x8f\xdb\x30\x0c\xc5\x77\x7f\x0a\x42\x53\x0b\xe4\xe2\x3d\x9d\x3a\x74\xee\x01\x97\x4e\xc5\x21\xd6\x49\x74\x2c\x40\x96\x54\x92\x42\x12\x04\xf9\xee\x85\x64\xe7\xcf\x5d\x93\x2e\xb7\x05\x22\xf3\xde\x8f\x7c\xe6\xb1\x01\x50\x2e\x58\x67\x90\x97\x29\xcb\x46\x7b\xa7\x59\xad\xa0\x14\x00\x94\x8d\x26\x8f\x18\x44\x8b\x8b\x41\xad\x40\x0d\x22\x69\xd5\xb6\xbb\xdd\x6e\x89\x5e\xb3\x38\xb3\x34\xb1\xdd\x66\x67\xb1\xc5\xd0\xce\x6f\x8c\x9a\xcc\xd0\x12\xf6\x48\x18\x0c\xb6\xa3\x66\x41\x6a\x67\xa7\xa7\xea\x82\xbc\x1c\x64\xf4\x6a\x31\x59\x8d\x28\x43\xb4\xc5\xfb\xb7\x7a\xfe\xb5\x56\x0b\x50\xcf\x3f\x5f\xd6\xea\x75\xae\x67\xf2\x17\x2e\x00\x95\xb4\x0c\x05\xa8\x3d\xba\x60\x71\x7f\x6a\x27\xf4\xf6\x18\xf4\x88\xa7\x59\x74\xee\x9b\x44\x1f\x75\xfe\xa3\x81\x97\xda\xeb\x8d\x0c\x09\xdf\xf8\x4f\x6b\xc3\xfd\xbb\x27\x00\x25\x87\x84\x0a\x56\xa0\xbc\x63\xb9\x50\xd4\x12\xe1\x9f\xec\x08\x6d\x29\x0b\x65\x7c\x57\xb4\xc8\x86\x5c\xaa\x6b\x2e\x7f\xff\x0e\x26\x8e\xa3\x7e\x62\x4c\x9a\xb4\xa0\x85\x22\x08\xb1\x87\x6a\x0b\x85\x8f\x41\x06\x84\x8a\x0c\x3c\xc4\xec\x2d\xa4\xe8\x82\x80\x44\xf8\xc2\x39\xa5\x48\xc2\xb0\x73\xde\x1a\x4d\x96\xbf\x7e\x83\xcc\x08\xdd\x46\x7b\xdf\x95\x9e\x84\xd4\x47\x1a\xab\x4a\x4c\x48\x35\x64\x88\x01\xb4\xf7\x70\xfe\x28\xd4\x85\xf2\x74\x05\x56\xc5\xfe\xe1\xe8\x2c\xe4\xc2\xf6\x13\xc3\xaf\x07\xac\x03\x96\x71\xaf\x23\x4a\x84\x37\x04\x43\x58\xd7\x11\x09\x72\xb2\xe5\xe7\x0d\x61\xf3\x81\xb4\xc4\xa6\xc7\x0f\xb9\x89\x1b\x31\x66\x79\x88\x5f\xea\xea\xbf\x7c\x3f\xf6\xc9\x3b\xe3\x04\x4a\x2b\x8b\x1e\x13\xf4\x91\x2a\xea\xf9\x60\xee\xaf\x6d\x3a\x83\xcd\xe7\x09\x5e\x12\x1a\xd7\x1f\x60\x56\xaa\xf6\x26\x86\x80\xa6\x66\x28\x11\x26\xab\x3b\xbb\x69\x6e\xa0\xd4\x5b\xb4\x87\xdb\xab\xba\x97\x04\xa3\x88\x0b\x5b\xbe\xcc\x58\xe3\x58\x00\x67\x33\x80\x66\xe8\x28\xe6\xd2\xd0\x95\x4c\xba\xde\x79\x41\xea\xae\x07\x78\x4d\x1e\x00\x56\xd0\x6b\xcf\xd8\x9c\x49\x4e\xcd\xa9\xf9\x1b\x00\x00\xff\xff\x61\x01\x41\xc9\x84\x04\x00\x00")

func apiIndicesPut_aliasJsonBytes() ([]byte, error) {
	return bindataRead(
		_apiIndicesPut_aliasJson,
		"api/indices.put_alias.json",
	)
}

func apiIndicesPut_aliasJson() (*asset, error) {
	bytes, err := apiIndicesPut_aliasJsonBytes()
	if err != nil {
		return nil, err
	}

	info := bindataFileInfo{name: "api/indices.put_alias.json", size: 1156, mode: os.FileMode(0644), modTime: time.Unix(1675080317, 0)}
	a := &asset{bytes: bytes, info: info, digest: [32]uint8{0xfd, 0x10, 0xc0, 0xd8, 0x24, 0x27, 0xb, 0x5b, 0xdc, 0x47, 0xfa, 0x57, 0xe, 0x70, 0x98, 0xd1, 0x12, 0x36, 0x8f, 0x82, 0xef, 0x48, 0xdf, 0x2d, 0x57, 0x73, 0x1f, 0x4b, 0x9e, 0x40, 0x53, 0x99}}
	return a, nil
}

var _apiIndicesPut_mappingJson = []byte("\x1f\x8b\x08\x00\x00\x00\x00\x00\x00\xff\xac\x55\xbd\x6e\xdb\x30\x10\xde\xfd\x14\x07\x4e\x09\xe0\x58\xbb\x3b\x75\xe8\xdc\x00\x71\xd1\x21\x28\x14\x9a\x3c\x47\x04\x28\x1e\x4b\x1e\x63\x07\x81\xdf\xbd\x20\xf5\x63\xa5\x96\x8a\x00\xe9\xca\xa3\xbe\xbf\x3b\x9e\xde\x56\x00\xc2\x38\x6d\x14\xc6\x8d\x4f\x5c\xb7\xd2\x7b\xe3\x9e\xc5\x16\x72\x09\x40\x68\x52\xa9\x45\xc7\x92\x0d\x39\xb1\x05\xd1\x30\xfb\x6d\x55\x1d\x8f\xc7\x0d\x5a\x19\xd9\xa8\x8d\xa2\xea\x39\x19\x8d\x15\xba\xaa\x3f\x8b\x28\x83\x6a\xaa\x80\x07\x0c\xe8\x14\x56\xad\x8c\x8c\xa1\xea\xb9\xee\x7c\xe2\xbb\x9e\x6b\xd3\x70\x6b\xc5\xba\xa3\x6b\x91\x1b\xd2\x51\x6c\xe1\x51\xdc\xff\xd8\x89\x35\x88\xfb\xef\x0f\x3b\xf1\xab\xaf\xa7\x60\x47\x6d\x00\xc2\x4b\x6e\xb2\xa8\xea\xcd\x38\x8d\xa7\x73\xf5\xc6\xaf\x1e\xcf\xd5\xe8\x63\x3d\xbd\xd9\xc1\x2e\xdf\x9d\xe0\x0c\x87\xfd\xa5\x52\x9b\x3b\x5b\xc0\x8a\xb3\x60\x71\x0e\x6d\x7a\x78\xf5\xc1\xdc\xe1\x90\x45\x31\x15\x38\x4e\xf2\xe8\x9a\x89\xa7\x77\x47\x00\x22\x13\x08\xd8\x82\xb0\x26\xf2\x98\x49\xd7\x5f\x8c\x2a\x18\x5f\xba\x9b\x6f\x7c\x05\x45\x6d\x2b\xef\x22\x7a\x19\x24\xa3\x86\xfc\x0d\xd0\x01\x0a\x32\x38\xd9\x62\x04\x6e\x10\x7a\x39\x10\x1b\x4a\x56\xc3\x1e\x41\x6a\x8d\x1a\x98\xe0\x26\x26\xef\x29\x70\x84\xa3\xb1\x5a\xc9\xa0\xe3\xed\x17\x48\x11\xe1\xa9\x96\xd6\x3e\x01\x05\xa0\xd6\x70\xbe\x2b\xb5\x7e\x07\x47\x0e\xa4\xb5\x30\x0c\xa5\x18\xc5\x9e\x2f\xba\x3b\x43\x4b\x26\x23\x87\x69\xeb\x67\x6d\xee\x1a\x2c\x56\xb2\xb1\xcc\x3e\x8c\x39\x14\x94\x0b\xe7\xea\x2f\xee\x1c\xb9\x6c\xaf\x32\x57\x36\x69\xac\xf3\xb7\x75\x46\xfd\x94\xb4\x9f\x0d\x72\x83\x01\x64\xd1\x32\x89\x17\x4f\x1e\x55\xee\x88\x71\x45\xf3\x9e\xf4\xeb\xa0\x7f\x18\x98\xa5\xbc\x4c\x8b\x94\x78\x51\x57\xae\xff\x5b\xd5\xb7\x93\xb7\x46\x19\x06\xf2\x18\xca\x32\x80\x01\x74\x96\xb1\x7b\xef\xf5\xe7\x89\x1f\x3c\x2a\x73\x78\x1d\xd8\xe0\x40\x01\x14\x39\x87\xaa\x13\x41\xd0\x51\xcd\xcb\x30\xcf\x8e\x02\xd6\xc9\xc9\x17\x69\xac\xdc\xdb\xe5\xde\xec\x89\x2c\x4a\xf7\xb1\xe6\xc4\xa2\xca\xa0\xce\x5a\x54\x40\xc6\x61\x62\x27\x0d\xeb\xc8\x35\x1c\x1b\x74\x30\x91\x00\x37\xad\x89\xb1\x0c\x7b\x00\x65\x29\xa2\xbe\x9d\x97\x2f\xad\xa5\x63\xed\xa8\xee\xc1\xff\x8f\x78\xa6\x5e\x1a\x98\x03\xc8\xf1\x8d\x8e\x0e\xf0\xe4\x03\xc6\x98\xe3\x0d\x18\xc9\xbe\x60\x04\xe3\x98\xc0\xd1\x95\xdd\x0d\xdc\xec\x1a\x93\xeb\xe5\x0d\xc4\xe1\x85\x77\x93\x9e\x0d\x16\xf7\x8e\x46\xf4\x46\xbe\x20\xec\x11\xdd\x25\xc4\x05\xf7\x78\xf2\xd2\xe9\x7a\xdc\x21\x8b\xee\xd1\xa5\xf6\xbd\x75\x2a\xae\x63\xae\x3e\x0a\xf2\xe8\xc4\x5a\x74\x49\x8b\xb5\x70\xe4\x50\xac\x73\xb8\x97\x5d\xda\x07\x76\x90\xc9\x72\xc1\xec\x3e\xfa\x60\x9c\x9d\xd2\x4b\x92\x93\x04\xf9\x3a\x33\xe0\x46\x32\xc8\x80\xf9\x31\xb9\x75\x3f\x02\x39\xab\x3d\x71\xb3\x99\x59\x3f\xab\x49\x34\x22\xbf\xfb\xe9\x4f\x70\x6e\xb7\x0d\xdb\x54\xe3\xc1\x38\x53\x4a\xe3\x0a\x0b\xf8\x3b\x99\x80\x3a\x5f\xe6\x90\x70\x35\x50\x9c\x57\xe7\xd5\x9f\x00\x00\x00\xff\xff\xcc\xb7\x0c\xf0\x12\x08\x00\x00")

func apiIndicesPut_mappingJsonBytes() ([]byte, error) {
	return bindataRead(
		_apiIndicesPut_mappingJson,
		"api/indices.put_mapping.json",
	)
}

func apiIndicesPut_mappingJson() (*asset, error) {
	bytes, err := apiIndicesPut_mappingJsonBytes()
	if err != nil {
		return nil, err
	}

	info := bindataFileInfo{name: "api/indices.put_mapping.json", size: 2066, mode: os.FileMode(0644), modTime: time.Unix(1675080317, 0)}
	a := &asset{bytes: bytes, info: info, digest: [32]uint8{0xf4, 0xb8, 0x14, 0xce, 0xe2, 0x3, 0xd, 0xbe, 0x28, 0xab, 0x99, 0x92, 0xb9, 0x10, 0x5a, 0x27, 0x24, 0xb, 0xe0, 0x25, 0x2f, 0xe2, 0x9e, 0x82, 0x7, 0x12, 0x27, 0xfa, 0xac, 0xb1, 0xba, 0x47}}
	return a, nil
}

var _apiIndicesPut_settingsJson = []byte("\x1f\x8b\x08\x00\x00\x00\x00\x00\x00\xff\xac\x55\xbd\x8e\xe3\x36\x10\xee\xfd\x14\x03\x56\x7b\x80\xd7\xea\x9d\x2a\x45\x8a\x74\x41\xb2\x41\x8a\xe0\x60\xd3\xe2\x27\x8b\x00\x35\xa3\x90\xc3\xb5\x17\x07\xbf\x7b\x40\x49\x96\x75\xb7\xf6\xdd\x15\xdb\xd9\x1c\x6a\xbe\x9f\xf9\xe1\x97\x15\x91\xf1\xec\x7c\x8d\xb4\xe9\xb3\xee\x12\x54\x3d\x1f\x93\xd9\x52\x89\x11\x19\x27\x75\xee\xc0\x6a\xd5\x0b\x9b\x2d\x99\x56\xb5\xdf\x56\xd5\xe9\x74\xda\x20\xd8\xa4\xbe\xde\xd4\x52\x1d\xb3\x77\xa8\xc0\xd5\x74\x96\x60\x63\xdd\x56\x11\x0d\x22\xb8\x46\xd5\xd9\xa4\x88\xd5\x04\xf6\x9c\x7b\x67\x15\xcf\x57\xbc\x4d\xab\x5d\x30\xeb\x11\xb2\x83\xb6\xe2\x0a\x87\x7f\xcd\x1f\x7f\xbf\x98\xcf\xd3\x79\x8e\x61\xe6\x45\x64\x7a\xab\x6d\x21\x54\xdd\x58\xaf\x97\xb1\x31\xc1\x32\x4a\xa6\xfa\xe2\xd9\xe1\x7c\x59\x9c\x7e\x5e\x7c\x14\x35\x2d\x10\x46\x6f\x70\xfe\xea\x88\xc8\xe8\x5b\x0f\x43\x5b\x32\xc1\x27\x9d\x31\x47\xb7\x90\xea\xe8\xfb\xc1\xab\x72\xe3\x57\xaa\xa5\xeb\xec\x73\x42\x6f\xa3\x55\x38\x2a\xdf\x90\x34\x34\x64\x26\xb6\x1d\xd2\x2f\x94\x13\x68\xbf\xb3\x21\xec\x49\x22\xa1\xeb\xf5\x8d\x92\x46\xcf\x47\x52\xa1\x1e\xb1\x91\xd8\x91\xb6\x20\xe9\x11\x87\x52\x90\x30\xd9\x10\x68\x32\xd4\xcc\x2c\x2e\xd3\xaf\xcb\x52\x97\xed\xbe\x11\x36\x96\x63\xa7\xbe\x83\x64\xbd\xab\x70\x4b\xa6\x84\x1f\x0b\xdc\x92\xf9\xab\x47\xed\x9b\x37\x9a\xf2\x50\x23\x91\x6a\x61\x46\x3d\x70\x54\xa1\x11\x68\x41\xef\x96\xce\x7c\x0f\x9d\x7e\x08\x5f\x6e\xfc\x76\xee\x83\xaf\xbd\x2e\x7c\xb9\x26\xbd\x8b\xd8\x47\x24\xc4\x57\xec\x70\xf6\xa9\xd4\xff\x91\xf2\x83\x48\x80\xe5\xef\x8a\xff\xa7\x85\xb6\x88\x45\xe5\xd8\xce\x74\xcd\x4a\x73\x5f\xd3\xef\x4d\xf9\x53\xee\xec\x35\x66\xec\xdf\xdf\x19\x2a\xc9\x53\x43\x44\x74\xd6\x33\x65\xae\x5b\xcb\x47\xb8\xf5\x50\x75\x87\xc6\xe6\xa0\xe4\x13\xed\x1b\x1b\x12\xf6\xf7\xe5\xf9\x23\x4b\xc4\x2e\xb3\x7d\xb5\x3e\xd8\x43\xc0\x47\xe8\x4b\x43\x91\x3d\x5c\x29\x6d\x1d\xa1\xb8\x76\x1d\xa5\x56\x72\x70\x74\x00\x8d\xd0\x8e\x4e\x2d\x0a\xfd\x99\x00\x3d\x75\x3e\xa5\xa2\xb7\xb4\x46\x90\x04\xf7\xe9\x3e\x79\x1b\x82\x9c\x76\x2c\xbb\x6b\x4b\x7f\x4c\x69\x46\x62\xe4\x1b\xb2\x74\xf2\xc1\xd5\x36\xba\x99\x3f\xce\xa5\x23\x52\xe9\x9b\x88\x24\xe1\x15\x89\x3c\xab\x10\xcb\x3b\xb1\x1b\x7a\x7a\x69\x7d\x89\xd7\x21\x3b\xa4\xeb\xc4\x4e\x83\x2a\x71\xd4\xce\x32\x67\x6f\xed\x2b\xe8\x00\xf0\xcd\xc2\x07\xda\x71\xee\x2d\xbb\xdd\x95\xdf\x43\xed\xe0\xdc\x7d\x2d\x5c\x06\xcd\xe3\xae\x93\x1e\x5c\xb6\xdc\x68\xb3\x59\x1b\x16\x86\x59\x17\x67\x6f\x6b\x6e\xb2\x6b\x68\xa8\x92\x72\xfc\xe8\xe7\xbc\x1c\x69\xde\x6c\x5c\xd8\xa7\xef\x0d\x23\x6d\xad\x92\x8d\xc3\xd6\xe2\xf5\x54\xfd\x62\xd4\x41\xb4\xdd\xdc\x77\xa2\x09\xf6\xce\x33\xf4\x53\x4d\xf0\x9e\xfa\x9f\xd0\x1c\xf9\x36\x69\x9e\xa9\xe4\x2f\x6b\xaa\xb3\x4a\x4f\x93\x0d\x5b\x1a\x86\xea\xd3\x9d\x25\xba\x5a\xf0\x33\x07\x71\x6f\xcb\x17\xe8\x1b\xb4\x97\x16\xd3\x14\xcf\x80\x2a\x65\x36\xc6\xed\xe0\x6e\xcf\x53\xc4\x7f\xd9\x47\x38\xb3\xa5\xb2\x14\x56\x57\xa8\xcb\xea\xb2\xfa\x3f\x00\x00\xff\xff\xe7\x5f\xdd\xbf\x94\x07\x00\x00")

func apiIndicesPut_settingsJsonBytes() ([]byte, error) {
	return bindataRead(
		_apiIndicesPut_settingsJson,
		"api/indices.put_settings.json",
	)
}

func apiIndicesPut_settingsJson() (*asset, error) {
	bytes, err := apiIndicesPut_settingsJsonBytes()
	if err != nil {
		return nil, err
	}

	info := bindataFileInfo{name: "api/indices.put_settings.json", size: 1940, mode: os.FileMode(0644), modTime: time.Unix(1675080317, 0)}
	a := &asset{bytes: bytes, info: info, digest: [32]uint8{0x6f, 0x94, 0x8e, 0x35, 0x79, 0x8e, 0x23, 0x9, 0x80, 0x62, 0xfa, 0x82, 0xfa, 0xe7, 0x8e, 0xe5, 0x16, 0xba, 0x92, 0x38, 0x36, 0x4d, 0xcd, 0x82, 0x78, 0x63, 0x13, 0x85, 0xc8, 0x3b, 0xd9, 0x52}}
	return a, nil
}

var _apiIndicesPut_templateJson = []byte("\x1f\x8b\x08\x00\x00\x00\x00\x00\x00\xff\xa4\x94\xbf\x6e\x1b\x3d\x10\xc4\x7b\x3d\xc5\x80\x95\x0d\xf8\xd3\xf5\xea\xbf\x3a\x46\xec\x20\x45\x60\x18\x14\xb9\x27\x12\xe0\x9f\xcb\x72\x19\x59\x30\xf4\xee\x01\x4f\xa7\xf3\xc9\x96\x93\x22\x9d\xc0\x5d\xce\xfc\x86\x7b\xab\xd7\x15\xa0\x7c\xb2\xde\x50\x59\x0f\x55\x9e\x85\xe2\x10\xb4\x90\xda\xa0\xd5\x00\x65\xb3\xa9\x91\x92\x68\xf1\x39\xa9\x0d\x94\x13\x19\x36\x5d\xb7\xdf\xef\xd7\x14\x74\x11\x6f\xd6\x26\x77\xbb\xea\x2d\x75\x94\xba\xe9\xac\x90\x66\xe3\x3a\xa6\x9e\x98\x92\xa1\x2e\xea\x22\xc4\xdd\x64\xf6\xdf\xd9\xa8\xac\x9d\xc4\xa0\xee\x4e\x66\x91\xc4\x65\x5b\xd4\x06\x3f\xd4\xfd\xb7\x47\x75\x07\x75\xff\xe5\xe1\x51\x3d\x4d\xf5\xca\x61\x26\x03\xd4\xa0\xc5\x35\xa4\x6e\xe6\xee\x5e\x93\x8e\x74\x9c\xf4\xa6\x96\x93\xde\xc7\xa6\xa7\x45\x17\x4b\x59\x28\x03\xaa\xb5\x5c\x9c\x00\x4a\x0e\x03\x29\x6c\xa0\x8a\xb0\x4f\xbb\xd9\x65\x2c\x32\xfd\xac\x9e\xc9\xb6\x06\xe1\x4a\x17\x45\x4b\xc5\xb0\x1f\xc6\x37\x6c\x02\x8f\x8e\xd0\x1c\x90\x7b\x88\x23\xcc\xef\x3e\x5f\x3a\x4e\xbf\x8e\x4b\x48\x1d\xdf\x51\x66\xb6\xc4\x9f\x62\xa6\x1a\xb7\xc4\xea\xaf\x24\xa3\x0a\xfa\xcc\x10\xe7\xcb\x0c\x83\xbd\xa3\x84\x48\xbc\xf3\x69\x87\x58\x83\xf8\x21\x10\xa2\x16\xe3\xda\x49\x4e\x54\x70\xe3\xfc\xce\x11\xe3\xe4\x55\xa0\x99\xc6\x2b\x64\xd1\x34\xf8\x0e\xf9\x17\x31\x7b\xdb\x6e\xb4\xa8\x21\xef\xdf\xda\x6f\x17\x81\xdf\x30\x95\x61\x6a\x8f\x81\xcb\x60\xcb\x68\xdb\x9c\x03\xe9\x74\x91\xed\x4a\xba\xef\x8e\xa4\xd1\x35\x63\x9f\x2c\xbd\xbc\x85\x2b\x2e\xd7\x60\x91\x53\x38\x60\x4b\xd0\xd6\x92\x85\xef\x91\x68\x8f\xcc\x30\x3a\x41\x87\x92\xc1\x34\x04\x6d\x08\x3a\x81\x5e\x7c\x91\x29\xf9\x47\xe7\x5e\xd7\x20\xcd\xb5\xd7\xa1\xd0\xd5\x5c\xe2\x23\xe5\x2a\x9f\x0e\xac\xd5\xff\x3c\xae\xff\x5f\x86\xe0\x8d\x17\xe4\x81\x78\xdc\x49\x9c\x45\xaf\x3a\x9e\xd6\xee\xf9\xdf\x8d\x1f\x06\x32\xbe\x3f\x9c\xdd\xc6\xaf\xc5\xe4\x94\xc8\x9c\x20\x32\x4e\x56\xd7\x31\xfa\xa0\xe5\xb9\x90\xb4\xd7\x2b\xef\x28\x26\x8c\xcf\x86\x7a\x41\xb2\x81\xfa\x4a\x52\x39\xe1\x2c\x06\x9f\xd0\xd4\x1b\x50\xd4\x82\x9b\x69\x10\xd3\x18\x6e\xaf\x6c\xd4\x6a\x41\xa7\xb6\xd9\x1e\x96\xff\x29\xd7\xf6\x63\xfe\x66\x2c\xf5\x3e\xf9\xb1\x36\xaf\xe5\xfb\xbd\x5f\x9d\x3d\x8e\xab\xe3\xea\x77\x00\x00\x00\xff\xff\x81\x0b\x5a\x42\x61\x05\x00\x00")

func apiIndicesPut_templateJsonBytes() ([]byte, error) {
	return bindataRead(
		_apiIndicesPut_templateJson,
		"api/indices.put_template.json",
	)
}

func apiIndicesPut_templateJson() (*asset, error) {
	bytes, err := apiIndicesPut_templateJsonBytes()
	if err != nil {
		return nil, err
	}

	info := bindataFileInfo{name: "api/indices.put_template.json", size: 1377, mode: os.FileMode(0644), modTime: time.Unix(1675080317, 0)}
	a := &asset{bytes: bytes, info: info, digest: [32]uint8{0xa6, 0xde, 0xa, 0x87, 0x93, 0x8b, 0xad, 0xc9, 0x2f, 0x36, 0xe2, 0xbe, 0x21, 0x83, 0xa1, 0xec, 0xd6, 0x41, 0x59, 0xac, 0xa2, 0xb7, 0x50, 0x2, 0xd6, 0xbc, 0xe2, 0x8f, 0x38, 0xfc, 0x9, 0x92}}
	return a, nil
}

var _apiIndicesRecoveryJson = []byte("\x1f\x8b\x08\x00\x00\x00\x00\x00\x00\xff\xac\x92\xcd\x6e\xdb\x30\x10\x84\xef\x79\x8a\x01\xcf\xb1\x79\x57\x4f\x05\x5a\xf4\x05\x0a\xf4\x50\x04\xce\x9a\x5c\x9b\x04\xf8\x23\x2c\x57\x71\x84\xc0\xef\x5e\x48\xb6\x1b\xa5\x4a\x80\xa2\xe8\x51\x3b\x43\xce\xce\x27\xbe\xdc\x01\x80\x89\xc5\x47\xc7\x6d\x2b\xec\xea\x13\xcb\x68\xd0\xe1\x22\xcd\xb2\xaf\x6e\xc8\x5c\x94\x34\xd6\x62\x3a\x98\xa0\xda\x77\xd6\x9e\x4e\xa7\x2d\x27\x6a\x1a\xdd\xd6\x55\x7b\x1c\xa2\x67\xcb\xc5\x5e\x67\x8d\x49\x5c\xb0\xc2\x07\x16\x2e\x8e\x6d\xa6\xa6\x2c\xf6\x9a\xb6\xb9\xa5\x6d\x83\xe6\x64\xee\x5f\xf3\x32\x6b\xa8\xbe\x99\x0e\x3f\xcd\xb7\xaf\xdf\xcd\xc3\x42\x1b\x24\x99\xe5\x72\xf3\xb0\x27\x0d\xd3\x5e\x76\xf7\xbb\xc1\xfd\xda\x71\xb9\x70\xe9\x81\xb1\x2f\xb1\x78\x7e\x3e\x2f\xa6\x0f\xab\xa3\xa2\x6d\x95\x79\xe3\xc6\xcf\xef\x4a\xb3\xac\x63\xcf\x13\x4a\x93\x62\xd3\x3f\x36\x7a\x85\xcb\xcd\x49\xec\x67\xb4\x93\xf7\x33\x5c\xcd\x99\x36\x8d\x7b\x12\x52\xf6\x98\x4e\xa3\x1e\x30\xa7\xa1\x50\xe6\xf6\x09\x43\x63\x3c\xee\x28\xa5\x47\x54\x01\xe7\x5e\x47\x34\x95\x58\x8e\xd0\x8a\x9e\xe5\x50\x25\x43\x03\xa3\xf6\x2c\xf3\x9f\x43\x2d\xa0\x94\x70\xe5\x6f\x56\xfb\x9c\xdf\x4c\xce\x6b\x0e\x94\x3f\x00\xe1\x59\x29\x26\xf6\x6f\x1f\xce\x1a\x46\x07\xb3\xaf\x35\x31\x95\xbf\xc1\xd1\xc1\xfc\x08\xac\x81\x65\xea\xe4\x63\xeb\x13\x8d\xb8\x65\x21\x96\xa9\xe3\xa5\x1a\xed\xeb\xa0\x68\x81\xc4\xe3\x83\x37\xb0\x88\x38\xd0\x90\xd4\x74\x38\x50\x6a\xbc\xc6\xb0\x3e\x67\xc8\x69\x7c\xe2\x5d\x2d\x69\xfc\xef\x1d\xbf\x5c\x8b\x4d\x97\x43\x43\x6d\x7c\xab\x10\xb9\x41\x03\x29\x48\x18\x6e\x10\xe1\xa2\x69\x32\x6e\x8e\x35\x96\xe3\x3f\x17\xbc\x7b\xff\x6b\x51\xdc\xec\xab\x1f\x4d\x87\x32\xa4\x74\x77\x71\x9d\x7f\x05\x00\x00\xff\xff\x78\x5f\x88\xfa\x2d\x04\x00\x00")

func apiIndicesRecoveryJsonBytes() ([]byte, error) {
	return bindataRead(
		_apiIndicesRecoveryJson,
		"api/indices.recovery.json",
	)
}

func apiIndicesRecoveryJson() (*asset, error) {
	bytes, err := apiIndicesRecoveryJsonBytes()
	if err != nil {
		return nil, err
	}

	info := bindataFileInfo{name: "api/indices.recovery.json", size: 1069, mode: os.FileMode(0644), modTime: time.Unix(1675080317, 0)}
	a := &asset{bytes: bytes, info: info, digest: [32]uint8{0x84, 0xd8, 0x2b, 0x36, 0xc0, 0x60, 0x26, 0xc0, 0x18, 0x32, 0x9c, 0xbe, 0xb2, 0x4a, 0xd6, 0x6b, 0x35, 0xc8, 0x4d, 0x55, 0x89, 0xc0, 0x7a, 0x7c, 0x5d, 0x92, 0x40, 0xb3, 0x9d, 0xd2, 0x6a, 0x0}}
	return a, nil
}

var _apiIndicesRefreshJson = []byte("\x1f\x8b\x08\x00\x00\x00\x00\x00\x00\xff\xac\x93\xb1\x6e\xdb\x30\x10\x86\x77\x3f\xc5\x8f\x9b\x52\x40\xb1\x76\x77\xea\x50\x74\x6c\x81\x06\xe8\x10\x04\x0e\x4d\x9e\x42\x02\x14\x4f\x20\x4f\xb1\x83\xc0\xef\x5e\xc8\x92\x65\xc5\x49\x8b\x0e\xdd\x0c\x9e\x79\xf7\x7f\xdf\x51\xaf\x2b\x80\x42\x72\xc1\x72\x59\x67\x6e\x32\x17\x4f\x1b\x0c\xc7\x00\x39\xb1\x7d\xcb\x49\x8d\x06\x49\xb4\x01\x79\xd5\x6e\x53\xd7\xfb\xfd\x7e\xcd\xd1\x14\x0d\x76\x6d\xa5\x7e\xea\x83\xe3\x9a\x53\x3d\x9d\x15\x36\xd9\xfa\x3a\x73\xc3\x99\x93\xe5\xba\x35\x45\x39\xd7\xd3\x9c\xdb\x69\xce\xda\x6b\x1b\xa9\x1a\x47\xb5\xac\x5e\x5c\xa1\x0d\xee\xe9\xc7\xf7\x9f\x77\x54\x81\xbe\x7d\xbd\xa3\x87\xa9\xde\xe7\x38\xe7\x02\xa8\x33\x3a\xe4\xa4\x7a\x7b\x0e\x5d\x2d\x4b\x63\x9f\x45\x11\x54\xbf\x86\xe4\xf8\x70\xbc\x1c\x3e\x2c\xae\x64\x2d\x8b\xf6\xa3\x13\x3e\xbc\x39\x02\x48\x5f\x3a\x26\x6c\x40\x31\x14\x9d\x27\x8e\xaa\xb8\xd8\x1c\xba\x93\xa8\xe1\x1f\x5f\x60\xa5\x6d\xcd\x6d\xe1\xce\x64\xa3\xec\x30\xdc\x81\x34\x38\x75\x46\x32\x2d\x97\xcf\xe8\x0b\xe3\x71\x6b\x62\x7c\x84\x64\x70\xdb\xe9\x0b\x8a\xe6\x90\x9e\xa0\x82\x8e\x73\x23\xb9\x85\x7a\x86\x74\x9c\x4f\x7b\x80\x24\x98\x18\x31\xd9\xa4\x39\xc5\x71\xfa\x75\x5c\x72\x99\xf6\x1a\xec\x29\x49\xe6\x6d\x9f\xcc\xb3\x09\xd1\xec\x22\x5f\x51\x2e\x39\x77\x22\x91\x4d\x7a\x83\xfa\x01\xec\x2f\xcf\xea\x39\xa3\x74\x6c\x43\x13\xd8\xc1\x4a\xb2\x99\x95\xcf\x29\x51\xbc\xf4\xd1\x61\xc7\x18\x03\x38\xec\x3d\x27\x2c\x62\xe0\xa6\x0d\xa5\x0c\xe4\x92\x61\xa3\x14\x76\x9f\x16\x70\x97\x08\x64\x62\x94\xfd\x36\xc9\xf6\xac\xe0\xbf\x01\xa8\x4c\xf1\x10\x1a\x18\xec\x43\x74\xd6\x64\x37\x53\xf0\xa1\xcb\x5c\xca\xb0\x85\xcc\x45\xe2\x33\x17\x84\xa4\x82\x24\xef\x90\xd7\xb8\xb9\xf3\x61\xa8\xdb\xd8\x3b\x2e\xe7\x3d\x4f\xeb\x95\x3c\x1a\x48\x32\x77\xf7\xe6\x99\xb1\x63\x4e\x17\x91\x7f\x30\xc0\x87\xce\x24\xb7\x3d\xe7\xfb\x9b\x01\x4e\x7d\x7b\x8d\x2f\x27\xf2\x32\xd4\xef\x49\x3a\x4e\x54\xd1\x68\x9c\x2a\x4a\x92\x98\xaa\x41\xf2\xe5\x0b\x99\xb5\x35\xa6\x8f\x7a\xea\x3b\x5e\xfb\x67\xad\x63\xe2\x8b\xd1\x85\x49\x7d\xef\x0e\xea\x8d\xc2\xe4\xd3\xb3\x4f\xd5\xf4\x1c\x06\x67\x3b\x51\xbf\xfe\xe0\xcd\xaf\x16\x8a\x68\x27\xee\x85\x36\x48\x7d\x8c\xab\xa1\x76\x5c\xfd\x0e\x00\x00\xff\xff\xdf\xb5\x0b\xac\xe8\x04\x00\x00")

func apiIndicesRefreshJsonBytes() ([]byte, error) {
	return bindataRead(
		_apiIndicesRefreshJson,
		"api/indices.refresh.json",
	)
}

func apiIndicesRefreshJson() (*asset, error) {
	bytes, err := apiIndicesRefreshJsonBytes()
	if err != nil {
		return nil, err
	}

	info := bindataFileInfo{name: "api/indices.refresh.json", size: 1256, mode: os.FileMode(0644), modTime: time.Unix(1675080317, 0)}
	a := &asset{bytes: bytes, info: info, digest: [32]uint8{0x81, 0xe5, 0x49, 0x29, 0xbb, 0x7d, 0x88, 0xbd, 0x90, 0x16, 0xcf, 0xfd, 0xd1, 0xde, 0x86, 0x4e, 0xaa, 0xef, 0x5c, 0xbd, 0x98, 0x38, 0xc9, 0x8c, 0x88, 0x87, 0x59, 0x7e, 0xce, 0xb9, 0x6e, 0xc8}}
	return a, nil
}

var _apiIndicesRolloverJson = []byte("\x1f\x8b\x08\x00\x00\x00\x00\x00\x00\xff\xa4\x94\xb1\x6e\xdc\x3c\x10\x84\xfb\x7b\x8a\x05\x6b\x5b\xea\xaf\xff\x8b\xbf\x4a\x00\xbb\x0b\x02\x81\x22\x47\x16\x01\x8a\x54\x96\xcb\x93\x05\xe3\xde\x3d\xa0\xe4\x93\xef\x1c\xd9\x80\x93\x56\x5c\xce\x7c\x9c\xdd\xd5\xcb\x81\x48\xb9\x60\x9d\x41\xaa\x38\x7a\x1f\x4f\x60\x75\xa4\xf2\x9d\x48\xd9\x68\xf2\x80\x20\x5a\x5c\x0c\xea\x48\xaa\x17\x19\x8f\x75\x3d\x4d\x53\x05\xaf\x93\x38\x53\x99\x58\x3f\x65\x67\x51\x23\xd4\xaf\xdf\x12\x34\x9b\xbe\x66\x74\x60\x04\x83\x7a\xd0\x49\xc0\xf5\xab\xd1\xfd\xc5\xe8\xde\x05\x8b\xe7\xaa\x97\xc1\xab\xbb\xd5\x71\x80\xf4\xd1\x26\x75\xa4\x1f\xea\xfb\xb7\x87\x47\xf5\xf3\xf5\x20\xb3\xdf\xb8\x88\xd4\xa8\xa5\x2f\x40\xf5\x8b\xf6\x4e\xa7\x73\xdd\x6c\xf4\x77\xd7\x35\xab\xd2\x5e\xd5\xde\xdd\xfa\x25\x60\x6a\x16\xaa\xf3\xc5\x79\x11\x62\x49\x57\xee\x44\x6a\xb9\x79\xf3\x89\x48\xc9\x3c\x42\xd1\x91\x54\x12\x76\xe1\x69\x23\x59\x0e\x19\xbf\xb2\x63\xd8\x52\x20\x9c\x71\x73\x68\x91\x0c\xbb\x71\x89\xb9\x08\x3c\xf6\xa0\xa0\x07\x50\xec\x48\x7a\xd0\x62\x47\x12\x69\xe3\xdf\x6e\x9f\xdf\x84\xd4\x46\xff\xd7\x64\x9d\xf6\xe9\x6b\x68\x17\x22\x5a\x8d\xdf\xb8\x0e\xef\xf8\x4a\x8c\x7a\x78\x97\xa3\xb8\x01\x31\xcb\x87\xbc\xe5\x5c\x7d\xca\xf3\xdf\xf3\xe8\x9d\x71\x42\x71\x04\x2f\x83\x4a\x17\xd1\xdd\x8c\x2c\xcf\x0d\xe7\xf0\xa1\x63\x1b\xa3\x87\x0e\x9f\x9b\xfe\xdf\x51\x82\x94\x86\x94\x56\xde\xe6\xa0\xcd\x02\x31\x39\xef\x29\x06\x3f\x53\x0b\x3a\x69\xef\xac\x16\x58\x6a\xb3\x50\x88\x52\xaa\xb2\xf6\x7e\xa6\x11\xdc\x45\x1e\x60\x09\x27\x04\x72\x1d\x69\x32\x31\x58\xb7\xa8\x0c\x5a\x4c\x8f\x54\x51\x89\xdd\xa2\xd3\xd9\x0b\xb9\xb4\xf6\x69\xff\x81\xeb\xb2\x35\xff\x9e\xec\xc3\x08\xe3\xba\xf9\x12\x27\x75\x91\x0b\x59\xc0\xfa\x40\x89\xb4\x5a\xed\x63\x4c\xda\x49\xd3\x45\x6e\x4a\x1e\x27\x34\xa9\xd7\x6c\xbf\xb6\x32\x7f\x00\x95\xc8\xcb\xf8\xe5\xa1\x05\x97\x01\x5c\xb5\x69\xd5\x2e\x44\xc5\x75\x01\x2d\x80\xa5\x14\x93\x9f\xc9\x30\x96\xf0\x6f\x67\x95\x5a\x74\x91\xd7\xee\xbd\x0d\x0f\x43\x32\x87\x54\xed\x4c\xf2\xe1\xea\x8d\xaa\x8d\x76\xbe\xfe\x23\xed\xed\xc9\xd6\xc7\x44\xd2\x6b\xa1\x00\xac\x98\x2d\x68\xc0\x0a\x8a\x67\x98\x2c\x2e\x3c\xbd\xdb\xed\xe2\x76\x3e\x9c\x0f\xbf\x03\x00\x00\xff\xff\x73\x37\x7b\x3d\xa3\x05\x00\x00")

func apiIndicesRolloverJsonBytes() ([]byte, error) {
	return bindataRead(
		_apiIndicesRolloverJson,
		"api/indices.rollover.json",
	)
}

func apiIndicesRolloverJson() (*asset, error) {
	bytes, err := apiIndicesRolloverJsonBytes()
	if err != nil {
		return nil, err
	}

	info := bindataFileInfo{name: "api/indices.rollover.json", size: 1443, mode: os.FileMode(0644), modTime: time.Unix(1675080317, 0)}
	a := &asset{bytes: bytes, info: info, digest: [32]uint8{0xa8, 0xe8, 0x7, 0x6, 0x7e, 0x7b, 0xe3, 0xa2, 0x96, 0x6, 0xf4, 0x68, 0xa9, 0xc8, 0xfb, 0xcb, 0xcf, 0x3b, 0xe4, 0xc3, 0xb3, 0x2b, 0x9f, 0x96, 0x6d, 0x74, 0x3, 0x5b, 0xdc, 0x9b, 0x8, 0x2e}}
	return a, nil
}

var _apiIndicesSegmentsJson = []byte("\x1f\x8b\x08\x00\x00\x00\x00\x00\x00\xff\xac\x93\x4f\x6b\x1b\x31\x10\xc5\xef\xfe\x14\x0f\x9d\x52\x70\xbc\x77\xf7\xd4\x43\x29\x85\x1e\x03\x3d\x84\xe0\x68\xa5\x67\xaf\x40\xd2\x2c\x92\xd6\x8e\x09\xfe\xee\x65\xff\xd8\xde\x38\x49\xe9\xa1\xb7\xe5\xcd\x6a\xe6\xbd\xdf\x48\xaf\x0b\x40\xb9\x68\x9d\x61\x5e\x65\xee\x02\x63\xc9\x6a\x8d\x5e\x07\x94\x15\xd3\xf5\x92\x2e\x4e\xa2\x5a\x43\x35\xa5\xb4\xeb\xaa\x3a\x1c\x0e\x2b\x7a\x9d\x8b\x33\x2b\x23\xd5\xae\x73\x96\x15\x63\x35\x69\x99\x3a\x99\xa6\x4a\xdc\x32\x31\x1a\x56\x41\xe7\xc2\x54\x4d\x83\xee\xcf\x83\x56\x4d\x09\x5e\x2d\xc7\x59\x81\xa5\x11\xdb\x0f\x7f\x54\x3f\xbe\x3f\xa8\xa7\x49\xef\x92\xbf\x18\x02\x54\xab\x4b\xd3\x3b\xa9\x36\x17\xbb\xcb\x79\x6d\x6c\x30\xaf\x42\x55\xaf\x2e\x5a\xbe\x9c\x66\xea\xd3\xec\x50\x9a\x45\x1e\xa4\xe1\xef\x37\x12\xa0\xca\xb1\xa5\xc2\x1a\xca\xbb\x5c\x2e\x33\x47\x4c\xcc\x26\xb9\x76\x80\xd4\xff\xf1\x0d\x46\x42\xd0\xf7\x99\xad\x4e\xba\xd0\xa2\x3f\x03\xd9\x62\xe8\x8c\xa8\x03\xf3\x57\x74\x99\x78\xde\x68\xef\x9f\x21\x09\x0c\x6d\x39\x22\x97\xe4\xe2\x0e\x45\xd0\x32\x6d\x25\x05\x94\x86\x90\x96\x69\xd8\x01\x24\x42\x7b\x8f\x89\xa4\xba\xb8\x38\x4d\x5f\xa7\x79\x2e\x1d\x6e\x83\xed\xa2\x24\x6e\xba\xa8\xf7\xda\x79\x5d\x7b\xde\xa4\x9c\xe7\xac\x45\x3c\x75\x7c\x13\xf5\x83\xb0\xbf\x1b\x96\x86\x09\xb9\xa5\x71\x5b\x47\x0b\x23\xd1\x24\x16\x9e\x5d\x22\x37\xd2\x79\x8b\x9a\x18\x0d\x58\x1c\x1a\x46\xcc\x6c\xe0\x2e\xb8\x9c\xfb\xe4\x92\x60\xbc\x64\xda\x2f\xb3\x70\x57\x0b\x4a\x7b\x2f\x87\x4d\x94\xcd\x19\xc1\x7f\x0b\x50\x64\xb2\x07\xb7\x85\xc6\xc1\x79\x6b\x74\xb2\x97\x14\x7c\x69\x13\x73\xee\xb7\x90\x98\xc5\xef\x99\xe1\x62\x11\x44\x79\x17\x79\x85\xbb\x87\xc6\xf5\x75\xe3\x3b\xcb\x7c\xde\xf3\xb4\x5e\x49\x23\x81\x28\x97\xee\x8d\xde\x13\x35\x19\xaf\x20\x3f\x21\xc0\x97\x56\x47\xbb\x39\xfb\xfb\x1b\x01\xc6\x2e\xdc\xc6\x97\x21\x79\xee\xeb\x8f\x4a\x5a\x46\xb5\x54\x23\x71\xb5\x54\x51\x22\xd5\xb2\x87\x7c\x7d\x21\x17\x6c\x5b\xdd\xf9\x32\xf4\x1d\x8f\xfd\x33\xd6\xd1\xf1\x95\xe8\x8c\x64\x79\xcf\x0e\xa5\xd1\x05\x3a\x0d\xd7\x3e\x2e\xa7\xeb\xd0\x33\xab\xa5\x34\xab\x8f\xa1\xec\x99\x6a\xc9\xb7\xd7\x79\x24\xf1\xc9\x55\x78\xe3\x78\x0d\xf5\xf3\xbc\x2b\xcb\xa2\x9d\xa7\x45\x60\x90\x74\x44\x97\xf5\x8e\xa8\x8f\xf8\xd5\x19\x46\xae\x6e\xbb\x8c\x5c\xd6\xd8\x6a\x9f\xf9\xfe\x45\x2e\x66\x5e\x55\x2d\xf6\xa8\xd6\x88\x9d\xf7\x8b\xbe\x76\x5a\xfc\x09\x00\x00\xff\xff\x6b\x2a\x7d\xbc\x83\x05\x00\x00")

func apiIndicesSegmentsJsonBytes() ([]byte, error) {
	return bindataRead(
		_apiIndicesSegmentsJson,
		"api/indices.segments.json",
	)
}

func apiIndicesSegmentsJson() (*asset, error) {
	bytes, err := apiIndicesSegmentsJsonBytes()
	if err != nil {
		return nil, err
	}

	info := bindataFileInfo{name: "api/indices.segments.json", size: 1411, mode: os.FileMode(0644), modTime: time.Unix(1675080317, 0)}
	a := &asset{bytes: bytes, info: info, digest: [32]uint8{0xe5, 0x64, 0x29, 0x38, 0x5f, 0x38, 0x1e, 0x2e, 0x5f, 0x6, 0x3f, 0x66, 0x3d, 0x8d, 0x35, 0xfb, 0xe7, 0xeb, 0x97, 0x1e, 0x5f, 0xac, 0x13, 0xa0, 0xf1, 0x3e, 0xf2, 0xd9, 0x44, 0x8e, 0x72, 0xdb}}
	return a, nil
}

var _apiIndicesShard_storesJson = []byte("\x1f\x8b\x08\x00\x00\x00\x00\x00\x00\xff\xac\x93\xcd\x6e\xe3\x3a\x0c\x85\xf7\x79\x0a\x42\xab\x5e\x20\x8d\xf7\xb9\xab\xbb\xb8\x98\x17\x28\x30\x8b\xa2\x70\x15\xeb\x38\x12\x20\x8b\x86\x48\x37\x09\x8a\xbc\xfb\x40\xb6\x93\xba\xe9\x0f\x66\x80\x59\xd9\x20\x4d\xf2\x9c\x8f\xf4\xeb\x8a\xc8\x84\xe4\x42\x03\xd9\x88\xb7\xd9\xd5\xa2\x9c\x21\x66\x4b\x25\x47\x64\x1c\x37\x43\x87\xa4\x56\x03\x27\xb3\x25\xe3\x55\xfb\x6d\x55\x1d\x0e\x87\x0d\xa2\x15\x0d\xcd\xa6\xe1\x6a\x3f\x04\x87\x0a\xa9\x9a\x63\x02\x9b\x1b\x5f\x65\xb4\xc8\x48\x0d\xaa\xce\x8a\x22\x57\xf3\xb0\xfb\x71\x98\xdc\x4f\xd3\x36\x5e\xbb\x68\xd6\xd3\xc0\x0e\xea\xd9\x15\x05\x8f\xe6\xc7\xff\x0f\xe6\x69\x8e\x0f\x39\x5e\x55\x11\x99\xde\xaa\x2f\x72\xaa\xfa\x9d\xee\xf5\x32\x3f\x35\xb9\xfd\x82\x4c\xf5\x1a\x92\xc3\xf1\x7c\x93\x79\x5a\x14\x67\x95\xc5\xb4\x89\x12\x8e\xef\x42\x44\x46\x4f\x3d\x0c\x6d\xc9\xc4\x20\x7a\x9d\x3d\x71\x83\x34\x39\xf4\x23\xb5\xf2\xc5\x7f\xd4\x70\xd7\xd9\x7b\x41\x6f\xb3\x55\x38\x2a\x35\xc4\x2d\x8d\x9d\x29\xd9\x0e\xf2\x2f\x0d\x02\x7a\xae\x6d\x8c\xcf\xc4\x99\xd0\xf5\x7a\x22\xd1\x1c\xd2\x9e\x94\xa9\x47\x6e\x39\x77\xa4\x1e\xc4\x3d\xf2\xb8\x14\xe2\x44\x36\x46\x9a\xd1\x9a\xab\x8a\xf3\xfc\x76\x5e\xfa\xb2\xdd\x8d\x31\x51\xab\x83\x14\x8d\x4b\x6b\xdf\x9a\x23\x32\x3c\x3a\x1b\xcb\x1e\xcd\x3e\x03\xa9\x80\x3d\x21\x46\x3e\x94\xb7\x0c\x57\x1e\x36\xc6\x37\xac\x7f\x4c\x66\x92\x06\x29\x54\x5c\xf1\xdf\x86\xa8\xc8\xc5\xf0\x74\x3f\x25\xb6\x87\xd2\xb8\x40\x0a\xa9\xc0\x99\x98\xb4\x9c\x17\x20\xd6\x8b\x3d\xee\x13\x67\xd4\x43\xb2\x2f\x36\x44\xbb\x8b\x30\x5f\x3b\xdf\x31\x47\xd8\x74\x6b\xfe\xd6\xc1\x4f\x0f\xf5\xc8\x24\x3d\x9a\xd0\x06\x38\x6a\x38\x35\x19\x8a\xcb\x52\x48\x3c\x0f\xd1\xd1\x0e\x34\x09\x70\x74\xf0\x48\xb4\x90\x41\x77\x5d\x10\x29\x8b\xe6\x4c\x4d\x64\x81\xfb\xe7\x73\x0b\xb6\x40\xae\x13\xd7\x97\x8d\xff\x35\x03\xca\xb3\x3c\x0a\x2d\x59\x3a\x84\xe8\x1a\x9b\xdd\xd5\x05\x8e\x7d\x86\x48\x01\x9c\x21\x1c\x5f\x20\x14\x92\x32\x25\xfe\x60\x79\x43\x77\x0f\x3e\x94\x7c\x13\x07\x07\xb9\x9c\xf5\x7c\xcd\x9c\x27\x02\x89\xaf\xdd\xbd\x7d\x01\xed\x80\xf4\x06\xf2\x0b\x02\x38\xf6\x36\xb9\xfa\xa2\xef\x3b\x02\x48\x43\xf7\xed\xf1\x72\x5f\x6e\xd7\x4c\xc4\xcd\xda\x24\x4e\x30\xeb\x2f\x2e\xb7\xb5\x43\xd4\xb1\xef\x54\xf6\xdb\x58\x27\xc5\x6f\x44\x17\x24\xf5\x23\x3b\x52\x6f\x95\x6c\x1e\xff\xf2\xb4\x9e\xcf\xa1\x30\xdb\xb1\xfa\xcd\x27\xbf\xf8\x6a\x81\xc8\xec\xd8\x9d\xcc\x96\xd2\x10\xe3\xaa\xe4\xce\xab\x5f\x01\x00\x00\xff\xff\x0a\x26\xc9\xc8\xe9\x05\x00\x00")

func apiIndicesShard_storesJsonBytes() ([]byte, error) {
	return bindataRead(
		_apiIndicesShard_storesJson,
		"api/indices.shard_stores.json",
	)
}

func apiIndicesShard_storesJson() (*asset, error) {
	bytes, err := apiIndicesShard_storesJsonBytes()
	if err != nil {
		return nil, err
	}

	info := bindataFileInfo{name: "api/indices.shard_stores.json", size: 1513, mode: os.FileMode(0644), modTime: time.Unix(1675080317, 0)}
	a := &asset{bytes: bytes, info: info, digest: [32]uint8{0x59, 0xb3, 0x32, 0x17, 0x38, 0x93, 0x25, 0xdc, 0x6c, 0xfd, 0x1c, 0x85, 0x82, 0xa6, 0xb7, 0x4, 0xee, 0x8e, 0x1d, 0x50, 0x96, 0x43, 0x7d, 0xe7, 0xa4, 0x6e, 0xd1, 0x97, 0xef, 0x97, 0x49, 0xe1}}
	return a, nil
}

var _apiIndicesShrinkJson = []byte("\x1f\x8b\x08\x00\x00\x00\x00\x00\x00\xff\xbc\x94\x4f\x6f\xdb\x30\x0c\xc5\xef\xf9\x14\x84\x4e\x1d\xd0\xc6\xf7\xdc\x77\x5e\x81\x76\xa7\xa1\x70\x14\x89\x8a\x84\xda\xa2\x47\x51\x4b\x82\x20\xdf\x7d\x90\xe5\xa4\x69\xfe\xf4\x32\x60\x57\x91\x7e\xef\xa7\x47\xca\xfb\x19\x80\x0a\xd1\x06\x83\x69\x9e\x3c\x87\xf8\xae\x16\x50\x4e\x01\x94\x25\x93\x7b\x8c\xa2\x25\x50\x54\x0b\x50\x5e\x64\x58\x34\xcd\x66\xb3\x99\x63\xa7\x93\x04\x33\x37\xd4\xac\x73\xb0\xd8\x60\x6c\xa6\xb3\x84\x9a\x8d\x6f\x18\x1d\x32\x46\x83\x4d\xaf\x93\x20\x37\x93\xcd\x53\xb5\x79\x0a\xd1\xe2\x76\xee\xa5\xef\xd4\x63\xf5\xeb\x51\x3c\xd9\xa4\x16\xf0\x4b\x3d\xff\x7c\x55\x8f\xa0\x9e\x7f\xbc\xbc\xaa\xb7\xa9\x9e\xb9\x3b\xc1\x01\xa8\x41\x8b\x2f\x54\xcd\x7e\x94\x3a\x34\x6d\x55\x6e\xf6\xa2\x79\x8d\x72\x98\x74\xa7\xd6\xaa\x7b\xbf\xf9\xed\xac\x9b\x25\x9d\x39\xd5\x88\x70\xfb\xe9\x08\x40\xc9\x6e\x40\x05\x0b\x50\x49\x38\xc4\xf5\xc9\x6e\x2c\x32\xfe\xce\x81\xd1\x96\x06\xe1\x8c\x9f\x8a\x16\x93\xe1\x30\x8c\xb9\x16\x81\x57\x8f\x10\x75\x8f\x40\x0e\xc4\x23\x24\xca\x6c\x10\x46\x57\x10\x82\x69\x32\x27\x89\xc3\x87\x9a\xaa\xfc\xff\x8f\xad\xfa\x5d\xb2\x41\x88\x42\x67\x80\xb3\x0b\xd0\x12\xaa\xee\x2f\x52\x35\x34\xec\xda\x84\x22\x21\xae\xd3\xdd\x1b\xac\x88\x3a\xd4\x51\x7d\x49\xb9\xf1\x28\x1e\x19\x88\x21\x92\x14\xae\x22\x0e\x47\x71\x70\x4c\xfd\x75\xb4\x0f\x16\x9d\xce\x9d\xa4\xf2\x81\xd3\x5d\xc2\x6f\x77\x42\x0e\x3d\x52\xbe\x9f\x72\xa9\x7f\x0d\xf8\x7d\x3b\x74\xc1\x04\x01\x1a\x90\xc7\x17\x05\x47\xd1\x9b\x8e\xf5\xd1\xb4\xff\x6e\xfc\x32\xa0\x09\x6e\x77\x74\x03\x47\x0c\x86\x62\x44\x53\x21\x08\xaa\xd5\x6d\x8c\x8d\x0e\xd2\x3a\xe2\x56\x1b\x09\x7f\xb0\x4d\x5e\xb3\xbd\x3f\xab\x5b\xdb\x76\x05\x84\x32\x4e\x22\xe6\x7e\x55\x26\xe6\xa0\x6a\x43\xd5\x2e\x44\xc5\x75\x04\x2d\x80\x65\x68\x9e\x73\x7c\xc7\x38\x8d\x6d\x85\x8e\x18\xc7\xca\x47\x9a\x8c\x92\x39\xa6\xf9\x8d\x25\x9c\x9d\xdd\x4a\xad\xc8\xee\xce\x7f\x23\xb7\xf6\xdd\x50\x74\x61\x9d\x27\xe5\x02\x72\xb5\xf9\x0f\xcb\xe3\x6e\x2d\x41\x47\x0b\x4b\xdd\x05\x9d\x30\x2d\xa7\x0d\x2a\xa6\x87\xd9\x61\xf6\x37\x00\x00\xff\xff\xb1\xe2\xf6\x25\x62\x05\x00\x00")

func apiIndicesShrinkJsonBytes() ([]byte, error) {
	return bindataRead(
		_apiIndicesShrinkJson,
		"api/indices.shrink.json",
	)
}

func apiIndicesShrinkJson() (*asset, error) {
	bytes, err := apiIndicesShrinkJsonBytes()
	if err != nil {
		return nil, err
	}

	info := bindataFileInfo{name: "api/indices.shrink.json", size: 1378, mode: os.FileMode(0644), modTime: time.Unix(1675080317, 0)}
	a := &asset{bytes: bytes, info: info, digest: [32]uint8{0x84, 0x8f, 0xaf, 0x3c, 0xa0, 0x60, 0x6, 0xb, 0x3a, 0x12, 0x3a, 0x2e, 0x6d, 0x9e, 0x83, 0x26, 0x47, 0xae, 0x90, 0x1c, 0x8d, 0xdf, 0x57, 0x19, 0xc4, 0x51, 0x4, 0x90, 0xa5, 0x88, 0xba, 0xbb}}
	return a, nil
}

var _apiIndicesSplitJson = []byte("\x1f\x8b\x08\x00\x00\x00\x00\x00\x00\xff\xbc\x94\x4f\x6f\xdb\x3c\x0c\xc6\xef\xf9\x14\x84\x4e\x7d\x81\x36\xbe\xe7\xfe\x9e\x57\xa0\xd9\x69\x28\x1c\x45\xa2\x22\x61\xb6\xe8\x51\xd4\x92\x20\xc8\x77\x1f\x64\x39\x69\x9a\x3f\xbd\x0c\xd8\x55\xa4\x9f\xe7\xa7\x87\x94\x0f\x33\x00\x15\xa2\x0d\x06\xd3\x3c\x0d\x5d\x10\xb5\x80\x72\x08\xa0\x2c\x99\xdc\x63\x14\x2d\x81\xa2\x5a\x80\xf2\x22\xc3\xa2\x69\xb6\xdb\xed\x1c\x3b\x9d\x24\x98\xb9\xa1\x66\x93\x83\xc5\x06\x63\x33\x9d\x25\xd4\x6c\x7c\xc3\xe8\x90\x31\x1a\x6c\x7a\x9d\x04\xb9\x99\x5c\x5e\x46\x97\x97\x10\x2d\xee\xe6\x5e\xfa\x4e\x3d\x57\xbb\x1e\xc5\x93\x4d\x6a\x01\x3f\xd4\xeb\xf7\xa5\x7a\x06\xf5\xfa\xed\x6d\xa9\xde\xa7\x7a\xe6\xee\xcc\x06\xa0\x06\x2d\xbe\x40\x35\x87\x51\xea\xd8\xb4\xa3\x70\x73\x10\xcd\x1b\x94\xe3\x24\x3b\x75\x56\xd9\x87\xbd\xef\x17\xcd\x2c\xe9\xc2\xa7\xc6\x83\xbb\x4f\x47\x00\x4a\xf6\x03\x2a\x58\x80\x4a\xc2\x21\x6e\xce\x6e\x63\x91\xf1\x57\x0e\x8c\xb6\x34\x08\x67\xfc\x54\xb4\x98\x0c\x87\x61\x0c\xb5\x08\x2c\x3d\x42\xd4\x3d\x02\x39\x10\x8f\x90\x28\xb3\x41\x18\x5d\x41\x08\xea\x54\xce\x0a\xc7\x0f\x31\x55\xf1\xff\x1d\x5a\xf5\xbb\x42\x83\x10\x85\x2e\xf8\x66\x57\x9c\x25\x52\xdd\x5f\x65\x6a\x68\xd8\xb7\x09\x45\x42\xdc\xa4\x87\x17\x58\x13\x75\xa8\xa3\xfa\x12\x72\xeb\x51\x3c\x32\x10\x43\x24\x29\x58\x45\x1c\x4e\xe2\xe0\x98\xfa\xdb\x60\x9f\x2c\x3a\x9d\x3b\x49\xe5\x03\xa7\xbb\x84\xff\x3d\xc8\x38\xf4\x48\xf9\x71\xc8\xa5\xfe\x35\xe0\xff\xbb\xa1\x0b\x26\x08\xd0\x80\x3c\x3e\x26\x38\x89\xde\x75\xac\xef\xa5\xfd\x7b\xe3\xb7\x01\x4d\x70\xfb\x93\x1b\x38\x62\x30\x14\x23\x9a\x0a\x41\x50\xad\xee\x63\x6c\x75\x90\xd6\x11\xb7\xda\x48\xf8\x8d\x6d\xf2\x9a\xed\xe3\x59\xdd\x5b\xb6\x1b\x20\x94\x71\x12\x31\xf7\xeb\x32\x31\x07\x55\x1b\xaa\x76\x21\x2a\xae\x23\x68\x01\x2c\x43\xf3\x9c\xe3\x4f\x8c\xd3\xd8\xd6\xe8\x88\x71\xac\x7c\xa4\xc9\x28\x99\x63\x9a\xdf\x59\xc2\xd9\xc5\xad\xd4\x9a\xec\xfe\xf2\x17\x72\x6f\xdd\x0d\x45\x17\x36\x79\x52\x2e\x20\x37\x8b\xff\xb4\x3a\xed\xd6\x0a\x74\xb4\xb0\xd2\x5d\xd0\x09\xd3\x6a\xda\xa0\x62\x7a\x9c\x1d\x67\x7f\x02\x00\x00\xff\xff\x93\x8c\x42\x1c\x5c\x05\x00\x00")

func apiIndicesSplitJsonBytes() ([]byte, error) {
	return bindataRead(
		_apiIndicesSplitJson,
		"api/indices.split.json",
	)
}

func apiIndicesSplitJson() (*asset, error) {
	bytes, err := apiIndicesSplitJsonBytes()
	if err != nil {
		return nil, err
	}

	info := bindataFileInfo{name: "api/indices.split.json", size: 1372, mode: os.FileMode(0644), modTime: time.Unix(1675080317, 0)}
	a := &asset{bytes: bytes, info: info, digest: [32]uint8{0x6f, 0xfc, 0x69, 0x3f, 0x1c, 0xb3, 0x2f, 0xfb, 0xb2, 0x7b, 0xb8, 0x23, 0x8a, 0x25, 0x85, 0x69, 0x6b, 0xbf, 0x53, 0x7c, 0x4d, 0xba, 0xa3, 0xd6, 0x0, 0xb7, 0x6f, 0xfa, 0x6f, 0x1f, 0x5, 0xcb}}
	return a, nil
}

var _apiIndicesStatsJson = []byte("\x1f\x8b\x08\x00\x00\x00\x00\x00\x00\xff\xc4\x55\x3d\x6f\xdb\x3c\x10\xde\xfd\x2b\x0e\x9c\x12\xc0\xb1\x76\xbd\xd3\x3b\x14\x5d\x32\x15\x05\x3a\x04\x81\xcd\x90\x27\x89\x28\x3f\x94\x3b\xb2\xae\x1b\xf8\xbf\x17\x24\x15\x5b\x4e\x9c\x20\x6d\x91\x76\x32\x7d\x1f\xba\xe7\x9e\x3b\x3e\x7c\x58\x00\x08\xe3\xb5\x51\xc8\x2b\x8e\x32\xb2\x68\x21\x1b\x01\x84\x0e\x2a\x39\xf4\x51\x46\x13\xbc\x68\x41\x0c\x31\x8e\x6d\xd3\x6c\xb7\xdb\x15\x5a\xc9\xd1\xa8\x95\x0a\x4d\x9f\x8c\xc6\x06\x7d\x33\xd9\x18\x25\xa9\xa1\x21\xec\x90\xd0\x2b\x6c\x9c\xe4\x88\xd4\x4c\x55\xae\x4a\x95\xd5\x10\x9d\x15\xcb\x5a\xc8\x61\x1c\x82\xce\x95\x6f\xc4\xc7\x0f\x9f\xc5\xed\x64\x4f\x64\x0f\x68\x00\xc4\x28\xe3\x90\x61\x34\xeb\x0a\x74\x39\x77\x94\xec\xc9\x00\xcf\x63\x8e\xa6\xe6\xc1\x61\x24\xa3\xf6\x27\xbe\x07\xe3\x35\x7e\xdf\x9f\x4b\x3b\x75\x1d\xd3\xa7\x90\xdb\x19\x0c\x9a\xd1\x57\x4c\x25\xf5\xc4\x04\x20\xe2\x6e\x44\x01\x2d\x08\x6b\x38\xce\x4a\x65\xca\x91\x15\x99\xb1\x10\x9e\x23\xfe\x07\x15\x9c\x93\x57\x8c\xa3\x24\x19\x51\x43\xce\x81\xd0\x41\xf9\x32\x78\xe9\x90\xff\x83\xc4\x08\x9b\xb5\xb4\x76\x03\x81\x00\xdd\x18\x77\xc0\x91\x8c\xef\x21\x06\x18\x91\xba\x40\x0e\xe2\x80\x10\x46\xa4\x32\x4f\x08\x1e\xa4\xb5\x30\x4d\x45\x1c\x50\xec\x67\xbd\xd7\x56\x33\x92\xb7\x36\x10\x0a\x76\xce\xde\x1b\x91\x11\x89\x25\x08\x15\xdc\x68\xb1\x34\xb5\x2c\x6b\xc5\xf9\xb7\x33\x68\xb5\x96\x51\xe6\x3f\xf7\x09\x69\xb7\x56\x52\x0d\x58\x7c\x36\xf1\x90\x0f\x3d\xc6\xfc\x53\xba\x35\xbe\xcf\x67\x87\xd4\x97\x20\xc2\xfb\x84\x1c\x8f\x59\x84\x1d\x61\xcd\xab\x4b\x58\x4f\x7d\x5e\xe2\x52\x92\x63\xa0\x12\xb9\x95\xe4\x90\x8a\x29\xf5\x3d\x72\x14\xb7\xaf\xce\xe1\xda\x38\x13\x0b\x81\xc6\x67\x2e\x2b\x85\x84\x31\x91\x47\x5d\x1c\x3c\xa2\x32\x9d\x51\x50\x49\xe3\xd5\x8c\xd2\xc5\x13\x6a\xf3\xaa\x48\xf7\x64\x57\x8e\x2c\xad\x0b\x35\xfc\x2e\x7b\x53\x3f\x0d\x5d\x20\xd8\x1c\x26\xb0\x01\xe9\x35\x6c\x26\x2e\x36\xd3\x72\xd5\x46\xe0\x82\xd3\x38\x06\x8a\x0c\x5b\x63\xb5\x92\xa4\xf9\xf2\xfc\xba\x1c\xbe\xf7\x0f\x1a\xf8\x13\xc8\x7f\x9f\xe9\xe3\xac\x7f\x1b\x79\x4f\x21\x8d\xef\x83\xbc\x5e\x1e\xa8\x15\x6a\x03\xd5\x74\x0a\xf6\x3c\x2e\x8b\xdf\xd0\xbe\x08\x0b\x7d\x72\x2f\xc3\x6a\x41\x7c\x2a\x77\x0a\x8a\xd6\x82\xec\x7b\xc2\xbe\x60\x93\x11\x94\x4d\xf9\x21\x59\x4e\x20\x02\x01\x0f\x92\x34\xd4\x8a\x2f\xcb\xd0\x94\x37\xe9\x48\x51\xbb\x7c\xf1\x73\x2e\x3f\xbb\xf7\x9d\x4c\x36\x16\xa8\xaf\x2a\x63\x6e\x88\x7f\x45\x18\xdf\xce\xfe\xe3\xb3\x0b\xa5\x46\xa1\x3f\xeb\xcb\xe6\x51\x03\xdf\x32\x04\xe3\x95\x4d\x1a\xd7\x93\xf8\xad\x3b\x63\x71\xcd\xe6\x07\x9e\x5f\x98\x16\xc4\x5d\x08\x16\xa5\x7f\x75\x36\x5f\x06\x8c\x03\x52\x7e\x53\x08\xf3\x96\x16\x60\xb3\x21\x69\xc3\x5f\x21\xb1\xec\x31\x37\x82\x52\x0d\x10\x7c\x39\xe7\xc0\xeb\xa4\xd0\xe3\x84\x3e\x23\x62\xb8\x08\xde\xee\x40\x8e\xa3\x35\xc8\x60\xf2\xea\x15\xc0\x8f\xf3\x27\x84\x49\xe5\x51\x5f\x3e\xc5\x56\x47\xd5\x42\x27\x2d\xe3\x73\xb1\x5d\xcc\x48\x11\x77\x41\xef\x44\x0b\x3e\x59\xbb\xc8\xbe\xfd\xe2\x67\x00\x00\x00\xff\xff\x31\x7e\x60\xf3\xfa\x08\x00\x00")

func apiIndicesStatsJsonBytes() ([]byte, error) {
	return bindataRead(
		_apiIndicesStatsJson,
		"api/indices.stats.json",
	)
}

func apiIndicesStatsJson() (*asset, error) {
	bytes, err := apiIndicesStatsJsonBytes()
	if err != nil {
		return nil, err
	}

	info := bindataFileInfo{name: "api/indices.stats.json", size: 2298, mode: os.FileMode(0644), modTime: time.Unix(1675080317, 0)}
	a := &asset{bytes: bytes, info: info, digest: [32]uint8{0xb, 0xdf, 0x3d, 0xb8, 0xf9, 0xb2, 0x3c, 0xa5, 0x2f, 0xb1, 0x5d, 0xbc, 0xd3, 0x85, 0x9f, 0x53, 0xae, 0x7d, 0xf7, 0x3a, 0xeb, 0xec, 0xd9, 0x49, 0x40, 0xa7, 0x19, 0xf8, 0xfc, 0x7e, 0x78, 0xe0}}
	return a, nil
}

var _apiIndicesUpdate_aliasesJson = []byte("\x1f\x8b\x08\x00\x00\x00\x00\x00\x00\xff\xa4\x91\x41\x6e\xc3\x20\x10\x45\xf7\x3e\xc5\x88\x75\x6a\xf6\xbe\x44\xab\x26\xbb\x2a\x4a\x28\x7c\xd7\x48\x36\x10\x18\x14\x45\x95\xef\x5e\x11\x3b\x0e\xed\xb6\x2b\x4b\xf3\x86\x79\x5f\xdf\xdf\x0d\x91\xb0\xce\x58\x8d\xd4\xe6\x60\x14\xe3\xa4\x46\xab\x12\x92\xe8\xa8\x50\x22\x61\xbc\xce\x13\x1c\x2b\xb6\xde\x89\x8e\xc4\xc0\x1c\x3a\x29\xaf\xd7\x6b\x8b\x51\x25\xb6\xba\xd5\x5e\x7e\x65\x6b\x20\xe1\xe4\x3a\x4b\x50\x51\x0f\x32\xa2\x47\x84\xd3\x90\x93\x4a\x8c\x28\x57\xdd\xcb\xea\x69\x07\x9e\x46\xb1\x5b\x54\x13\x78\xf0\xa6\xb8\x3f\xc4\xdb\xeb\xfe\x20\x8e\x2b\xc8\x71\xdc\x02\x11\x89\xa0\x78\x28\x49\xe4\x96\x76\x57\xa3\xe5\xc0\x13\x1e\x2b\x1a\x39\x55\x97\xe6\x9a\xa8\xa9\x46\x44\x82\xed\x04\x9f\xf9\xd7\xb0\x8c\x6f\x01\x82\xba\x85\x6f\xe6\xa5\x2b\x24\x1d\x6d\xb8\x37\x55\x36\xde\x71\xc9\x48\x4c\x8f\x4b\xdb\xee\xfc\x7c\x26\x96\x62\x4e\xff\xb7\xed\x03\xb4\xed\x6f\x0f\x1b\xf5\x3e\x92\xf6\xce\x41\x97\x15\x62\x4f\x8b\xaa\x8a\xd1\xd4\xdf\x35\x94\xf8\xf4\xe6\x56\xd7\xfd\xd7\x73\x18\x40\x06\xbd\x75\xf6\x7e\xd7\xf7\x74\x56\x77\x45\x3a\x17\x49\x40\xec\x7d\x9c\x9e\xff\x24\xe2\x92\x6d\x84\x29\x8f\x39\x66\x34\x0f\xe5\xdc\xcc\xcd\x4f\x00\x00\x00\xff\xff\xe3\xf3\x6d\xd5\x84\x02\x00\x00")

func apiIndicesUpdate_aliasesJsonBytes() ([]byte, error) {
	return bindataRead(
		_apiIndicesUpdate_aliasesJson,
		"api/indices.update_aliases.json",
	)
}

func apiIndicesUpdate_aliasesJson() (*asset, error) {
	bytes, err := apiIndicesUpdate_aliasesJsonBytes()
	if err != nil {
		return nil, err
	}

	info := bindataFileInfo{name: "api/indices.update_aliases.json", size: 644, mode: os.FileMode(0644), modTime: time.Unix(1675080317, 0)}
	a := &asset{bytes: bytes, info: info, digest: [32]uint8{0xdb, 0xdc, 0xf3, 0x14, 0x8b, 0xa, 0xf8, 0xe9, 0xa6, 0x3f, 0x49, 0x2e, 0xd9, 0xc8, 0xf1, 0x9a, 0x4d, 0xd0, 0xb6, 0xdf, 0x19, 0x33, 0xa0, 0x2f, 0xb8, 0x1, 0xf4, 0xf6, 0x85, 0x51, 0x8d, 0x64}}
	return a, nil
}

var _apiIndicesUpgradeJson = []byte("\x1f\x8b\x08\x00\x00\x00\x00\x00\x00\xff\xa4\x94\xcd\x6e\xeb\x36\x10\x85\xf7\x7e\x8a\x01\x57\x0e\xe0\x58\x7b\x77\xd5\x65\x81\x02\x2d\x90\x00\x5d\x04\x81\x42\x93\x47\x16\x5b\x6a\x46\x25\xa9\xc8\x46\xe0\x77\xbf\xa0\x7e\x6c\xe5\xc7\xb9\x8b\xbb\x33\x38\x9e\xe1\xf9\xce\x19\xf1\x6d\x45\xa4\x1c\x5b\x67\x10\xb7\x5d\x7b\x08\xda\x42\xed\x28\x1f\x13\x29\x2b\xa6\x6b\xc0\x49\x27\x27\xac\x76\xa4\xea\x94\xda\x5d\x51\xf4\x7d\xbf\x85\xd7\x31\x39\xb3\x35\x52\x1c\x3a\x67\x51\x80\x8b\xe9\x2c\x42\x07\x53\x17\x01\x15\x02\xd8\xa0\x68\x74\x4c\x08\xc5\x74\xcf\xfd\x74\xcf\xb6\x4e\x8d\x57\x9b\xf1\xaa\x06\xa9\x16\x1b\xd5\x8e\x9e\xd4\xdf\x7f\x3d\x3c\xaa\xe7\xa9\xd0\x05\x7f\x11\x44\xa4\x5a\x9d\xea\xac\xa4\x28\x67\xb5\x9b\x65\x69\x1c\xb0\x28\x92\x2a\xde\x1c\x5b\x1c\xcf\xd7\xc3\xe7\x45\x4b\x48\x71\x31\x7e\x34\x03\xc7\x77\x47\x44\x2a\x9d\x5a\x28\xda\x91\xf2\x2e\xa6\xcb\x8d\xa3\x47\x88\x26\xb8\x76\x70\x28\xff\xe3\x77\x32\xd2\x34\xfa\x3e\xa2\xd5\x41\x27\x58\xca\x3d\x24\x15\x0d\x93\x89\x75\x83\xf8\x1b\x75\x11\xf4\x52\x6a\xef\x5f\x48\x02\xa1\x69\xd3\x89\x62\x0a\x8e\x0f\x94\x84\x5a\x84\x4a\x42\x43\xa9\x06\x49\x8b\x30\x04\x40\xc2\xa4\xbd\xa7\xc9\x46\x75\x51\x71\x9e\x7e\x9d\x97\x5c\xba\xf9\x00\xa6\xbd\x97\xbe\x64\x29\xe7\xfe\x5b\x8c\x7b\x11\x0f\xcd\xdf\x63\xfe\x53\x23\xd5\x08\x59\xac\x3b\xb0\x04\x90\xab\x48\x53\xef\xbc\x35\x3a\xd8\x59\x24\xe1\xd8\x06\xc4\x98\xe5\x07\x44\xf1\xaf\x88\xe4\x38\x09\xb1\x90\x11\x36\x01\x09\xf3\x9f\xb7\xb4\x7e\xac\x5d\xae\x1b\xdf\x59\xc4\xd9\xa0\xc9\x17\x09\xd4\xd7\xe0\xdc\x39\x4f\xaf\xf5\x2b\x68\x0f\x30\xc5\x16\xc6\x55\x0e\xf6\x6e\xe1\xcb\x95\x40\xe1\xd8\x6a\xb6\xe5\xac\xef\x23\xfd\x92\x1f\xdc\x35\xef\xe0\x89\x94\x0c\xe4\x31\xd7\x9f\x94\xb4\x60\xb5\x51\xc6\x4b\x84\x55\x1b\xc5\xc2\x50\x9b\x6c\xf0\x75\xb5\x2e\xb6\x55\xba\xf3\x69\x98\x3b\xb6\x7d\xac\xdf\xb4\x75\x54\x7c\x75\x74\xe1\x64\xfa\xec\x1d\xa5\x5a\x27\xd2\x61\xd8\x17\xde\xd0\x28\x2e\x7b\xb6\x97\x54\x6f\xbf\x36\x65\x4c\xae\xec\x58\xbf\x6a\xe7\xf5\xde\xe3\x1b\x5b\xbe\x5a\x8b\x6f\x08\x2e\x81\x7c\x96\x1a\x6b\xe9\xbc\xa5\x3d\xa6\xd5\xb1\x63\xae\x0b\x19\xb4\x6e\x5c\x8c\x53\xe8\x23\xca\x8d\x5c\x7b\xed\x52\x59\x49\x28\x8d\x34\xad\xc7\xf4\x50\xbd\x63\xf8\x09\xc2\x27\x82\x87\x41\xf9\x29\x8b\x1a\xb3\xa8\x41\x01\xff\x77\x88\xe9\x22\xdd\x8b\xf9\x8f\x3a\x4e\xce\x0f\xe5\xfc\x59\x46\x1c\xf2\x5b\x19\x87\x10\xa6\xa7\xc6\xd2\x7a\xda\x80\x1d\x55\xda\x47\xdc\xa0\x10\xf6\xa7\x52\xb3\x71\xe0\x54\xce\x83\x7e\xed\x03\xfd\xa3\xa2\x14\x3a\x6c\x28\xcf\xa6\x69\x36\xad\x35\x93\x78\x8b\x40\x7f\x76\x06\x0c\x6a\xf4\xbf\x12\x28\xc0\x43\x47\xdc\x5d\x21\x7a\xe7\x7d\x4e\x68\x06\xf9\xe2\xb5\x59\x2d\x28\xd4\x5e\xec\x49\xed\x88\x3b\xef\x57\xb9\x76\x5e\xfd\x08\x00\x00\xff\xff\xae\x4b\x6f\x7b\x5b\x06\x00\x00")

func apiIndicesUpgradeJsonBytes() ([]byte, error) {
	return bindataRead(
		_apiIndicesUpgradeJson,
		"api/indices.upgrade.json",
	)
}

func apiIndicesUpgradeJson() (*asset, error) {
	bytes, err := apiIndicesUpgradeJsonBytes()
	if err != nil {
		return nil, err
	}

	info := bindataFileInfo{name: "api/indices.upgrade.json", size: 1627, mode: os.FileMode(0644), modTime: time.Unix(1675080317, 0)}
	a := &asset{bytes: bytes, info: info, digest: [32]uint8{0xaf, 0xa7, 0x95, 0x9b, 0x64, 0x73, 0x1d, 0x90, 0xe9, 0x7d, 0x27, 0x3d, 0x6a, 0xf0, 0x54, 0x79, 0xc9, 0x8a, 0xf5, 0x55, 0x64, 0xe9, 0xf5, 0x79, 0x1d, 0xd6, 0x36, 0x9c, 0xec, 0x8c, 0x38, 0xe1}}
	return a, nil
}

var _apiIndicesValidate_queryJson = []byte("\x1f\x8b\x08\x00\x00\x00\x00\x00\x00\xff\xb4\x56\x4d\x6f\xdb\x38\x10\xbd\xe7\x57\x0c\x78\x72\x01\xd7\xba\x7b\x4f\x01\x52\xec\xa5\x68\xba\x49\x80\x3d\x14\x85\x3b\x26\x47\x21\x01\x6a\xa8\x92\x94\x65\x6f\x90\xff\xbe\x20\x29\x29\x76\xfc\x91\x2e\xd2\x3d\xda\x1c\x0d\xdf\x7b\xf3\x66\x38\x4f\x57\x00\xc2\xb0\x32\x92\xc2\x62\x83\xd6\x28\x8c\xb4\xfa\xd9\x91\xdf\x89\x25\xa4\x53\x00\xa1\x9c\xec\x1a\xe2\x88\xd1\x38\x16\x4b\x10\x3a\xc6\x76\x59\x55\x7d\xdf\x2f\xc8\x62\x88\x46\x2e\xa4\xab\x1e\x3b\xa3\xa8\x22\xae\x86\xff\x02\xa1\x97\xba\xf2\x54\x93\x27\x96\x54\x35\x18\x22\xf9\xaa\xfc\xff\x71\xbc\x6d\xa1\x63\x63\xc5\xbc\x5c\xd5\x50\xd4\x4e\x05\xb1\x84\x6f\xe2\xcf\x4f\x0f\x62\x0e\xe2\xeb\xed\xfd\x83\xf8\x3e\x9c\x77\xde\x4e\xb8\x00\x44\x8b\x51\x27\x40\xd5\x6a\xcc\x56\x15\xec\xf3\xfd\x88\x92\xee\x38\x06\x44\xf5\x64\x58\xd1\xf6\xf9\xe2\xd9\x53\xdc\xb5\x74\x1c\xf2\x7d\xef\x0e\x1f\xc3\x1e\xac\x22\x29\x6d\x0f\xfe\x02\x10\x29\x8f\x80\x25\x08\x6b\x42\x9c\x20\x16\x89\x29\x48\x6f\xda\x2c\x70\x8a\xb8\x06\xe9\x9a\x06\x3f\x06\x6a\xd1\x63\x24\x05\xe9\x1b\x70\x35\xe4\xcc\xc0\xd8\x50\x80\xe8\xc0\x53\x88\xde\xc8\x08\x51\x13\xb8\x96\x7c\x2e\xd2\x1f\xd0\x05\x82\x1f\x2b\xb4\xf6\x07\x38\x0f\xd4\xb4\x71\x07\x29\x92\x1f\xd3\x57\x2d\xf9\xda\xf9\xe6\xf0\x23\x70\x0c\x68\x2d\x0c\x76\x10\x13\xbe\xe7\x17\xa8\x85\xc3\xff\xc1\x6b\x34\x19\xa4\x6c\x17\xa9\x59\xc2\x0d\x0d\x94\xde\xe2\x92\x93\xed\x31\xb9\x7a\xc5\x28\xd5\x0e\x9b\x57\xc5\xa3\x6d\x6b\xd1\xf0\x59\x9a\x6b\xe7\x2c\x21\x5f\x66\x7a\x47\xb1\xf3\x0c\x8a\x22\x1a\x4b\x0a\x0c\x27\x94\x05\x1c\xae\x5d\x57\x68\x91\xf7\xce\x9f\x56\xda\x3c\xb2\xf3\xb4\xea\x18\x37\x68\x2c\xae\xed\x6b\xdd\xdf\x82\x74\x02\xd4\xdf\x9a\xa2\x26\x0f\xa1\x25\x69\x6a\x43\x0a\xa4\x63\xe9\x29\xd2\x58\x75\x08\xda\x75\x56\xc1\x9a\xa0\x00\x50\xd0\x6b\x62\xd8\x83\x01\xb3\xc6\x84\x90\x9c\xe4\x3c\x48\xeb\x02\xa9\x0f\xa7\x29\xa0\xb5\xae\x5f\xb1\x5b\x8d\x96\xfa\x6d\x04\xa2\x1b\xe0\x81\xa9\x01\xa1\x37\x56\x49\xf4\x6a\x62\x41\xdb\xd6\x53\x08\x49\x6c\x4f\xc1\xd9\x0d\x05\x30\x1c\x1d\xb0\x3b\xa2\xbc\x80\xd9\x83\x36\xe9\x5c\xda\x4e\x51\x18\xfb\x66\x68\x17\xe7\x8b\x02\xec\xa6\xec\x3a\x19\x70\x4d\xc4\x2f\x42\x9e\x51\x80\xb6\x2d\xb2\x5a\x8d\xf8\x2e\x29\x40\xdc\x35\xaf\xe9\xbb\xcc\x3c\xa4\xf3\x6f\xc2\xb5\xc4\x62\x2e\x8a\xe2\x62\x2e\xd8\x31\x89\x79\x12\xf9\x65\x16\x4d\xb2\xd5\xd8\xd9\x98\xf3\x96\xcf\x7e\x59\xd6\x82\xf8\x45\xd1\x3d\x25\xe3\xb1\x76\x10\x35\x46\x40\x9f\x5b\x8f\xe7\x83\x1d\x92\x66\x6b\x17\xf5\xe2\xb4\x28\x3f\xcf\x76\x56\x91\xfc\x72\x63\xfd\x95\xa6\x2f\x18\xce\xfd\xf3\xb9\x93\xc4\x04\x79\x22\x8f\x05\x0b\x3b\x8e\xb8\x3d\xe3\x48\x46\xbb\xfb\x87\xfc\xbb\x10\x3c\x68\x82\x31\x51\x12\x25\xcd\xda\xda\xf9\x0c\x68\x1f\xc9\x45\x08\x93\x27\xde\x37\x66\xee\xb3\x01\x77\xc9\xa2\xb9\x82\x53\xdd\x52\x11\x5b\x4f\xb5\xd9\x66\x4c\xe6\xa0\xb5\x07\x0c\x0a\x66\x83\x53\x96\x50\xa3\x0d\x74\xc6\xc5\x43\xd0\xaa\x8c\x57\x77\x5e\xbd\x23\x0f\x1f\x3a\xf8\xfa\xcb\x8d\x98\x8b\xdb\xbb\x43\xbf\x1e\xb8\xf5\xf6\xee\x6d\xed\x87\x78\x18\xe1\x64\xf1\x0f\x2c\x50\x7e\xcc\xae\xbf\xdc\x24\x2b\xde\xde\x9d\xe3\x55\xbf\xdb\x07\xb5\x21\xab\x46\x13\x60\x98\xb0\xf5\x9a\x3c\xa5\x99\x51\x02\x86\x4a\x98\x00\x8f\x66\x43\x3c\xda\xf7\x6d\xb7\x58\x62\x43\x1c\x7f\xaf\x49\xca\x4b\xf4\x71\x8d\xa9\x57\x0b\x86\x1a\x8d\xed\x3c\x05\x98\x85\x4e\xea\xc4\xa4\xf5\x6e\x63\x54\x5e\x18\x68\x1b\x13\x45\x04\xee\x1a\xf2\x46\x16\x52\x1f\x8e\xdf\x8a\xd3\x1c\x3c\xf5\xde\xc4\xd3\x6b\xc3\xaf\x50\x58\x82\xf8\x9a\xc1\x10\x20\x34\x69\xe8\x4f\xaf\x6a\x7e\xaa\xb9\xbc\xaa\x41\xbb\x3e\xc3\x4d\xed\x29\x63\x87\xf6\x70\x3c\xe4\x51\xd5\x1b\x6b\x13\x60\xda\x92\xec\x22\xa9\x33\x23\x0a\xad\x5d\x05\x7d\x62\x62\xff\x27\xd4\x9f\xca\x25\x30\x6c\x8e\x7b\x7b\x49\xc9\x0d\x86\x43\x24\x54\x69\xff\x71\x4c\xe0\x91\x95\x6b\xca\x61\xda\x6b\xca\xb2\x77\x62\x7d\xb9\xda\xc3\x2b\xd6\x4e\xed\xf6\x97\xe2\x53\x36\x2d\x0a\x28\xaa\x0d\x9b\x22\xd6\xb4\x01\xf4\x26\xea\xac\x59\x19\xac\x37\xf7\x9f\xcb\x85\xe9\x92\xe7\xab\xe7\xab\x7f\x03\x00\x00\xff\xff\xa6\x45\xf4\xcc\x23\x0c\x00\x00")

func apiIndicesValidate_queryJsonBytes() ([]byte, error) {
	return bindataRead(
		_apiIndicesValidate_queryJson,
		"api/indices.validate_query.json",
	)
}

func apiIndicesValidate_queryJson() (*asset, error) {
	bytes, err := apiIndicesValidate_queryJsonBytes()
	if err != nil {
		return nil, err
	}

	info := bindataFileInfo{name: "api/indices.validate_query.json", size: 3107, mode: os.FileMode(0644), modTime: time.Unix(1675080317, 0)}
	a := &asset{bytes: bytes, info: info, digest: [32]uint8{0xf1, 0x83, 0x83, 0x3d, 0xdd, 0xc, 0xba, 0x31, 0xbb, 0xc5, 0xf, 0x77, 0x8f, 0x6f, 0xe3, 0xae, 0xb9, 0xc1, 0x3b, 0xdf, 0xa6, 0x5f, 0x77, 0xe7, 0xf6, 0x17, 0xed, 0x25, 0x73, 0x1, 0xf6, 0xec}}
	return a, nil
}

var _apiInfoJson = []byte("\x1f\x8b\x08\x00\x00\x00\x00\x00\x00\xff\x54\x8d\xb1\x0e\x82\x30\x10\x86\xf7\x3e\xc5\xe5\x9f\x09\xdd\xbb\x99\x48\xf4\x01\xdc\x8c\x43\xa5\x55\x9a\x94\x1e\x81\x6b\x88\x31\xbc\xbb\x41\xc0\xe0\x76\xf9\xbe\xfb\xee\xde\x8a\x08\x21\x3d\x18\x86\xe6\x99\x08\x8e\xeb\xdc\xfa\x24\x56\x02\x27\x18\x42\x23\xd2\x19\xad\xc7\x71\x2c\x7d\xb4\x83\x84\xba\xac\x59\x3f\x73\x70\x5e\xa3\x58\xa2\xd6\x4b\xc3\x6e\x80\xa1\x2b\x4e\xd5\x05\x05\xe1\x5c\x1d\x8e\xb8\xad\x3e\xf7\xf1\xf7\x81\x08\x9d\x95\x66\x3e\xbd\xf5\x2b\x5a\x7a\xbd\x55\x5f\xda\xcb\xb0\x2b\xa7\xbd\xb1\xed\x9f\x52\xbb\x05\xdc\xd9\xbd\x60\x28\xe5\x18\xd5\xec\x26\xf5\x09\x00\x00\xff\xff\xa9\x16\x9f\xb8\xeb\x00\x00\x00")

func apiInfoJsonBytes() ([]byte, error) {
	return bindataRead(
		_apiInfoJson,
		"api/info.json",
	)
}

func apiInfoJson() (*asset, error) {
	bytes, err := apiInfoJsonBytes()
	if err != nil {
		return nil, err
	}

	info := bindataFileInfo{name: "api/info.json", size: 235, mode: os.FileMode(0644), modTime: time.Unix(1675080317, 0)}
	a := &asset{bytes: bytes, info: info, digest: [32]uint8{0xcc, 0xcc, 0x78, 0x9a, 0xd7, 0x21, 0x87, 0xf8, 0xff, 0xef, 0xc7, 0x3e, 0xc6, 0xe0, 0xec, 0xbc, 0xaa, 0x40, 0xc7, 0x2b, 0xd2, 0xeb, 0xb6, 0x4b, 0xec, 0x98, 0xcc, 0xd0, 0xc3, 0xda, 0x2c, 0x38}}
	return a, nil
}

var _apiIngestDelete_pipelineJson = []byte("\x1f\x8b\x08\x00\x00\x00\x00\x00\x00\xff\xb4\x91\x31\x4f\xc3\x30\x10\x85\xf7\xfc\x8a\xd3\xcd\xa8\xde\x33\x37\x03\x12\x03\x03\x1b\x42\x55\xb0\x8f\xe4\x24\xc7\x36\xf6\x59\xa5\xaa\xf2\xdf\x91\x1b\xb7\x4d\x41\x65\x63\x4b\xee\x3d\xbd\xf7\xe9\xf9\xd8\x00\x20\xbb\x81\x92\x6c\x0c\x59\x12\xda\x05\x0e\x64\xd9\x11\xb6\x50\x54\x00\x34\x5e\xe7\x89\x9c\xf4\xc2\xde\x61\x0b\x38\x8a\x84\xd4\x2a\xb5\xdf\xef\x37\x64\xfb\x24\xac\x37\xda\xab\x21\xb3\x21\x45\x4e\xd5\x5b\xa2\x3e\xea\x51\x05\x9b\x07\x76\x49\x4d\x7d\x12\x8a\xaa\xb6\x8d\x32\x59\x7c\x58\x0a\x26\x92\xd1\x9b\x84\x2d\xbc\x02\x6e\xbb\xa7\xee\xa5\x43\x78\xab\x62\x8e\xf6\x82\x02\x80\xa1\x97\xb1\x30\xa8\xdd\x12\xa4\xce\xbc\xea\xc8\x66\xae\x89\xd5\x57\x13\xef\x58\xcf\x0d\x27\x73\x94\xb4\x6a\x29\xa3\x98\x9b\x7f\x00\x94\x43\x20\x84\x16\x30\x49\x64\x37\x5c\xaa\x96\x8d\x28\xe9\xc8\xe1\xb4\x50\xf1\x3c\xd7\x2a\x78\xdc\xde\x1a\x23\x7d\x66\x8e\x64\x8a\x4b\x62\xa6\x8b\x36\xd7\xaf\x79\x4d\xd5\x4f\x3f\xb0\x96\x11\x77\xc2\x13\xf9\x2c\x77\x11\x8b\xfe\x37\x60\xf7\x15\x2c\x6b\x16\xf0\x81\xe2\xe9\x65\xa1\x86\xc2\x87\x8f\xa0\xbd\x73\xa4\x97\xb3\x87\xa5\x15\x9c\x37\x84\x57\xe0\x6b\x3e\xfe\x27\x0f\xfe\x9e\xa8\x59\xf5\xe3\xbb\x37\x07\x6c\xc1\x65\x6b\x9b\xa2\xcd\xcd\x77\x00\x00\x00\xff\xff\x94\xbe\xa2\xfc\xd6\x02\x00\x00")

func apiIngestDelete_pipelineJsonBytes() ([]byte, error) {
	return bindataRead(
		_apiIngestDelete_pipelineJson,
		"api/ingest.delete_pipeline.json",
	)
}

func apiIngestDelete_pipelineJson() (*asset, error) {
	bytes, err := apiIngestDelete_pipelineJsonBytes()
	if err != nil {
		return nil, err
	}

	info := bindataFileInfo{name: "api/ingest.delete_pipeline.json", size: 726, mode: os.FileMode(0644), modTime: time.Unix(1675080317, 0)}
	a := &asset{bytes: bytes, info: info, digest: [32]uint8{0xc5, 0x42, 0x81, 0xf2, 0x24, 0x77, 0xba, 0x2e, 0x6c, 0xd9, 0x51, 0xfd, 0x6a, 0x8a, 0xd7, 0xcf, 0xc4, 0x1, 0x45, 0xf1, 0xd1, 0xc8, 0x51, 0x76, 0xdc, 0xf9, 0xab, 0x5c, 0x25, 0xbc, 0x16, 0xa6}}
	return a, nil
}

var _apiIngestGet_pipelineJson = []byte("\x1f\x8b\x08\x00\x00\x00\x00\x00\x00\xff\x7c\x91\xcd\x8a\xeb\x30\x0c\x85\xf7\x79\x0a\xa1\x75\x89\xf7\xd9\x5e\xca\x7d\x81\x0b\x77\x31\x0c\xc5\x63\xab\x89\xc0\x7f\x58\x0a\x9d\x52\xf2\xee\x43\x1a\xb7\x74\x7e\x3a\x3b\x5b\x47\x3e\xe7\xe3\xf8\xd2\x01\x20\xa7\x91\x44\xfb\x91\xf4\x50\xb8\x50\xe0\x44\x38\xc0\x2a\x01\xa0\xcf\x6e\x8e\x94\xd4\x2a\xe7\x84\x03\xe0\xa4\x5a\x64\x30\xe6\x74\x3a\xf5\x14\xac\x28\xbb\xde\x65\x33\xce\xec\xc9\x50\x32\x6d\x26\x64\xab\x9b\x4c\x09\xf3\xc8\x49\x4c\xb4\xa2\x54\x4d\x8b\x9a\x34\x06\xdc\x6d\x01\x91\x74\xca\x5e\x70\x80\x17\xc0\xbf\xfb\x7f\x08\xaf\x4d\x99\x6b\xb8\x73\x00\x60\xb1\x3a\xad\x00\xe6\xb0\xb9\x98\x1b\xac\xb9\xb0\x5f\x9a\x5d\xdb\x6b\x76\xdf\x56\x71\xf7\xf4\xfd\x2d\xf6\xea\x50\x55\x1e\xa2\xd7\x8e\xfc\xa7\x3b\x00\xea\xb9\x10\xc2\x00\x28\x5a\x39\x8d\xf7\xfc\xad\x35\x12\x57\xb9\x5c\x3b\x5b\x77\xfe\xe4\x18\x2d\x08\x15\x5b\xad\x92\x87\xc0\xa2\x90\x8f\x70\x43\x00\xf6\xd2\xc3\x7f\x0e\xde\xd9\xea\x05\x64\x2e\x25\x57\x25\x8f\x77\xd7\xa5\x9d\x96\x47\x4c\x1b\xbf\x70\x6e\x3d\x1f\x94\x23\xe5\x59\x9f\x32\xaf\xfa\xef\xc4\xfb\xf7\x12\xd8\xb1\x42\x2e\x54\xaf\x9f\x0f\xcd\x14\x8e\xb9\x82\xcb\x29\x91\xdb\xc6\x19\xb6\x54\x48\xd9\xd3\x0f\xc0\xdd\x03\x36\xbe\x65\x7f\xc6\x01\xd2\x1c\x42\xb7\x6a\x4b\xf7\x11\x00\x00\xff\xff\x37\xe2\x92\xd0\x84\x02\x00\x00")

func apiIngestGet_pipelineJsonBytes() ([]byte, error) {
	return bindataRead(
		_apiIngestGet_pipelineJson,
		"api/ingest.get_pipeline.json",
	)
}

func apiIngestGet_pipelineJson() (*asset, error) {
	bytes, err := apiIngestGet_pipelineJsonBytes()
	if err != nil {
		return nil, err
	}

	info := bindataFileInfo{name: "api/ingest.get_pipeline.json", size: 644, mode: os.FileMode(0644), modTime: time.Unix(1675080317, 0)}
	a := &asset{bytes: bytes, info: info, digest: [32]uint8{0x19, 0x39, 0xed, 0x2f, 0xed, 0xe0, 0x1, 0x99, 0x2f, 0xbc, 0x51, 0x9d, 0xab, 0xe8, 0x6a, 0x5c, 0x40, 0xf4, 0xd8, 0xa5, 0xce, 0xa9, 0x69, 0xbc, 0x42, 0x57, 0x91, 0x9e, 0xa0, 0xa6, 0x99, 0x5c}}
	return a, nil
}

var _apiIngestProcessor_grokJson = []byte("\x1f\x8b\x08\x00\x00\x00\x00\x00\x00\xff\x74\x8e\x4d\x6a\xc4\x30\x0c\x46\xf7\x39\x85\xd0\x7a\x88\xf6\xde\x97\x5e\xa0\xbb\x32\x0c\xae\x23\x62\x53\xff\x61\xc9\x84\x52\xe6\xee\x25\x33\x21\xb8\x8b\xd9\xea\x3d\xf4\xbd\xdf\x09\x00\x43\x5e\x59\x74\xae\xad\x38\x16\x29\xed\xb6\xb6\xf2\x8d\x06\x76\x08\x80\x4b\x71\x3d\x71\x56\xab\xa1\x64\x34\x80\x5e\xb5\x8a\x21\xda\xb6\x6d\xe6\x68\x45\x83\x9b\x5d\xa1\xb5\x87\x85\x89\x33\x1d\x37\x61\xdb\x9c\xa7\x1a\xfb\x1a\xb2\x50\xb2\xa2\xdc\xe8\x18\xf3\x9a\x22\x5e\x9e\x03\x89\xd5\x97\x45\xd0\xc0\x27\xe0\xfb\xdb\x07\xc2\xf5\x20\xbd\xc5\xb3\x03\x00\xab\x55\xbf\x07\xd0\xed\xf9\x85\xce\x64\x7a\x24\x5f\x46\xf1\xf1\xef\xa5\x7a\x1d\xdc\xa6\x32\xac\xdc\x47\x62\xd3\x3f\x34\x0d\x02\x7e\x95\xe5\x07\x0d\xe4\x1e\xe3\xb4\xb3\xfb\xf4\x17\x00\x00\xff\xff\xa1\x32\x7e\x17\x4e\x01\x00\x00")

func apiIngestProcessor_grokJsonBytes() ([]byte, error) {
	return bindataRead(
		_apiIngestProcessor_grokJson,
		"api/ingest.processor_grok.json",
	)
}

func apiIngestProcessor_grokJson() (*asset, error) {
	bytes, err := apiIngestProcessor_grokJsonBytes()
	if err != nil {
		return nil, err
	}

	info := bindataFileInfo{name: "api/ingest.processor_grok.json", size: 334, mode: os.FileMode(0644), modTime: time.Unix(1675080317, 0)}
	a := &asset{bytes: bytes, info: info, digest: [32]uint8{0xf3, 0x83, 0x20, 0x84, 0xbf, 0x1b, 0xa2, 0xb7, 0xc6, 0x2a, 0xa3, 0x4e, 0x9, 0xd2, 0x85, 0xc, 0x3, 0x1e, 0x6b, 0xd1, 0xb0, 0xc2, 0x75, 0xd7, 0x4e, 0xa5, 0xfc, 0x55, 0xe7, 0x4b, 0xe2, 0xa9}}
	return a, nil
}

var _apiIngestPut_pipelineJson = []byte("\x1f\x8b\x08\x00\x00\x00\x00\x00\x00\xff\xb4\x92\x31\x6f\xfa\x30\x10\xc5\xf7\x7c\x8a\xd3\xcd\x7f\xe1\x3d\xf3\xbf\x43\x37\x06\x3a\x55\x15\x4a\xed\x23\x39\x29\xb1\x5d\xfb\x2c\x8a\x50\xbe\x7b\xe5\xc4\x84\x40\x4b\xb7\x2e\x88\xf8\x3d\xbd\xf7\xd3\xb3\xcf\x15\x00\xb2\x6d\x29\xca\xc6\x27\xd9\x7b\xf6\xd4\xb3\x25\xac\x21\x4b\x00\x68\x9c\x4e\x03\x59\x69\x84\x9d\xc5\x1a\xb0\x13\xf1\xb1\x56\xea\x78\x3c\x6e\xa8\x6f\xa2\xb0\xde\x68\xa7\xda\xc4\x86\x14\x59\x55\xce\x22\x35\x41\x77\xca\xf7\xa9\x65\x1b\xd5\xd0\x44\xa1\xa0\x4a\x55\x27\x43\x8f\xff\xe6\x82\x81\xa4\x73\x26\x62\x0d\xaf\x80\xdb\x97\x1d\xc2\x5b\x51\x52\xe8\x17\x0e\x00\xf4\x8d\x74\x19\x40\xed\xe7\x14\x75\x81\x55\x67\x36\x63\x89\x2b\xbe\x12\xf7\xc0\x7a\x69\x98\xcc\x41\xe2\xaa\x25\xcf\x61\x6e\xbe\x01\x50\x4e\x9e\x10\x6a\xc0\x28\x81\x6d\xbb\x54\xcd\x03\x51\xd4\x81\xfd\x34\x4f\xf6\x6c\x4b\x15\x3c\xff\xbf\x35\x06\xfa\x48\x1c\xc8\x64\x97\x84\x44\x8b\x36\x96\x7f\xe3\x9a\xaa\x19\xee\xb0\xe6\x05\xf7\xc2\x03\xb9\x24\x0f\x11\xb3\xfe\x3b\xe0\xd3\xa7\xef\x59\xb3\x80\xf3\x14\xa6\x6b\x85\x12\x0a\x07\x17\x40\x3b\x6b\x49\xcf\xc7\x0e\xe6\x56\xb0\xce\x10\x5e\x81\xaf\xf9\xf8\x97\x3c\xf8\x7d\xa2\x6a\xd5\x8f\xef\xce\x9c\xd6\x2f\xe4\x3e\x79\xd7\x11\xcc\x0f\x00\x0c\x1d\xd8\xf2\xa4\x2c\x2b\xff\x78\x21\x63\xfe\xa9\x72\xd3\x58\x7d\x05\x00\x00\xff\xff\xd7\x9f\xd4\x10\x1e\x03\x00\x00")

func apiIngestPut_pipelineJsonBytes() ([]byte, error) {
	return bindataRead(
		_apiIngestPut_pipelineJson,
		"api/ingest.put_pipeline.json",
	)
}

func apiIngestPut_pipelineJson() (*asset, error) {
	bytes, err := apiIngestPut_pipelineJsonBytes()
	if err != nil {
		return nil, err
	}

	info := bindataFileInfo{name: "api/ingest.put_pipeline.json", size: 798, mode: os.FileMode(0644), modTime: time.Unix(1675080317, 0)}
	a := &asset{bytes: bytes, info: info, digest: [32]uint8{0x7a, 0xff, 0x86, 0x42, 0x8d, 0x54, 0x8c, 0x31, 0xab, 0xf5, 0x97, 0x1d, 0x4a, 0xe2, 0x5b, 0x2f, 0xd8, 0xf1, 0xf9, 0x8a, 0xc9, 0x27, 0xbd, 0x11, 0xdb, 0x48, 0xcd, 0x47, 0x72, 0xe9, 0x3a, 0xea}}
	return a, nil
}

var _apiIngestSimulateJson = []byte("\x1f\x8b\x08\x00\x00\x00\x00\x00\x00\xff\x7c\x92\x41\x8b\xdb\x30\x10\x85\xef\xf9\x15\xc3\x9c\x83\x75\xf7\x79\x4b\xe9\xa9\x0b\x0d\xbd\x94\xb2\x28\xd2\xd8\x1e\x90\x25\x55\x33\x6a\x1a\x16\xff\xf7\xe2\xd8\x31\xde\xd0\xe6\x62\x6c\xcd\xe3\xbd\x6f\x9e\xf5\x7e\x00\x40\x8e\x3d\x89\x36\xc2\x63\x0d\x56\x09\x5b\x98\x8f\x01\xd0\x27\x57\x47\x8a\x6a\x95\x53\xc4\x16\x70\x50\xcd\xd2\x1a\x73\xb9\x5c\x1a\x0a\x56\x94\x5d\xe3\x92\xe9\x2b\x7b\x32\x14\xcd\x7a\x26\x64\x8b\x1b\x4c\x0e\xb5\xe7\x28\x66\xb4\xa2\x54\xcc\x1a\x33\xe8\x18\xf0\xb8\x04\x8c\xa4\x43\xf2\x82\x2d\xfc\x00\xfc\xfc\xe9\x84\x47\xc0\xd7\xaf\xdf\x4e\x08\x3f\x57\x45\x2d\x61\xe3\x01\xc0\x6c\x75\x98\x41\xcc\xdb\xe2\x66\x32\x67\x0a\x1c\xc9\xbc\x6d\xf8\xc7\xbd\x78\xf5\x7e\xaa\xff\xd7\xf8\x9d\xfd\xb4\xd3\xdc\x79\x6e\xae\x45\x65\xc7\x34\x17\xe8\x3f\x7c\x03\xa0\x5e\x33\x21\xb4\x80\xa2\x85\x63\xbf\x31\x2d\xb5\x92\xb8\xc2\xf9\x56\xea\xac\x79\x5d\x43\xe1\xcb\xcb\x47\x61\xa1\x5f\x95\x0b\xf9\x59\xd5\xd9\x20\xb4\x0d\xa7\xf5\x6d\xda\x63\xd9\xf1\x81\xeb\x37\x95\x73\x12\xfa\x2f\xdc\x39\xa5\x40\x36\x3e\xa7\xfb\xbe\x98\xc0\x98\x3c\x35\xf0\xc2\x92\x83\xbd\x82\xb7\x6a\x21\x55\xcd\x55\xa1\x4b\x05\xc8\xba\x01\x72\x49\x8e\x44\x52\x01\x8e\x40\x7f\xc8\x55\x25\x0f\xf7\x4e\x1f\x63\x3a\x5b\x83\x3e\x59\xed\xb0\x5b\x10\xcf\xc9\x5f\xf7\x17\xe1\x91\xf2\x34\x10\xdc\xff\x16\x78\xea\x38\xf2\x6d\xb6\xf5\xb3\xef\x52\x4b\x5d\xf2\xa6\xf9\x71\x98\xb3\xa6\xc3\xdf\x00\x00\x00\xff\xff\xc6\xed\xe6\x88\x0b\x03\x00\x00")

func apiIngestSimulateJsonBytes() ([]byte, error) {
	return bindataRead(
		_apiIngestSimulateJson,
		"api/ingest.simulate.json",
	)
}

func apiIngestSimulateJson() (*asset, error) {
	bytes, err := apiIngestSimulateJsonBytes()
	if err != nil {
		return nil, err
	}

	info := bindataFileInfo{name: "api/ingest.simulate.json", size: 779, mode: os.FileMode(0644), modTime: time.Unix(1675080317, 0)}
	a := &asset{bytes: bytes, info: info, digest: [32]uint8{0xcb, 0xd, 0x1e, 0xc8, 0xcb, 0x78, 0xf8, 0xe2, 0x7c, 0x1, 0x9e, 0xa8, 0x7c, 0x5c, 0x9e, 0xa7, 0x30, 0x2, 0x7d, 0xd8, 0xf7, 0x7b, 0xec, 0x25, 0x35, 0xb2, 0x86, 0x3f, 0xed, 0xc5, 0x8d, 0xaf}}
	return a, nil
}

var _apiMgetJson = []byte("\x1f\x8b\x08\x00\x00\x00\x00\x00\x00\xff\xb4\x95\x4d\x6b\x23\x39\x10\x86\xef\xfe\x15\x85\x4e\x09\x38\xee\x7b\xef\x29\xb0\xcb\x5e\x06\x66\x48\x3c\xa7\x21\x38\xb2\x54\xed\x16\xe8\xa3\xa7\x54\x8a\x13\x82\xff\xfb\x20\xf5\x47\x3a\xc6\xf6\x0c\x98\x39\x75\x23\xa9\xea\x7d\xaa\xf4\x4a\x7a\x5f\x00\x08\xb7\x43\x16\x35\xe4\x7f\x00\xa1\x83\x4a\x0e\x3d\x4b\x36\xc1\x8b\x1a\x44\xcb\xdc\xd5\x55\xb5\xdf\xef\x57\x68\x65\x64\xa3\x56\x2a\x54\xbb\x64\x34\x56\xe8\xab\x61\x2c\xa2\x24\xd5\x56\x84\x0d\x12\x7a\x85\x95\x93\x91\x91\x2a\x1d\x54\xbc\x73\xc9\xb2\xb9\xdb\x21\xaf\x5a\x76\x56\x2c\x7b\x25\x87\xdc\x06\x1d\x45\x0d\x3f\xc4\xff\xff\xad\xc5\x12\xc4\xb7\xaf\x8f\x6b\xf1\x34\xcc\x27\xb2\x13\x16\x80\xe8\x24\xb7\x99\xa7\xda\x14\xe0\xe5\x7c\xbc\x4f\x32\xce\x80\xa8\xde\x8d\xd7\xf8\x7a\x38\x31\xf2\xce\x6f\x1d\x8e\x13\x4f\xb3\x2c\xc4\x71\x26\x07\x20\x4a\xc0\xa7\x21\x00\x91\xa3\x05\xd4\x20\x22\x93\xf1\xbb\x09\xa3\xef\x1d\x46\x45\xa6\x2b\x9d\xcb\x6b\xd6\x2d\x82\x97\x0e\x21\x34\xc0\x2d\x42\x9f\x71\x8a\x38\x7c\x04\xf7\x79\xaf\xd5\xca\x01\xa3\xd6\xb8\x8f\x33\xb9\xc5\x91\x6c\x2e\x5a\xba\xa3\xaa\x23\x07\x42\xbd\x69\x0c\x5a\x1d\x4f\x12\xd5\x20\xac\x89\x7c\x19\xe7\x1e\x54\x70\x4e\xde\x45\xcc\x22\x8c\x1a\x72\x4c\x86\xeb\x05\xa0\x17\x00\x0e\x40\xc8\x89\x3c\x18\x5f\xb8\x09\x63\x17\x7c\xc4\xd3\x6d\xea\x26\x83\x5d\xd5\xac\xc7\x0e\x95\x69\xde\x8a\xa0\x0f\x1a\x21\x10\xc4\x56\x92\x2e\x23\xa1\x43\x2a\xf6\x87\xd8\x86\x64\x35\x6c\x11\x3a\xa4\x26\x90\x43\x0d\xc1\xc3\x8d\xc6\x46\x26\xcb\x35\x90\xf4\x3a\xb8\xdb\xd3\xb0\x84\xd2\xb2\x71\xe7\x51\xb7\x21\x58\x94\xfe\xcf\x58\xf7\x2d\x72\x8b\x94\x3b\x36\xc0\x1c\xc1\x1a\x0f\xa3\x62\xa9\xa7\x9c\x48\x70\x41\x9f\xe9\x25\x61\x43\x18\xdb\xeb\xe8\x1e\xfa\x24\x05\xa5\xef\xa0\x0a\x9e\xa5\xf1\xc6\xef\x3e\xf9\x10\xb6\xd8\x04\x9a\x1a\x39\x4e\x4f\xf8\x67\x18\x43\xe2\xbc\x9b\xd7\x6f\xb6\x51\x30\x24\x83\x17\x69\xd3\x99\x9e\x6c\x62\x48\x74\xc1\x5c\xbf\x37\xfe\x9a\x52\x69\x7f\x23\x6d\xc4\x99\xbd\x73\xb1\x43\xf6\xde\xfb\x79\x91\x0f\xbc\xcc\x5f\x39\x9d\x8e\xe3\x63\x71\x11\x73\x83\xaf\xca\x26\x7d\x0d\xee\xfd\x09\xe5\x21\x2b\x34\x14\xdc\x70\x26\x33\x0a\xea\xcf\x05\x5c\x46\x33\xfe\xef\xa0\x31\x49\xc5\x20\xbd\x1e\x1b\x3b\x51\x9e\x83\x5b\xcc\xbf\x03\xaa\xd8\x06\xfd\x36\x7f\x5d\x8e\xc5\xff\x1d\x6d\x6b\x34\x7a\x36\x8d\x41\x8a\xff\x80\x92\x3e\x5f\x06\x68\xca\x49\x7c\xce\x8f\xdb\x33\xdc\xcc\x1c\xdf\x24\x6b\x3f\x2c\x6f\x7c\xb6\x7a\xb1\xf7\x6d\xde\xe6\x67\xa3\xf3\xfa\x7d\x8b\xbe\x7f\x0b\x4a\x1d\xe5\xd6\x36\x11\x3a\x0a\x2f\x46\xa3\x1e\x6f\xc2\xef\x0f\x5f\x56\x1f\xcf\x1c\xe1\xcf\x64\x08\x75\xa6\x63\x4a\xb8\x18\x6b\x3a\x2c\x0e\x8b\x5f\x01\x00\x00\xff\xff\x82\x3c\x7f\xa5\xc8\x07\x00\x00")

func apiMgetJsonBytes() ([]byte, error) {
	return bindataRead(
		_apiMgetJson,
		"api/mget.json",
	)
}

func apiMgetJson() (*asset, error) {
	bytes, err := apiMgetJsonBytes()
	if err != nil {
		return nil, err
	}

	info := bindataFileInfo{name: "api/mget.json", size: 1992, mode: os.FileMode(0644), modTime: time.Unix(1675080317, 0)}
	a := &asset{bytes: bytes, info: info, digest: [32]uint8{0xb7, 0x98, 0x37, 0xfc, 0xc7, 0x9, 0x59, 0x77, 0xd8, 0x3b, 0x59, 0x89, 0x41, 0xf3, 0x5c, 0xee, 0x4f, 0x25, 0xaa, 0x8f, 0x1f, 0x4, 0x4b, 0x4c, 0xaa, 0xfc, 0x50, 0xa2, 0xfe, 0xbb, 0xec, 0xfa}}
	return a, nil
}

var _apiMsearchJson = []byte("\x1f\x8b\x08\x00\x00\x00\x00\x00\x00\xff\xa4\x56\xcd\x6e\xe3\x36\x10\xbe\xe7\x29\x06\xbc\xb4\x05\x12\x1b\x5d\xa0\x45\xe1\xdb\xa2\x28\x7a\x6c\x81\xe4\xb6\x08\x84\x91\x38\xb2\xa6\xcb\x1f\x2d\x39\x5c\x5b\x0d\xf2\x2e\x7d\x96\x3e\x59\x41\x52\xb6\x94\xac\x63\x6c\xb1\x47\x0d\xe7\xe7\xfb\xe6\x9b\x21\xf5\x74\x03\xa0\x6c\x24\x0c\xdd\xa0\x76\x90\x3f\x01\x94\xf6\x5d\xb2\xe4\x04\x85\xbd\x53\x3b\x50\x83\xc8\xb8\xdb\x6e\x0f\x87\xc3\x86\x0c\x46\xe1\x6e\xd3\xf9\xed\x3e\xb1\xa6\x2d\xb9\xed\x6c\xab\x69\xb6\x81\x7a\x0a\xe4\x3a\xda\x5a\x8c\x42\x61\x5b\xed\x77\x36\x19\xe1\xbb\xfa\xb1\x19\xc4\x1a\x75\x5b\xcb\x59\x92\xc1\xeb\xa8\x76\xf0\x41\xfd\xfe\xdb\x83\xba\x05\xf5\xe7\x1f\xf7\x0f\xea\x71\x3e\x4f\xc1\x9c\xb1\x01\xa8\x11\x25\x63\x55\xdb\xe6\x04\xfc\x76\x7d\x54\xf3\xac\x0e\x41\x6d\x9f\xd8\x69\x3a\x3e\x5f\x36\x3e\xc9\x34\xd2\xea\xec\x71\x95\x2e\x48\x5c\x95\x06\x50\x25\xe6\x85\x09\x54\x8e\x57\xb0\x03\x65\x38\xca\x19\x4c\x69\x24\xc5\x2e\xf0\x58\xda\x98\x1d\xde\x43\xe7\xad\xc5\xbb\x48\x23\x06\x14\xd2\x90\x43\xc0\xf7\x50\xf2\x82\x43\x4b\x11\xc4\x43\x8a\x04\x18\x41\x53\x8f\xc9\x88\x3a\xa7\x7c\x5e\xb2\xd7\xb2\x2f\x90\x5c\x81\xf2\x7f\xb0\x9c\xe4\x87\x9c\xed\x3a\x9c\x9b\x57\xb0\x72\xcb\xd0\xbe\xea\x59\xed\x6b\x73\x15\x2f\xb9\x64\x5f\xe2\xf5\x05\x6a\xcc\xa7\x1f\xd4\xa7\x44\x61\x6a\x64\x20\xd7\xf4\x24\x55\xc0\x6a\x43\xa7\x17\x93\xee\x63\x73\xc9\x75\xb1\x2f\xee\x8f\x57\xbb\x73\x5f\x30\x83\x1f\x29\x94\x2d\x28\xbd\xb8\xac\x83\xc5\x63\xd3\x79\xd7\xa5\x10\xc8\x49\x53\xd9\x52\x01\x7e\x99\xab\x4b\xb6\xa5\x70\x5d\x9d\x5f\xbd\x93\xe0\x4d\x04\x19\x08\x2c\x1e\xd9\x26\x0b\x35\x30\x4b\xb4\xd4\x83\x53\xbd\xea\x99\x77\x6c\x36\x01\x8e\x0c\x07\x36\x06\xe8\x48\x5d\x92\x37\xe0\x67\x58\xba\xf9\x48\x53\x7c\x53\x9c\xd6\x7b\x43\xe8\xae\x23\xbe\x1f\xa9\xe3\x7e\x82\xc3\x40\x32\x50\x00\xdc\xef\x03\xed\x6b\xf3\xd0\x69\x88\x69\xbf\xa7\x7c\x1f\xcc\x53\x1e\x07\x9f\x8c\x86\x96\x60\x0c\xd4\xf3\x91\x34\xb4\x53\x26\xc1\x01\x02\xc5\x91\x3a\xe1\xcf\x34\xcf\x20\xbb\x42\x2f\xdb\xbd\x8b\x6f\x30\x19\x03\x35\x3d\x1b\xa1\xd0\xc4\x01\x83\x6e\x22\xff\x4d\xdf\x26\xc3\x7b\x90\x21\x50\x1c\xbc\xd1\x20\x03\x0a\x90\xeb\x7d\xe8\x28\x02\x66\xd8\x77\xb5\x1c\x04\x9f\x9c\x96\xc0\x63\x5e\x96\x42\xa7\x98\x67\x1d\x0a\x98\x08\x2d\x46\xd2\xe0\x1d\x94\x49\x84\x40\x87\xc0\xc2\x6e\x0f\xdc\x67\x72\xff\xfe\xb3\xc8\x3b\x47\x64\xca\x73\x8e\x40\x9f\x12\x45\x01\x3a\x8e\xe8\x74\x59\x4a\x3a\x76\x44\xb3\xd7\x19\xe5\x06\x1e\x06\x8e\xf0\x05\xae\x0e\x1d\x18\xb6\x2c\xc5\xfd\x8b\x4a\x91\xf7\x8e\x7b\xee\xd0\x89\x99\x32\xa0\xde\x07\x60\x17\x05\x5d\x47\x80\xd5\xad\x24\x71\x5e\xc0\xa2\xe4\xf1\x72\xd3\xf9\xaa\x58\xb1\x63\xf9\x2e\xce\xe4\x08\xea\xd5\x0e\x4c\x9b\x9c\x54\xa3\xd0\x0c\x2d\x02\x86\x3c\xd8\x4e\xa3\xf8\x30\x65\x3e\x35\x6b\x9b\x2a\xc4\x5a\xb1\xcd\x04\x62\x99\x9f\x6c\xac\x9d\xcb\x91\x9a\xe3\x5f\x9e\x9d\x6c\x5e\xeb\x57\x6f\x28\xd8\xc1\x8f\xef\x7e\xf9\xaa\x75\x2d\x93\x32\xb7\xf7\x1b\x97\xf6\xe1\x45\x6b\xd7\x3b\x5a\xc8\x9c\x8a\x00\x61\x9e\x8a\xd4\x9e\xc4\x9d\xf7\x33\xae\x42\xcc\x34\x2b\xf9\x19\x4d\xa2\xd5\xb2\xa4\xdc\x66\xf1\x2b\x31\xd9\x8e\xd8\x95\x8b\x7b\x35\x2f\xbe\x2e\x4c\x67\x52\x59\x39\x76\xe0\x83\xa6\xf0\x32\xf2\x2b\xb0\xbe\xd9\xde\x42\x76\xfe\x86\x7d\xf0\x87\x08\x07\x96\xe1\x55\x5e\xe7\xf5\xb2\xbd\x27\x30\x59\x62\x8e\x80\x02\xd6\x47\x81\x77\x3f\xfd\xbc\xb9\xf0\xa4\xdc\xac\x84\x53\xad\xd7\xd3\xfa\x1f\x60\xdd\xf9\x19\xcb\x69\x43\x34\xf5\xec\xb8\xbc\x1d\xf0\xbd\x25\x41\x8d\x82\x77\xaf\xd6\x68\x71\x82\x11\x39\xc4\x1f\x6e\x61\x79\x07\xdb\x09\x1c\x1d\x0c\x3b\x5a\xe8\xab\x1c\xc9\x81\x74\xe6\x2e\x21\xd1\xf9\x20\x52\x60\x34\xf3\x4d\xa3\xda\x64\x3e\x56\x32\x99\xc0\xf3\xcd\xf3\xcd\x7f\x01\x00\x00\xff\xff\xcb\x34\x16\xcd\x63\x09\x00\x00")

func apiMsearchJsonBytes() ([]byte, error) {
	return bindataRead(
		_apiMsearchJson,
		"api/msearch.json",
	)
}

func apiMsearchJson() (*asset, error) {
	bytes, err := apiMsearchJsonBytes()
	if err != nil {
		return nil, err
	}

	info := bindataFileInfo{name: "api/msearch.json", size: 2403, mode: os.FileMode(0644), modTime: time.Unix(1675080317, 0)}
	a := &asset{bytes: bytes, info: info, digest: [32]uint8{0x41, 0x6b, 0x2e, 0xb4, 0xfe, 0x5d, 0xb9, 0x7b, 0xe7, 0xa, 0xa3, 0xe8, 0x9e, 0x48, 0xbb, 0xa5, 0xc8, 0xd0, 0xde, 0xc, 0x18, 0x2e, 0x8e, 0xb1, 0x9c, 0x94, 0x62, 0x30, 0xbd, 0xc7, 0x88, 0x13}}
	return a, nil
}

var _apiMsearch_templateJson = []byte("\x1f\x8b\x08\x00\x00\x00\x00\x00\x00\xff\xb4\x54\xcd\x6e\xdb\x3c\x10\xbc\xfb\x29\x16\x3c\x7d\x1f\xe0\x44\x77\xdf\x8a\xa2\xe8\xb1\x05\x92\x5b\x10\x08\x34\x39\xb2\x88\xf0\x47\x21\x97\xb5\xd5\xc0\xef\x5e\x50\x54\x2c\x27\xb0\xdd\x53\x8f\xda\x5d\xee\xce\xcc\x8e\xf6\x6d\x45\x24\x5c\x82\x8c\xaa\x6f\x19\x6e\xb0\x92\x21\x36\x54\xe2\x44\x42\x07\x95\x1d\x3c\x4b\x36\xc1\x8b\x0d\x89\x9e\x79\xd8\x34\xcd\x7e\xbf\xbf\x87\x95\x89\x8d\xba\x57\xa1\xd9\x65\xa3\xd1\xc0\x37\x73\xac\xf6\x6b\x22\x3a\x44\x78\x85\x46\xe5\x18\xe1\xb9\xa9\x89\x3b\x97\x2d\x9b\xbb\xfa\x71\xdf\xb3\xb3\x62\x5d\xe7\x39\x70\x1f\x74\x12\x1b\x7a\x12\xdf\xbf\x3d\x8a\x35\x89\x9f\x3f\x1e\x1e\xc5\xf3\x9c\xcf\xd1\x9e\xc0\x11\x89\x41\x72\x5f\x50\x35\xed\x4c\xa1\x39\x51\x58\x9f\xd7\xd4\x86\x97\xaa\x48\x34\x6f\xc6\x6b\x1c\x8e\x7f\xc9\xbe\xf1\x38\xe0\x52\xd1\xf3\xd9\xa4\xc8\xe9\x0c\x1e\x91\x98\x1e\x7f\x08\x11\x89\xd2\x49\xd0\x86\x84\x35\x89\x4f\x40\xab\xde\x48\x2a\x9a\x61\x52\xbb\x54\x7c\x21\x15\x9c\x93\x77\x09\x83\x8c\x92\xa1\xa9\xbc\xa1\xd0\xd1\xd4\x99\xbc\x74\x48\xc4\x81\x72\x02\xc9\x44\x1a\x9d\xcc\x96\xc5\xa9\xe7\x71\x69\x5f\xe7\xfe\x0b\x2c\xef\x2e\xa1\xd2\xed\x36\x9c\xd5\x27\x58\x45\x34\xe9\x3e\xa9\xf6\x6e\xc7\x5b\x78\xe1\xb3\xfb\x88\x37\x4c\x50\x53\xc9\x3e\x89\xd7\x8c\x38\xb6\xdc\xc3\xb7\x1d\x58\xf5\x65\x97\x35\x26\xbd\x5e\x42\xba\x4b\xed\xa5\xd2\x25\xbe\x94\x3f\xdf\x54\xe7\x61\xc2\x4c\x61\x40\x9c\x7e\x96\x49\x8b\xeb\x7b\xd0\xed\x0b\xc6\x74\x95\xdd\x36\x04\x0b\xe9\x6f\x2f\xe4\x61\x80\x32\xdd\x48\xfb\x1e\xdc\x23\x92\xdc\xed\x22\x76\x75\xba\xf4\x9a\x52\xde\xed\x90\x18\x71\xb6\x49\xea\x43\xb6\x9a\xb6\xa0\x21\xa2\x33\x07\x68\xda\x8e\xc4\x3d\x4c\xa4\x88\x34\x40\xb1\xf9\x85\x79\x89\xc6\x97\xcc\x14\x0f\x3e\x5d\x61\xe2\xe4\xa1\x55\xc1\xcf\x7f\x77\x5b\xf7\x86\x69\x05\x97\x79\xf9\xec\xb6\x88\xb7\x69\x7d\x0d\x9e\x63\xb0\x69\x9a\xef\xe4\xc1\xb8\xec\xa8\x3e\x2c\x66\x5b\xe6\xd1\xfb\xbc\x5a\x59\x6e\xca\x1c\x22\x39\x18\xda\x1b\x6b\x09\x07\xa8\xcc\xb8\xe0\xc0\xd5\x19\x19\xb1\x0d\x7a\x3c\x3f\x2c\xe7\x98\x36\x24\x1e\x27\x25\x5e\x33\x12\x17\x4f\x1b\x6f\x26\xab\xd1\x7f\x0e\x2c\xb5\x64\x39\xdf\xb2\x0b\x45\x34\x48\x13\xd3\xff\x6b\x5a\x7e\x9b\xed\x48\x1e\x7b\x6b\x3c\xd2\x72\xa6\xca\x4b\x13\xa1\x8b\x04\x1c\x33\x4e\x89\x84\x68\xa4\x35\xbf\x67\x63\x64\xfb\x52\xc9\x14\x02\xc7\xd5\x71\xf5\x27\x00\x00\xff\xff\x66\x17\xcf\xb2\xc2\x05\x00\x00")

func apiMsearch_templateJsonBytes() ([]byte, error) {
	return bindataRead(
		_apiMsearch_templateJson,
		"api/msearch_template.json",
	)
}

func apiMsearch_templateJson() (*asset, error) {
	bytes, err := apiMsearch_templateJsonBytes()
	if err != nil {
		return nil, err
	}

	info := bindataFileInfo{name: "api/msearch_template.json", size: 1474, mode: os.FileMode(0644), modTime: time.Unix(1675080317, 0)}
	a := &asset{bytes: bytes, info: info, digest: [32]uint8{0xb1, 0xbe, 0xa5, 0x19, 0x3c, 0xff, 0x9, 0xea, 0xec, 0xb1, 0xee, 0x78, 0x82, 0x39, 0xa4, 0xe2, 0x7c, 0xfa, 0xfa, 0x8, 0xa4, 0x7c, 0x7, 0xc8, 0x19, 0x46, 0x3b, 0xf3, 0x87, 0xc5, 0x83, 0xfe}}
	return a, nil
}

var _apiMtermvectorsJson = []byte("\x1f\x8b\x08\x00\x00\x00\x00\x00\x00\xff\xd4\x57\x4d\x6f\x1b\x37\x10\xbd\xeb\x57\x0c\xf6\xd4\x00\xb2\xf6\xee\x5b\x80\x06\x3d\x36\x80\x7d\x29\xe2\xc0\xa0\xc9\x59\x2f\x01\x2e\x67\x3b\x1c\x5a\x16\x0c\xff\xf7\x62\xa8\xf5\x7e\xc8\xb2\xe2\xc6\x69\xe3\xdc\x24\x7e\xbc\x79\xef\x71\xc8\x9d\x79\x58\x01\x54\x9d\x20\x77\x77\x68\x85\x38\x55\x70\x0e\x3a\x08\x50\x39\xb2\xb9\xc3\x28\x46\x3c\x45\x1d\xaf\x5a\x91\xfe\xbc\xae\xb7\xdb\xed\x06\x83\x49\xe2\xed\xc6\x52\x7d\x9b\xbd\xc3\x1a\x63\x3d\x8c\x25\x34\x6c\xdb\x9a\xb1\x41\xc6\x68\xb1\xee\x4c\x12\xe4\xda\x91\x4d\x67\x5d\x0e\xe2\xcf\x66\x01\x37\xad\x74\xa1\x5a\xef\x43\x76\x28\x2d\xb9\x42\xe2\x4b\xf5\xc7\xa7\xcb\x6a\x0d\xd5\xe7\x3f\x2f\x2e\xab\xaf\xc3\x82\xcc\x61\x62\x08\x50\xf5\x46\xda\x42\xad\xbe\x5e\xa8\x58\xcf\x17\x0c\x78\x87\x4b\xa0\xaa\x1f\x7c\x74\x78\xff\x78\x62\xe6\x41\x76\x3d\x1e\x2e\xf8\x3a\x83\x67\x49\x73\x46\x00\x55\xd9\xb9\x1c\x83\x4a\x61\x0a\xd1\x24\xec\xe3\xed\x48\xb0\x18\x8d\xc9\xb2\xef\x47\x9b\x2f\x5b\x84\x02\x02\x3e\xc2\xb6\xf5\xb6\x05\x69\x11\x9e\xce\x03\x18\x93\x77\x98\x36\xd5\x88\xf1\x38\xc1\x8d\x91\x66\xd1\x4f\x86\x3f\x1e\x5f\x37\x00\x35\x8b\xc0\xf3\x80\xab\x83\xc0\xea\x84\xe9\x9e\x59\xe1\xd2\xcb\x54\x82\x4f\x72\x9a\xc8\x47\xb0\xd4\x75\xe6\x2c\xa1\xa2\x0b\x3a\xd0\x3d\x4a\xeb\x89\x52\x02\xef\xd2\x06\xfe\xa2\x0c\x5d\x4e\x02\x0e\x1b\x1f\x51\x07\xc1\x24\x28\x9c\x50\x90\x81\x18\x12\x0a\x5c\x29\xa3\xab\x4a\xff\x5e\x69\x7e\xeb\x6f\x1f\x8b\x48\xc6\xbf\x33\x26\x81\x1b\x72\xbb\x25\x2b\x9d\xf1\x8c\x4e\x29\x35\x26\x24\x3c\x6e\x3b\x72\x77\x9d\xf4\xb2\x94\x3b\xf0\xb2\xec\x1b\xa2\x80\x26\x9e\x56\x7e\xd1\xa3\xf5\x8d\xc7\x04\xbe\x01\x21\x31\x01\x34\x00\x34\x85\x66\xb4\x3b\x30\xd1\x4d\x19\x31\x0d\xa7\x96\x72\x70\x70\xa3\x82\x24\x73\x44\xb7\x81\x8f\x7d\x1f\x14\x4a\x08\x4c\x08\xe3\xc4\xcc\xc4\x1c\x03\xa6\x04\x24\x2d\xf2\xd6\x27\x84\x34\xc4\x77\x6a\x8f\x5a\x02\x57\xc3\x09\x2f\xdd\xdb\x1c\xca\x68\x4c\x0e\x32\x3a\xf5\x1d\x3e\x36\x1e\x83\x3b\x61\xe4\x37\x9c\xfc\x86\x95\xa3\x63\x96\x72\x94\x35\xa4\xdc\xcd\xd3\x69\x34\x52\x97\xab\xc3\xc3\xfc\x91\x13\xd0\x15\x3f\xd5\xec\x85\xdb\xc2\x19\x97\x93\xff\xc2\xed\xff\xe8\x8e\xee\xb1\xd5\x88\xbd\x09\xff\x67\x22\xbe\x4e\x3d\x35\x4d\xc2\xc3\xf7\xfb\x8d\x77\x55\x73\x64\xc0\x7d\x3f\x97\xf1\x30\x3d\x5e\xe9\x4f\x4f\xc9\xab\xcc\x1f\xef\xd0\x88\xfc\xeb\x7b\x64\x76\x81\xcc\xa9\x3b\xf4\xbd\x16\x0d\xc0\xbf\xbe\x43\x63\x25\xf8\xb6\xb2\x64\x6f\xd1\xae\x7c\xad\x23\x39\x2c\x1f\xf5\xd6\xb0\x2b\x23\xd4\x23\x97\x4a\x75\xe6\x57\x8f\xdc\x10\x77\xe8\x80\x22\xfc\x36\x28\x39\x07\x36\xd1\x51\xf7\x01\x36\xef\xed\x3d\x62\xca\xa2\x36\xfc\x00\x9b\xbc\x85\x01\x0d\xee\x4c\xc8\xf8\xfe\x1e\xdf\xde\x30\x46\x79\x9b\xd6\xcf\x05\x03\xbc\x5b\xd4\x84\xef\x4f\x2b\xa3\x09\xe2\x3b\xac\x8e\x89\x7d\xcd\x13\x71\xf8\x42\x0c\xd5\x6a\x02\xc3\xfa\x2c\x98\x70\xa6\xf0\x5a\xf3\x52\xdf\x53\x42\xa7\xd2\x23\x1a\x3e\x9b\x26\xa7\x0b\xa0\x17\xf9\xc3\x4b\x42\x4e\xe9\xb8\x43\x4e\x83\xf7\xc7\x0f\x2d\xe6\xee\x06\xf9\xf4\xa1\x7d\xba\xef\x83\xb7\x5e\x60\x40\x83\xfd\x26\x68\x88\xc1\x52\xb4\x99\xb9\x94\xb2\x96\xa2\x30\x85\xe3\x5d\xce\xb0\xf7\x7a\x70\xf0\x38\x1b\x8c\xb9\x5b\x72\xa1\x7e\xfc\x9e\x7d\xa9\x7c\x14\xe4\x68\x82\x36\x7c\x78\xff\xfc\xf7\xf5\xad\xa0\xfe\x6f\x88\x2d\x4e\x4d\xdf\xe9\x5b\xf7\x24\xaa\x90\x78\xde\x2f\xad\x66\x42\xaa\xd2\x6b\x2c\x3b\xa6\x43\xdc\xdf\xc7\x86\x66\x3d\x65\xef\x7a\xea\x6c\x92\xe6\xa6\x19\x6b\xae\xd9\x78\x8f\x3c\xd5\xb5\x2d\x32\xce\xda\x24\x23\x10\xd0\x24\x81\x9e\xe9\xce\x3b\x9c\x21\x8c\x5b\x4a\x63\x75\x81\x53\xfb\x57\x5e\xd7\x79\xd6\x1c\x49\xfe\xd5\x93\xc8\xc7\xd5\xe3\xea\x9f\x00\x00\x00\xff\xff\x9c\x81\xe3\x53\x5d\x10\x00\x00")

func apiMtermvectorsJsonBytes() ([]byte, error) {
	return bindataRead(
		_apiMtermvectorsJson,
		"api/mtermvectors.json",
	)
}

func apiMtermvectorsJson() (*asset, error) {
	bytes, err := apiMtermvectorsJsonBytes()
	if err != nil {
		return nil, err
	}

	info := bindataFileInfo{name: "api/mtermvectors.json", size: 4189, mode: os.FileMode(0644), modTime: time.Unix(1675080317, 0)}
	a := &asset{bytes: bytes, info: info, digest: [32]uint8{0x31, 0x8e, 0x56, 0xb5, 0x99, 0x5b, 0x7a, 0x38, 0xbb, 0x4e, 0xfb, 0x8e, 0xc8, 0xa, 0x5b, 0xb8, 0xfc, 0xd4, 0x4c, 0x73, 0x19, 0xba, 0x1, 0x38, 0xef, 0x8d, 0xd8, 0xeb, 0xe7, 0x62, 0x41, 0x1e}}
	return a, nil
}

var _apiNodesHot_threadsJson = []byte("\x1f\x8b\x08\x00\x00\x00\x00\x00\x00\xff\xa4\x54\x4d\x6f\x1a\x31\x10\xbd\xf3\x2b\x46\xbe\xa4\x95\x80\x6d\xd5\x1b\x3d\x55\x4a\x54\xf5\xd2\x4b\x73\x8b\x22\x32\x78\x67\x59\x0b\xdb\xe3\xda\xe3\x50\x14\xf1\xdf\x2b\xef\xf2\xb1\x90\x40\xa4\xf6\xb4\xc8\x33\xbc\xf7\x66\xde\xb3\x5f\x46\x00\xca\x73\x4d\x69\xda\xb2\xcc\xa5\x8d\x84\x75\x52\x33\x28\x05\x00\x55\xb3\xce\x8e\xbc\xa0\x18\xf6\x6a\x06\xaa\x15\x09\xb3\xaa\x5a\xaf\xd7\x53\xb2\x98\xc4\xe8\xa9\xe6\x6a\x99\x4d\x4d\x15\xf9\x6a\x77\x96\x08\xa3\x6e\xab\x48\x0d\x45\xf2\x9a\x2a\x87\x49\x28\x56\xda\xe6\xf2\x9d\x74\x8c\x93\x96\x65\xb2\x63\x9c\xb6\xe2\xac\x1a\xf7\xa4\x8e\xa4\xe5\x4e\xc5\x83\xfa\x7e\x77\xaf\x1e\x77\xe7\x39\xda\x83\x32\x00\x15\x50\xda\x22\xa9\x9a\x77\x70\xd5\x70\x80\xf1\xb0\xa9\x47\xaa\xe6\x3b\xf6\xea\xd0\x7e\xe8\x86\xb7\xaa\xf3\x2b\xe5\x97\xf2\x99\x9b\x7a\xfb\x0e\xcc\x49\xdf\x29\xe0\xdb\x2a\x2e\xb0\xbf\xc7\x7a\x8d\xed\x71\xb0\x8c\x28\x69\xb0\xc2\x9d\xf7\x73\x53\x9f\x1c\x02\x28\xd9\x04\x52\x30\x03\x65\x4d\x92\xc3\x36\xfb\x48\x50\xd2\xd1\x84\x2e\x10\xa5\xe3\x1b\x68\x76\x0e\x27\x89\x02\x46\x14\xaa\xa1\xfc\x07\xb8\x81\x82\x0d\x3f\x6e\x13\x70\x04\x8f\x8e\x12\x08\x83\x35\xce\x08\x48\x4b\x10\x49\x72\xf4\x54\x83\xf1\x0d\x47\xd7\x45\xec\x2b\xe4\x44\xf0\x34\xb7\xac\xd1\x3e\x95\xfe\xbe\x6b\xd8\x03\x4d\x64\xd7\x21\x74\x04\x1b\xce\x37\x91\x40\xb3\xf7\xa4\xc5\xf8\x25\x08\x8f\xc1\x12\x3e\x13\x90\x0b\xb2\x29\x28\x4b\x92\xd7\x10\x68\x6d\x07\x91\xd4\x61\xbe\xed\xee\xd7\x76\xb8\x33\x74\x67\x4b\x33\x5e\x28\x3e\xa3\xbd\xb8\x35\x31\x8e\xae\x6f\xed\xbe\x25\xd8\xc3\x40\xc3\xb1\x9b\x27\x91\x66\x5f\x43\x42\x17\x6c\x19\x84\x1b\xd8\x9b\x78\x54\x78\x84\x55\xc9\x63\x48\x2d\x9f\x79\x3a\x14\xe2\xb3\x5b\x50\xbc\x2e\xe5\x67\xd7\x53\xc8\x3a\x62\x4a\x47\x5e\x48\x82\x7a\x25\x11\x35\xc1\x87\x9a\x1a\xcc\x56\x66\xf0\xf9\xd3\xc7\xb7\xf5\x9c\x3f\x1f\xff\xa2\xe6\x57\x20\x6d\x9a\x4d\xef\xef\x41\xd9\x0e\xb9\x58\x19\x22\x3f\x9b\x9a\x4e\xed\xe4\x38\xd0\xf7\xe5\x82\x3c\xb3\xf4\x1c\x4b\xda\x2d\xbd\x7a\xe9\xce\xa5\x2e\x98\x2d\xa1\xbf\xae\xf5\x96\xfd\x8d\x40\x6a\x79\x7d\x14\xd8\xa2\x00\xc6\x22\x0f\x56\x9e\xd7\x7e\x52\xe8\x20\x58\xd4\x94\xc6\x90\xb2\x6e\x01\x13\xac\xd1\x74\x51\x65\x0f\x08\x89\xf5\x8a\x04\x12\x59\xd2\x52\x2e\x4b\xc8\xb6\xf3\xbf\x4f\xa9\xdf\xc7\x18\xd3\x0a\x7e\x67\xca\x43\x2f\x24\x66\xba\xe4\x46\x99\xe5\xd2\x7c\xe4\xb3\x3b\x1d\x8e\xbb\xb9\x52\xa9\x3e\x28\x1d\x72\x79\x58\x8a\xcc\xf2\x5d\x58\xd6\xab\xe3\x43\x72\x31\xd1\x05\xbe\x78\xd4\x07\x69\x20\x53\x87\x7c\x49\xa5\x71\xc4\x59\xfe\xe3\x2a\xdd\xfd\x09\xd6\x68\x23\xc0\x81\x62\x9f\x87\x3d\xe8\xeb\x7b\x3d\x1a\xf0\xab\x05\xd7\x1b\x35\x03\x9f\xad\x1d\x95\xda\x76\xf4\x37\x00\x00\xff\xff\xe0\x23\x60\xb4\x10\x07\x00\x00")

func apiNodesHot_threadsJsonBytes() ([]byte, error) {
	return bindataRead(
		_apiNodesHot_threadsJson,
		"api/nodes.hot_threads.json",
	)
}

func apiNodesHot_threadsJson() (*asset, error) {
	bytes, err := apiNodesHot_threadsJsonBytes()
	if err != nil {
		return nil, err
	}

	info := bindataFileInfo{name: "api/nodes.hot_threads.json", size: 1808, mode: os.FileMode(0644), modTime: time.Unix(1675080317, 0)}
	a := &asset{bytes: bytes, info: info, digest: [32]uint8{0x5c, 0x66, 0x48, 0x4d, 0x86, 0x42, 0xcd, 0xb8, 0x8c, 0xb5, 0x63, 0x8d, 0x91, 0x17, 0xf5, 0xe7, 0xd3, 0x7a, 0xa3, 0xfc, 0xad, 0x5b, 0xf8, 0xc6, 0x3a, 0x3b, 0x63, 0xac, 0x45, 0x3a, 0x91, 0xeb}}
	return a, nil
}

var _apiNodesInfoJson = []byte("\x1f\x8b\x08\x00\x00\x00\x00\x00\x00\xff\x94\x92\xcd\x6e\xdb\x30\x0c\xc7\xef\x79\x0a\x42\x97\x6d\x40\x6b\xdf\xbd\xd3\x80\x15\xc3\x80\x9d\x86\xdd\x86\xc2\x55\x65\x3a\xd6\x40\x89\x86\x44\x35\x0b\x8a\xbc\xfb\x20\xc9\x71\x92\x36\x1d\xb6\x4b\x14\xf3\xf3\xcf\x1f\xf9\xbc\x01\x50\x9e\x07\x8c\x8d\xf5\x23\xab\x0e\xb2\x05\x40\x0d\x6c\x92\x43\x2f\x5a\x2c\x7b\xd5\x81\x9a\x44\xe6\xae\x6d\x77\xbb\x5d\x83\xa4\xa3\x58\xd3\x18\x6e\xb7\xc9\x0e\xd8\xa2\x6f\x17\x5b\x44\x1d\xcc\xd4\x06\x1c\x31\xa0\x37\xd8\x3a\x1d\x05\x43\x6b\x28\xe5\xf7\xb6\xb4\xba\xcd\xad\x9a\x49\x1c\xa9\x9b\xda\xcd\xa1\x4c\x3c\x44\xd5\xc1\x4f\xf5\xe5\xee\x87\xba\x5f\xec\x29\xd0\x2a\x09\x40\xcd\x5a\xa6\xac\xa5\xed\x4b\x9d\x25\x7b\x71\xd4\xec\xd5\xb5\x46\xb5\xcf\xf9\xe9\xed\x70\xb8\x30\x3a\x94\x60\xcd\xe1\x6a\xe0\xc9\x7b\x7f\xd6\x22\x48\x3c\x13\xb3\x70\xeb\xed\x70\x61\x04\x50\xb2\x9f\x31\xab\x24\x1b\x65\x95\x58\xa1\x62\x34\xc1\xce\x47\xa4\x9f\xc0\xb0\x73\xfa\x36\xe2\xac\x83\x16\x1c\x20\xa7\x00\x8f\x90\x2b\xc3\xd7\xcf\x11\x38\x80\xd7\x0e\x23\x08\x03\x59\x67\x05\x64\x42\x08\x28\x29\x78\x1c\x20\x83\x0c\xae\xec\xe8\x23\xa4\x88\xf0\xd0\x13\x1b\x4d\x0f\x39\xbe\x46\x9d\xc7\xc0\x18\xd8\x95\x0a\xa5\xc1\x9e\xd3\xbb\x80\x60\xd8\x7b\x34\x62\xfd\x16\x84\x6f\x80\x50\x3f\x21\xa0\x9b\x65\x9f\xab\x6c\x51\x5e\x97\xd0\x44\x50\x39\xaf\xe3\x1d\x4e\x93\xaa\x4a\xef\xdf\xb9\x70\x41\x52\x17\x18\x51\xb2\x94\xb2\x41\x2e\xbf\x73\x60\x83\xb1\xfc\xfd\xf5\xe4\xf2\x23\x53\x40\x3d\xf4\x33\x33\x95\xcf\xa0\x7d\x9c\x39\x48\xfe\xc8\x77\x5a\xb2\x28\x6d\xad\x2f\x59\xd6\x6f\x31\xca\x69\x97\xff\xb7\x8b\x3a\x4c\xcc\xb4\x60\x67\xe3\xb4\xd2\x6f\xe0\xdb\x25\xaa\x05\xb8\x26\x6a\xce\xb8\x6c\x5e\xf0\xc9\x97\xa4\xdd\x8b\x53\x1a\x49\x4b\xbf\x8e\xfe\x06\xb8\x47\x66\x42\xed\xff\x7a\x53\xdf\xab\x86\x63\x29\xb0\x1e\x72\x6d\xa8\x0b\x84\xf7\x03\x8e\x3a\x91\x74\x30\x6a\x8a\xf8\xe1\xfa\xfe\xc4\x3a\xe4\x24\x57\x75\x40\x57\xfd\x6f\xab\xc8\x11\x77\xbf\x67\xb2\xc6\x0a\xf0\x8c\xa1\x1e\xce\xb1\xe8\x6b\x32\x9b\xb3\xfe\xea\x91\x87\xbd\xea\xc0\x27\xa2\x4d\xf6\x1d\x36\x7f\x02\x00\x00\xff\xff\x31\xd0\x20\x0f\xa4\x04\x00\x00")

func apiNodesInfoJsonBytes() ([]byte, error) {
	return bindataRead(
		_apiNodesInfoJson,
		"api/nodes.info.json",
	)
}

func apiNodesInfoJson() (*asset, error) {
	bytes, err := apiNodesInfoJsonBytes()
	if err != nil {
		return nil, err
	}

	info := bindataFileInfo{name: "api/nodes.info.json", size: 1188, mode: os.FileMode(0644), modTime: time.Unix(1675080317, 0)}
	a := &asset{bytes: bytes, info: info, digest: [32]uint8{0x66, 0x47, 0xa7, 0xa9, 0x2d, 0x66, 0x51, 0x71, 0x6d, 0xc6, 0xda, 0x15, 0xc9, 0x6e, 0x6d, 0xdb, 0x25, 0x7c, 0xc4, 0xbc, 0xcb, 0x9a, 0xc, 0xbc, 0x5b, 0x9a, 0x3f, 0x92, 0xf9, 0x42, 0xc0, 0xf5}}
	return a, nil
}

var _apiNodesReload_secure_settingsJson = []byte("\x1f\x8b\x08\x00\x00\x00\x00\x00\x00\xff\x84\x92\xbd\x8e\xdb\x30\x10\x84\x7b\x3f\xc5\x82\xf5\x49\xec\xd5\x05\x48\x8a\x54\x09\x70\xe9\x82\x83\xc0\x23\xf7\x2c\x02\xcb\x1f\x70\x97\xe7\x08\x86\xdf\x3d\xa0\x29\x3b\xca\x8f\x91\x8a\x02\x39\x9c\xf9\x66\xc5\xf3\x01\x40\xc5\xe4\x90\xc7\x82\x94\x8c\x9b\x19\x6d\x2d\x38\x33\x8a\xf8\x78\x64\x35\x41\xd3\x00\x28\x97\x6c\x0d\x18\xc5\x88\x4f\x51\x4d\xa0\x16\x91\x3c\x69\x7d\x3a\x9d\x46\x24\xc3\xe2\xed\x68\x93\x3e\x56\xef\x50\x63\xd4\xdb\x1e\xa3\x29\x76\xd1\x05\xdf\xb0\x60\xb4\xa8\x83\x61\xc1\xa2\x2d\xd5\xb6\x0e\xd7\xf0\xa1\x87\x0f\x3d\x7c\xb8\x85\x8f\x8b\x04\x52\x4f\x3d\x3f\xa0\x2c\xc9\x35\xa0\xef\xea\xeb\x97\xe7\x6f\xea\x65\x3b\xa8\x85\xee\x94\x00\x2a\x1b\x59\x1a\x9e\x9e\xaf\xd6\xfa\x41\xaf\xa7\xbd\xbe\xbb\xfe\xef\xc6\x2f\xcf\x73\x5b\x66\xef\x2e\x8f\xb4\x2f\x3b\xfb\x22\xbc\xe3\xdb\xe6\x3d\x7b\xf7\xdb\x26\x80\x92\x35\x63\x03\x27\xcf\x72\xc7\xeb\xa3\x47\xb6\xc5\xe7\xdb\xe0\x3f\x80\x4d\x21\x98\x81\x31\x9b\x62\x04\x1d\xb4\x2b\x90\xde\xa0\x39\xc3\xe7\x8f\x0c\x92\x80\xb3\x89\x20\x0b\x42\x47\xd4\x05\x7d\xf4\x02\xd6\x10\x8d\xf0\xbc\xa4\x4a\x0e\x58\xcc\x0a\x18\xb2\xac\xf0\x8a\xd6\x54\xbe\xa9\x7d\x3c\x42\xe5\x6a\x88\x56\xf0\xf1\x3d\xd1\x3b\x32\x18\x22\xd8\x7e\x1b\xf4\x37\xa3\xee\x94\x97\xed\xeb\xb2\x2f\x6e\xc2\x1f\xcd\xc5\x07\x4c\x55\xfe\xd9\x1c\xa6\x7e\xfe\xb8\x7a\x53\x7c\xfa\x91\xc9\x5b\x2f\x90\x32\x96\xeb\x53\x84\x9b\xe9\xdf\x2c\x87\x1d\x91\x7a\x4d\x6e\x55\x13\xc4\x4a\x74\x68\x67\x97\xc3\xcf\x00\x00\x00\xff\xff\xd6\x2e\x06\x4a\xfd\x02\x00\x00")

func apiNodesReload_secure_settingsJsonBytes() ([]byte, error) {
	return bindataRead(
		_apiNodesReload_secure_settingsJson,
		"api/nodes.reload_secure_settings.json",
	)
}

func apiNodesReload_secure_settingsJson() (*asset, error) {
	bytes, err := apiNodesReload_secure_settingsJsonBytes()
	if err != nil {
		return nil, err
	}

	info := bindataFileInfo{name: "api/nodes.reload_secure_settings.json", size: 765, mode: os.FileMode(0644), modTime: time.Unix(1675080317, 0)}
	a := &asset{bytes: bytes, info: info, digest: [32]uint8{0x4, 0xa0, 0x9, 0x1b, 0x54, 0x9, 0x4a, 0x93, 0x82, 0x8d, 0x27, 0x32, 0x90, 0xd9, 0xa8, 0x68, 0x43, 0x29, 0xda, 0x43, 0x66, 0xfc, 0x3b, 0x6, 0xfa, 0x48, 0xf7, 0x15, 0xd3, 0x19, 0xe6, 0xc7}}
	return a, nil
}

var _apiNodesStatsJson = []byte("\x1f\x8b\x08\x00\x00\x00\x00\x00\x00\xff\xc4\x56\xcd\x6e\x1b\x37\x10\xbe\xeb\x29\x06\xbc\x24\x06\x64\xed\x5d\x3d\x15\x68\x50\x04\xc8\xa9\x28\xd0\x43\x60\xac\x68\x72\x76\x97\x0d\x7f\x36\x43\xd2\xb2\x6a\xf8\xdd\x8b\x21\x57\xf2\x4a\x96\x02\xd5\x46\xdb\x8b\xc8\x25\x87\x33\xdf\x7c\xf3\xa7\xa7\x05\x80\xf0\x41\x63\x5c\xc5\x24\x53\x14\x6b\xe0\x23\x00\xa1\x83\xca\x0e\x7d\x92\xc9\x04\x2f\xd6\x20\x86\x94\xc6\x75\xd3\x6c\xb7\xdb\x15\x5a\x19\x93\x51\x2b\x15\x9a\x3e\x1b\x8d\x0d\xfa\x66\x3a\x8b\x28\x49\x0d\x0d\x61\x87\x84\x5e\x61\xe3\x64\x4c\x48\x8d\xb2\x99\xd7\xdb\x62\xeb\xb6\xd8\x5a\x0d\xc9\x59\xb1\xac\xe6\x1c\xa6\x21\x68\xb6\xff\x55\xfc\xfa\xe9\x77\x71\x37\x9d\x67\xb2\x07\x4c\x00\x62\x94\x69\x60\x30\x4d\x5b\x14\x35\x15\xf4\x72\x7e\x5d\x74\x4c\x07\x70\x49\x72\x76\xf1\xc4\x4b\x6b\xf4\xf3\x65\x91\x72\xd1\x3c\x39\x4c\x64\xd4\xf3\x15\x4a\x7e\x28\x7b\x2c\xd1\x3c\x19\xaf\xf1\xb1\x7d\x83\xf2\xd3\xa7\xd3\xcb\xbb\x19\x1d\x34\x0b\xe9\x9e\x67\x32\x4a\xc0\xfc\x10\x40\xa4\xdd\x88\x7c\x28\xac\x89\x69\x86\x01\x40\x84\x91\x33\x20\xf2\xed\x57\xd1\x4a\x6b\xc5\x12\xc4\x3d\xa1\xfc\x86\xc4\xdb\x2e\xf2\x2f\x67\x07\xaf\xc6\x6b\xa3\xb0\x1c\xfd\xf9\xe0\x78\x09\xe5\x63\xa4\xa0\x30\x96\x6d\x1a\x08\xa5\x6e\xc7\x10\x8a\xaa\x44\xd2\xc7\x31\x50\xe2\x0f\x6d\xa2\x0a\x0f\x48\x3b\x71\x77\x04\x42\x63\x54\x64\x0a\x92\x02\xf3\x8b\x71\x26\x41\x1a\x10\x8c\xef\x02\xb9\x92\xa5\x40\x98\x32\x79\xd4\x90\x42\xb9\x8b\x23\x2a\xd3\x19\xd4\x50\xdd\x8e\xe2\xa0\xf3\x79\xc6\xf3\x9c\xc5\x77\x33\xa3\x82\x1b\x2d\x16\xa0\xcb\x52\x45\xc5\xe7\xce\xa0\xd5\x5a\x26\xc9\x1f\xdf\x33\xd2\xae\x55\x52\x0d\x58\xee\x6c\x8e\x03\x6f\x7a\x4c\x13\x85\xf8\x68\x7c\xcf\x7b\x87\xd4\x17\x21\xc2\xef\x19\x63\x7a\x79\x45\xd8\x11\xd6\x77\xb5\xe6\xea\xae\xe7\x9a\x2d\x26\x63\x0a\x54\x24\xb7\x92\x5c\x0d\x55\xcc\x7d\x8f\x31\xbd\x8f\xdb\x2e\x10\x6c\xa6\x30\x6f\x26\x62\x4f\x08\x57\x50\x7c\xd8\xb3\xbe\x82\xcf\xd1\x7f\x48\x90\x23\x6a\x30\xdd\xec\xf5\x47\xd6\x25\xad\xdd\xdc\xec\x15\x99\x22\x79\x08\xdc\xea\x7c\xc4\xa6\x82\x10\xd7\xc7\xea\xd4\xc9\x9f\x41\x05\xe7\xe4\x6d\xc4\x51\x92\x4c\xa8\x81\xdf\x40\xe8\x80\x75\xc3\xe7\x5f\x22\x04\x02\x2f\x1d\x46\x76\xce\x1e\x38\x39\xf0\x30\x23\xe7\x27\x76\x0d\x36\xad\x0d\x4a\xda\x0d\xcb\x57\xa9\x23\x02\x3b\x0a\xae\x68\x28\x06\x76\x21\x7f\x20\x04\x15\xbc\x47\x95\x8c\xef\x21\x85\x25\x58\x94\x0f\x08\xe8\xc6\xb4\x63\x2d\x3d\xa6\xd7\x2a\xa4\xb5\x45\xc5\x3c\x99\x17\x27\x14\x71\xe5\x4b\x77\x52\xfa\x2f\x99\xd9\x96\x74\x8c\xff\x0a\x7d\x55\x75\xcd\x92\x43\xd6\x6f\x40\x7a\x0d\x9b\x29\xff\x36\x47\xe9\x01\x1f\x63\x1e\xb9\xfe\x23\x6c\x8d\xd5\x4a\x92\x8e\x37\xe7\xc3\x7e\xd0\xf7\x3f\x38\xf0\x1e\xc8\xff\x3d\xd3\x2f\xb1\x7e\x33\xf2\x9e\x42\x1e\x2f\x23\xbf\x0f\xc1\xa2\xf4\x6f\x05\x5f\x7b\x16\x54\x23\xd5\x87\x7a\x74\x8c\xf7\x3c\x34\x8b\x0f\x68\x2f\x22\x43\x9f\xdd\x65\x58\x6b\x10\xbf\xed\x8b\xb3\x74\x21\x28\x43\x15\x64\xdf\x13\xf6\x05\xa3\x4c\x15\xc3\xb2\x96\x6a\x20\x88\x83\x24\x0d\xd5\xec\xe5\x11\x30\x9b\x7d\xfc\xb0\x74\x5c\x7e\x18\x5f\x35\xdc\x4e\x66\x9b\x0a\xd8\x22\x78\xd6\x49\xf6\x27\xfe\x93\x71\x74\x3d\xf9\xfb\xff\x76\x50\x6c\x14\xf6\xb9\x31\x6d\xf6\x93\xe7\x9a\x18\x24\xe3\x30\xe4\x74\x31\x0a\x7c\xff\x63\x7c\x9f\x1e\x47\x6b\x94\x49\x10\x46\xa4\xda\xe0\xf6\x4a\x2f\x8c\x69\x65\xb3\xc6\x76\x1a\x72\x6d\x67\x2c\xb6\xd1\xfc\x85\xe7\x93\xf4\x9a\x1c\x5d\x83\xf8\x63\xc0\x34\x20\xd5\xa6\xcd\x95\x51\xa8\x98\x65\x83\x36\xf1\x1b\xe4\x28\x7b\x64\xea\x50\xaa\x01\x82\x2f\x7b\x16\xfc\x92\x15\x7a\x9c\xf8\x62\x44\x11\x3e\x06\x6f\x77\x20\xc7\xd1\x1a\x8c\x3c\xef\x26\xc0\xfb\x44\x23\x1e\x22\x65\x9a\xa3\xbe\x39\xc5\x56\x33\x63\x0d\x9d\xb4\x11\x5f\x37\xf8\xc5\x8c\x14\x71\x1f\xf4\x4e\xac\xc1\x67\x6b\x17\x7c\xf7\xbc\xf8\x3b\x00\x00\xff\xff\xc5\xd6\x55\x30\xcf\x0b\x00\x00")

func apiNodesStatsJsonBytes() ([]byte, error) {
	return bindataRead(
		_apiNodesStatsJson,
		"api/nodes.stats.json",
	)
}

func apiNodesStatsJson() (*asset, error) {
	bytes, err := apiNodesStatsJsonBytes()
	if err != nil {
		return nil, err
	}

	info := bindataFileInfo{name: "api/nodes.stats.json", size: 3023, mode: os.FileMode(0644), modTime: time.Unix(1675080317, 0)}
	a := &asset{bytes: bytes, info: info, digest: [32]uint8{0xec, 0x9, 0x5, 0x8, 0xa5, 0xbf, 0xcb, 0xa9, 0x55, 0xfd, 0xf7, 0x2c, 0xf2, 0x70, 0x12, 0xeb, 0x8b, 0xe8, 0xb1, 0x37, 0x78, 0x7a, 0xa9, 0x51, 0x6, 0x9a, 0x52, 0x80, 0x8a, 0x11, 0x6f, 0x50}}
	return a, nil
}

var _apiNodesUsageJson = []byte("\x1f\x8b\x08\x00\x00\x00\x00\x00\x00\xff\x8c\x91\x41\x8b\x1b\x31\x0c\x85\xef\xf9\x15\x42\x97\x5e\x92\xf8\x9e\x9e\x0a\x5d\x4a\xa1\xc7\xde\x96\x90\x75\x6d\x4d\xc6\x60\x5b\x83\x2d\x37\x0d\x21\xff\xbd\xd8\x33\x4d\xbd\x59\xb2\xec\xc9\xa0\xf7\xfc\xf4\x49\xba\xac\x00\x30\xb2\xa5\xbc\x2d\x59\x1f\x09\x77\x50\x4b\x00\x68\xd9\x94\x40\x51\xb4\x38\x8e\xb8\x03\x1c\x45\xa6\x9d\x52\xa7\xd3\x69\x4b\x5e\x67\x71\x66\x6b\x58\x1d\x8b\xb3\xa4\x28\xaa\xa5\x96\x49\x27\x33\xaa\x44\x03\x25\x8a\x86\x54\xd0\x59\x28\x29\xe3\x4b\x7d\x37\xad\xd7\xa6\xf5\xda\x8e\x12\x3c\xae\xe7\x76\x81\x64\x64\x9b\x71\x07\xcf\xf8\xed\xe9\x27\xee\x97\x7a\x49\xfe\xc6\x04\x80\x93\x96\xb1\xc2\xa8\x43\x0b\x52\x33\xf4\xba\x97\x5b\xc6\x52\x80\x47\xce\x4e\xb8\xd4\xe7\xe0\xec\xf5\xb1\xa5\x09\xea\x12\x48\x92\x33\xd7\x0f\x84\xfc\xf7\x2e\xd6\x7d\x87\x98\x24\x77\x23\xcd\xb3\x27\x67\x10\xfa\x22\x00\xca\x79\xa2\x5a\x44\xef\xb2\x74\x4d\x01\x90\xa7\x7a\x95\x5c\xd5\x67\x3c\x68\xef\x71\x0d\x98\x28\xcb\x41\x9b\x59\xd9\xbf\xf2\x5b\xca\x26\xb9\xf6\xa9\x25\xfe\x70\xc1\x09\xc8\x48\xe0\xe2\xc0\x29\xb4\x23\x43\x22\x29\x29\x92\x05\xe1\xa6\xe5\x89\x8c\x1b\x1c\x59\x98\x09\x33\xde\x32\xaf\xdd\x0e\x96\xd1\xf1\xe3\xf8\xf7\x38\x5f\xc0\x70\x08\x7a\x93\x69\xd2\x49\x0b\x59\xa8\x7f\x80\x07\xa8\xd9\xf0\xfd\x6b\x06\x4e\x10\x75\xa0\x5c\xd9\xfc\x8d\xfe\x46\xdc\x8d\xf1\x19\x4a\x26\x78\x39\x78\x36\xda\xbf\x54\xff\xec\x7a\x35\xea\x90\x38\xb4\x84\xd6\xe0\xcc\xe5\x53\x22\x30\x1c\x23\x19\x71\xf1\x08\xc2\x6b\xf0\xa4\x7f\x13\x50\x98\xe4\x5c\x53\x8e\x24\x6f\x23\xb4\xf7\x2d\xa2\x5f\xcd\xea\x6e\x45\xf5\xe4\x3a\xdc\xdd\x5c\x5c\x20\x2e\xf2\x70\x69\x55\x7f\x7f\x69\x4f\x7f\x26\xef\x8c\x13\xe0\x89\xd2\x8c\xf4\x2f\xf4\x2d\xcb\xaa\x23\xc2\x5f\x6c\xcf\xb8\x83\x58\xbc\x5f\x55\xed\xfa\x37\x00\x00\xff\xff\xee\x6d\xe6\xe5\x06\x04\x00\x00")

func apiNodesUsageJsonBytes() ([]byte, error) {
	return bindataRead(
		_apiNodesUsageJson,
		"api/nodes.usage.json",
	)
}

func apiNodesUsageJson() (*asset, error) {
	bytes, err := apiNodesUsageJsonBytes()
	if err != nil {
		return nil, err
	}

	info := bindataFileInfo{name: "api/nodes.usage.json", size: 1030, mode: os.FileMode(0644), modTime: time.Unix(1675080317, 0)}
	a := &asset{bytes: bytes, info: info, digest: [32]uint8{0x93, 0xd2, 0xf0, 0x82, 0x25, 0xf3, 0x69, 0xd7, 0xdf, 0x1, 0xa6, 0xc2, 0x71, 0x36, 0xbd, 0x7f, 0x5, 0x60, 0x2f, 0x9f, 0x42, 0x2b, 0xa8, 0x7c, 0xf8, 0xdd, 0xa9, 0x62, 0x82, 0xcd, 0xe3, 0x5d}}
	return a, nil
}

var _apiPingJson = []byte("\x1f\x8b\x08\x00\x00\x00\x00\x00\x00\xff\x54\x8d\xc1\x0a\xc3\x20\x10\x44\xef\x7e\xc5\x32\xe7\x12\xef\xde\x0a\x2d\xf4\x1f\x4a\x0f\x36\x4a\x22\x18\x0d\x71\x45\x4a\xc9\xbf\x17\x9b\xa4\xd8\xdb\x32\x6f\xdf\xcc\x5b\x10\x61\x76\x61\x80\xa2\x7a\x13\xc1\xc4\x3e\x4f\x36\xb0\x66\x17\x03\x14\x61\x64\x9e\x95\x94\xa5\x94\xce\x7a\x9d\xd8\xf5\x5d\x1f\xe5\x90\x9d\xb1\x12\xa7\x4d\x9a\x2c\x8f\xd1\x24\x28\xba\xe3\x76\x3d\x5f\xf0\xd8\x41\x5e\xfc\xaf\xba\x4e\x69\x1e\x6b\xe7\x21\xee\xd1\x26\xca\xc3\xfa\xa6\x0b\xa7\xc6\x5c\x5b\xa2\xa7\x3f\x24\x9a\x07\x3c\xa3\x79\x41\x51\xc8\xde\x8b\xca\x56\xf1\x09\x00\x00\xff\xff\xd6\x4d\xe3\x9f\xe4\x00\x00\x00")

func apiPingJsonBytes() ([]byte, error) {
	return bindataRead(
		_apiPingJson,
		"api/ping.json",
	)
}

func apiPingJson() (*asset, error) {
	bytes, err := apiPingJsonBytes()
	if err != nil {
		return nil, err
	}

	info := bindataFileInfo{name: "api/ping.json", size: 228, mode: os.FileMode(0644), modTime: time.Unix(1675080317, 0)}
	a := &asset{bytes: bytes, info: info, digest: [32]uint8{0x92, 0x7e, 0x9a, 0x2d, 0x7, 0x9f, 0xb1, 0x82, 0xa3, 0x37, 0x20, 0xe7, 0x66, 0x86, 0x46, 0x4d, 0x5a, 0x65, 0xd9, 0x21, 0xc0, 0x24, 0x1f, 0x3, 0x63, 0x0, 0x1, 0xfb, 0x3c, 0x91, 0x5f, 0xef}}
	return a, nil
}

var _apiPut_scriptJson = []byte("\x1f\x8b\x08\x00\x00\x00\x00\x00\x00\xff\xa4\x93\x3f\x8f\xdb\x30\x0c\xc5\x77\x7f\x0a\x82\xf3\x35\xda\xbd\xb6\x1d\x3a\xf5\x80\xa4\x53\x71\x38\xa8\x12\x63\x0b\xb0\xfe\x54\xa2\x90\x0b\x02\x7f\xf7\x42\x96\x9d\x38\xa9\xdb\x25\xa3\xc5\x87\xf7\x7b\xa4\xc9\x4b\x03\x80\x21\xf3\x7b\x52\xd1\x04\xc6\x16\xca\x0b\x00\x6a\xaf\xb2\x25\xc7\x92\x8d\x77\xd8\x02\xf6\xcc\xa1\x15\xe2\x74\x3a\xed\x68\x90\x89\x8d\xda\x29\x2f\xba\x6c\x34\x09\x72\x62\x7e\x4b\x24\xa3\xea\x45\xa4\x23\x45\x72\x8a\x84\x95\x89\x29\x0a\xeb\x75\x1e\x28\x7d\xaa\x18\xe3\xba\x5d\xcf\x76\xc0\x97\x0a\xb3\xc4\xbd\xd7\x09\x5b\xf8\x89\xaf\x3f\x0e\xf8\x02\xf8\xfa\x7d\x7f\xc0\xb7\xb9\x9e\xe3\x70\x4d\x56\xf2\x4a\xee\x4b\x24\x31\xa7\x4e\xe2\x62\xf4\x38\x9b\xcd\xf5\xc9\xec\x6f\xc9\xe3\x8b\xb8\x28\xef\x98\x3e\x78\x44\x78\x5b\x19\x44\x4e\x2b\x22\x00\x1a\x7d\xf7\x0d\x80\x7c\x0e\x84\xd0\x02\x26\x8e\xc6\x75\x57\x7c\x1d\x1f\xcd\x9d\x7a\x37\x69\xf6\xd3\x17\x7c\xfb\x72\x2f\x8b\xf4\x3b\x9b\x48\xba\x68\x38\x66\xba\xd6\xc6\x9b\x0c\xe7\x84\x45\xf3\x74\x80\xc5\xeb\x06\x6a\x1e\x80\xa5\x79\x69\xd3\x3d\x0d\xd9\x58\xf2\x99\xff\x39\x83\x52\xff\x7f\x80\xaf\x1f\x61\x30\xca\x30\xf8\x40\x71\xda\x2a\x58\x4c\x37\xbb\xae\x8b\xf3\xfe\x3c\x78\x1f\x48\x99\xe3\x79\xa1\xc1\xd1\xc7\x32\x06\x47\xaa\x86\xf0\x50\x51\xdb\x31\x96\x81\x3d\x33\xfb\xcf\xd5\x03\x9c\xb4\x54\x78\xca\xdb\x60\x06\x82\xaa\x02\xd9\x49\xe3\xd2\xd6\x3f\x69\x56\x69\xf0\x97\xd7\xe7\xf5\x15\x3c\x52\x0e\x3d\xc1\x72\xb5\xb7\x5b\xd8\xdc\xb0\x62\x3c\x36\x63\xf3\x27\x00\x00\xff\xff\xeb\xfc\x97\x1d\xfe\x03\x00\x00")

func apiPut_scriptJsonBytes() ([]byte, error) {
	return bindataRead(
		_apiPut_scriptJson,
		"api/put_script.json",
	)
}

func apiPut_scriptJson() (*asset, error) {
	bytes, err := apiPut_scriptJsonBytes()
	if err != nil {
		return nil, err
	}

	info := bindataFileInfo{name: "api/put_script.json", size: 1022, mode: os.FileMode(0644), modTime: time.Unix(1675080317, 0)}
	a := &asset{bytes: bytes, info: info, digest: [32]uint8{0xec, 0xce, 0x12, 0xfc, 0x82, 0x3, 0xfd, 0x5d, 0xa5, 0x2b, 0x84, 0xeb, 0x56, 0xe8, 0xe6, 0x8, 0xad, 0x18, 0xc0, 0x33, 0x98, 0x42, 0x88, 0x36, 0x7d, 0xa1, 0x7, 0x61, 0xa4, 0xf9, 0xa7, 0x67}}
	return a, nil
}

var _apiRank_evalJson = []byte("\x1f\x8b\x08\x00\x00\x00\x00\x00\x00\xff\xac\x94\x41\x6f\xdb\x38\x10\x85\xef\xfe\x15\x0f\x3c\x65\x01\xc5\xba\x7b\x4f\x7b\x58\xec\x71\x0b\xd4\x40\x0f\x41\xe0\xd0\xe4\xd8\x24\x4a\x71\x54\x72\x64\x27\x08\xfc\xdf\x0b\x8a\xb2\xa5\x24\x6d\xd1\x43\x6f\xc2\x8c\x38\xf3\xde\x37\xe4\xbc\xae\x00\x95\x74\xfc\xba\xa3\x93\x0e\x6a\x83\x12\x00\x94\x65\x33\x74\x14\x45\x8b\xe7\xa8\x36\x50\x4e\xa4\xcf\x9b\xb6\x3d\x9f\xcf\x6b\x0a\x3a\x8b\x37\x6b\xc3\xed\x71\xf0\x96\x5a\x8a\xed\x14\xcb\xa4\x93\x71\x6d\xa2\x03\x25\x8a\x86\xda\x4e\x67\xa1\xd4\xd6\xf8\x7d\xe9\x74\x5f\x3a\xad\x9d\x74\x41\x35\xb5\x59\x47\xe2\xd8\x66\xb5\xc1\x83\xfa\xef\xdf\xad\x6a\xa0\x3e\xfd\xff\x79\xab\x1e\xa7\xfc\x90\x66\x65\x80\xea\xb5\xb8\x22\xa9\xdd\xcd\xc2\x9b\x65\xb2\x56\x7a\x93\x86\x6a\x5f\x7d\xb4\xf4\x7c\x59\x86\x1f\x17\xc7\x92\xe4\x45\x13\x40\x8d\xbf\xbf\x09\x41\xc9\x4b\x4f\xa5\x75\xf0\x59\x6e\x3d\x47\x5e\x94\x4d\xf2\xfd\x48\x0b\x1b\xa8\x7f\x60\xb8\xeb\xf4\x7d\xa6\x5e\x27\x2d\x64\x51\x8e\x80\x0f\x18\xcb\x22\xea\x8e\x32\x84\x51\xc1\xfc\x8d\x21\x13\x9e\x76\x3a\x84\x27\x70\x02\x75\xbd\xbc\x20\x4b\xf2\xf1\x58\xfe\xea\x29\x1d\x38\x75\x10\x47\xe0\x9e\xd2\x38\x16\x70\x84\x0e\xa1\x54\xf4\x86\xb2\xba\xc9\xb9\xd4\xaf\xcb\x24\xb0\x98\xd3\xdd\x7b\x77\xc7\xc8\x89\x76\x43\xd4\x27\xed\x83\xde\x07\x7a\x6b\xf5\xe6\xb6\xb8\xd9\x33\x07\xd2\x71\xe9\xf8\x47\xa6\xbf\x38\x12\x47\x09\xb9\x27\xe3\x0f\x9e\x2c\x0c\x47\x93\x48\xe8\xaa\x11\xd9\xf1\x10\x2c\xf6\x84\x2a\xc0\xe2\xec\x28\x62\x21\x03\x77\x9d\xcf\xb9\xf8\xe6\x04\x13\x38\x93\xfd\x6b\x61\x6d\x96\xa0\x74\x08\x7c\xde\x45\xde\x5d\x01\xfc\x31\x03\xc2\x93\x3c\xf8\x03\x34\xce\x3e\x58\xa3\x93\xbd\xb9\xa0\xe7\x3e\x51\xce\x65\x06\x89\x32\x87\x13\x65\xf8\x28\x8c\xc8\x1f\x2c\xaf\x71\xb7\x75\xbe\xe4\x4d\x18\x2c\xe5\xeb\x94\xa7\xe1\x72\xaa\x04\x22\xdf\xaa\x3b\x7d\x22\xec\x89\xe2\x0c\xf2\x27\x04\xe8\xb9\xd7\xd1\xee\xae\xfa\x7e\x45\x80\xe2\xd0\xbd\xb7\xcf\xa3\xf3\x5c\xf2\x0f\x8a\x7b\x8a\xaa\x51\x95\xb8\x6a\x54\xe4\x48\xaa\x29\x90\xe7\x67\x72\xc3\x76\xd0\x43\x90\xb1\x6e\x3d\xf6\xdb\x58\xab\xe2\x99\xe8\x82\xa4\x7c\x64\x07\x71\x5a\xa0\xd3\x78\xe9\x63\x33\x5d\x87\xc2\x6c\xcf\xe2\xd6\x1f\x6f\xfc\xaa\x12\x42\xdd\x1b\x7b\xb6\x2f\xcb\xc5\xb1\xd4\xb5\x81\xda\x3a\x42\xd9\x05\x65\x0c\x65\x1d\x0c\xf5\x55\xd5\x17\x09\x4b\x07\x1f\x7d\x89\x34\xd3\xec\xca\x7f\x53\x32\xd1\xb7\x81\xb2\xe4\x06\xd7\x45\x89\xf2\x26\xe3\x31\xa3\xd8\xbb\x56\xed\x48\x92\x37\x8b\x52\xeb\x79\x51\x95\x12\x3e\x91\x55\x1b\x48\x1a\x68\x75\xd5\x7f\x59\x5d\x56\xdf\x03\x00\x00\xff\xff\x56\xa0\xdb\xe5\x96\x05\x00\x00")

func apiRank_evalJsonBytes() ([]byte, error) {
	return bindataRead(
		_apiRank_evalJson,
		"api/rank_eval.json",
	)
}

func apiRank_evalJson() (*asset, error) {
	bytes, err := apiRank_evalJsonBytes()
	if err != nil {
		return nil, err
	}

	info := bindataFileInfo{name: "api/rank_eval.json", size: 1430, mode: os.FileMode(0644), modTime: time.Unix(1675080317, 0)}
	a := &asset{bytes: bytes, info: info, digest: [32]uint8{0xc9, 0xac, 0xe4, 0x9, 0x31, 0xd0, 0x1b, 0x68, 0xc0, 0xa, 0x79, 0xb0, 0x65, 0x2, 0x0, 0x1e, 0xc2, 0xd1, 0x44, 0xc5, 0x9a, 0xed, 0xf2, 0x47, 0xe8, 0x20, 0xd7, 0x86, 0xaa, 0x1, 0x52, 0x49}}
	return a, nil
}

var _apiReindexJson = []byte("\x1f\x8b\x08\x00\x00\x00\x00\x00\x00\xff\x94\x55\xcd\x8e\xe3\x36\x0c\xbe\xe7\x29\x08\x5d\xda\xa2\x33\x76\x73\xcd\xa5\x97\x3d\x16\x68\x8b\xd9\x5b\xb1\xc8\xca\x12\x1d\x0b\x23\x8b\x5e\x91\x4a\x1a\x2c\xf2\xee\x85\x24\x27\x71\x06\x49\xd3\x9e\x82\x88\x22\xbf\x1f\x92\xf2\xf7\x15\x80\x8a\xe8\x82\xc5\xbf\xd5\x06\xf2\x5f\x00\x65\xc9\xa4\x11\x83\x68\x71\x14\xd4\x06\xd4\x20\x32\xf1\xa6\x6d\x0f\x87\x43\x83\x5e\xb3\x38\xd3\x18\x6a\x77\xc9\x59\x6c\x31\xb4\xf3\x19\xa3\x8e\x66\x68\x23\xf6\x18\x31\x18\x6c\x47\xcd\x82\xb1\xb5\x64\xf8\x75\x46\x69\x06\x19\xbd\x7a\xa9\x40\x23\xca\x40\x96\xd5\x06\xfe\x52\x7f\xfc\xfe\xf6\x59\x7d\x99\x03\x29\xfa\x0b\x1d\x00\x35\x69\x19\x32\x8f\x76\x7b\xe6\xfa\xb2\x0c\xd5\x02\xd7\xe0\x97\x45\x34\x4a\x8e\x7e\x3f\x2d\x8f\xf4\xc8\x8b\xea\xc5\x81\x3e\x22\x0f\x37\x87\x00\x4a\x8e\x13\x2a\xd8\x80\xea\x88\x3c\xea\x70\x41\xad\x2e\x21\x9b\xe8\xa6\xe2\x51\xbe\xf4\x36\x50\xf2\x16\x64\x40\xc0\xbe\x47\x23\x68\xa1\xf0\x41\x86\x0e\x61\xc6\x40\xfb\xab\xba\x54\x39\x5d\x0b\x2a\x71\x23\x52\x92\x87\x1c\x72\xfc\x23\x81\x5e\x27\x9f\x33\xd4\x7a\xfc\x77\x6e\x9f\xdd\x88\x80\xda\x0c\x99\x91\xdb\x3b\x9b\xb4\x87\x2e\xf9\x77\x88\xf8\x2d\x21\x0b\x70\x65\x7f\xd0\x4e\xa0\xa7\x08\x3c\xe8\x68\x19\x64\xd0\x02\x3a\x22\xa4\xa0\xf7\xda\x79\xdd\x79\x6c\xee\x0b\xc8\xa9\xdb\x9e\xe2\x56\x1b\x71\x7b\xdc\xd6\x0a\x0f\xf5\xb0\x44\x17\x76\x4f\x2c\x45\xe1\x62\x68\x48\x63\x87\x11\xa8\xaf\xbc\xc0\xd0\xe4\x70\x66\x37\x26\x96\x6c\x70\x85\x85\x0e\x7b\x8a\x08\x53\x24\x83\x68\x5d\xd8\xc1\xc1\xc9\x50\xaa\xcc\xf3\x01\x34\x61\x2c\xb3\xdd\xc0\xa7\xea\x21\x83\x10\xac\x5f\x60\x44\x1d\x72\x4a\xbe\x3d\x45\x37\xea\x78\x9c\x11\x29\xf8\x63\x03\x6f\x28\xf9\xe6\x57\xed\xfd\xd7\x62\x93\xf6\xfe\x86\xd2\x0b\x90\x0c\x18\x0f\x8e\x11\xb8\x5e\xd6\xe1\x08\x81\xc2\x6b\xc0\x9d\x2e\x0c\xf7\xda\x27\x04\x8f\x5c\x04\x04\xa0\x08\xf8\x2d\x37\x44\xa8\x00\x0b\x89\xf6\x0b\xc9\xb3\xd8\x0c\x97\xc3\x15\xee\xc7\x6b\x3c\xe2\xe4\x9d\xd1\x0c\x3f\xc3\xfa\xa7\x27\xbd\x31\x34\x4e\x1e\xe7\xbd\xfe\x5f\xc3\x7e\x9e\x35\x89\x09\xff\xeb\x1e\x7c\x18\xae\xce\x93\x79\x87\x14\xc4\xf9\x9b\x7e\x38\x86\x99\xd7\xa3\xd9\x9a\x0b\xf1\x76\xc2\xb8\x65\x34\x14\xec\x5d\xfe\x1b\x50\xd5\x97\x47\xec\x7f\x79\x48\x3d\x6f\x49\x36\x7f\x88\x24\xe2\x73\x17\x4a\x03\x29\x80\x0c\x8e\x2f\x52\x5c\x00\x4e\xdd\xeb\x99\x10\x4c\x18\xa1\x12\x6a\xe0\x75\x5d\x06\x88\x21\xd0\xa5\xce\x03\x41\xec\x9d\xc1\xfb\xcb\xf1\x54\xc3\xfa\x99\x86\xc5\xb6\x14\x98\xaa\x40\x34\xbf\x5f\x3a\x81\x50\x9e\x81\xf2\x44\x09\x7d\xd8\x83\x9b\x35\x28\x69\x8e\xc3\x0f\x52\xab\xd5\x8c\x6c\x42\x8e\xf0\x52\xdf\x6a\xf9\x3b\xab\x55\x1d\xd9\xe3\xf2\x2d\xbf\xc3\xb7\x7e\x37\xc0\x62\xef\x82\xcb\x01\x48\x7c\x86\xff\x33\x61\x3c\xc2\xa7\xb7\xdf\x40\x07\x3b\xef\x25\x09\x65\xa7\x2e\x1b\x51\xa7\x68\x6e\x49\x73\xfd\x36\xe4\x13\x17\xd1\xce\x53\xbb\x3a\x93\x3b\xad\x4e\xab\x7f\x02\x00\x00\xff\xff\xea\x90\x86\x2f\xfa\x06\x00\x00")

func apiReindexJsonBytes() ([]byte, error) {
	return bindataRead(
		_apiReindexJson,
		"api/reindex.json",
	)
}

func apiReindexJson() (*asset, error) {
	bytes, err := apiReindexJsonBytes()
	if err != nil {
		return nil, err
	}

	info := bindataFileInfo{name: "api/reindex.json", size: 1786, mode: os.FileMode(0644), modTime: time.Unix(1675080317, 0)}
	a := &asset{bytes: bytes, info: info, digest: [32]uint8{0x55, 0x6, 0x3c, 0x7, 0x68, 0xe0, 0x2d, 0xdd, 0x70, 0x31, 0xd2, 0xcb, 0xc4, 0x6e, 0x65, 0xb7, 0x1b, 0x21, 0xe4, 0xfa, 0xfe, 0xda, 0x18, 0x70, 0xa9, 0xda, 0x14, 0xea, 0x52, 0xec, 0x9a, 0xf}}
	return a, nil
}

var _apiReindex_rethrottleJson = []byte("\x1f\x8b\x08\x00\x00\x00\x00\x00\x00\xff\x8c\x91\xc1\x6e\xdc\x30\x0c\x44\xef\xfe\x0a\x42\xe7\xac\x85\x5e\xfd\x13\x2d\xd0\xdc\x8a\xc0\x90\x25\x66\x25\x54\x96\x1c\x92\xc2\xd6\x08\xfc\xef\x85\xb2\x8a\xe1\x2d\xba\xdd\xde\x0c\x8e\x38\xf3\xc6\x7c\xef\x00\x14\x61\x48\x0e\x7f\x8d\x84\xe2\x29\x8b\x44\x54\x03\x54\x05\x40\xb9\x6c\xcb\x8c\x49\x8c\x84\x9c\xd4\x00\xca\x8b\x2c\x3c\x68\x7d\xb9\x5c\x7a\x8c\x86\x25\xd8\xde\x66\x7d\x2e\xc1\xa1\xc6\xa4\xdb\x8c\xd1\x90\xf5\x9a\xf0\x15\x09\x93\x45\x3d\x1b\x16\x24\xed\xb2\xe5\x53\x0b\xec\xbd\xcc\x51\x3d\x5d\x83\x66\x14\x9f\x1d\xab\x01\x7e\xa8\x6f\x5f\xbf\x3f\xab\x97\x26\x14\x8a\x3b\x0e\x80\x5a\x8c\xf8\xca\xa1\xc7\xe6\xa2\xdf\xc5\xf0\xcf\x31\xb8\x4d\x1f\x1b\x3c\x1d\x17\xae\xb6\x0f\x57\xaa\x6b\x59\x9c\x11\x1c\xa7\x75\x7c\x2b\x48\xeb\xbf\x9e\x3a\x8c\xf8\xf8\xe9\xcb\x81\x84\x84\x0f\x5d\x00\x54\xdb\xb8\x19\xd6\xf1\xba\xd4\x1b\x28\x16\x0a\xe9\xbc\x77\xf9\xd0\x08\xdf\x4a\x20\x74\x0a\x06\x10\x2a\x78\x23\x3a\x64\x4b\x61\xf9\x3c\xd6\xb3\x47\xa8\x11\x10\x1c\x48\x86\x03\xd5\xbe\xb4\xb5\xaf\xed\x88\x69\xe6\x3f\x38\x6b\x28\xb2\xf0\xb8\x20\x8d\x8c\x36\xa7\xbb\xcc\xa9\xcc\x13\xd2\x1d\xe6\xff\x44\x6e\x94\x95\x99\x51\x20\x27\x10\x1f\x18\x1a\x05\x84\x04\xaf\x31\x1b\x09\xe9\x0c\x5c\xa6\xd3\x27\x1d\x2c\x48\x70\xa5\xeb\xe1\xf4\x05\x66\x34\x89\x3f\x1c\x52\xde\x4d\xfb\xbf\x74\xef\x0e\x7f\x40\x4d\xd9\xad\x6a\x80\x54\x62\xec\xaa\xb6\x75\xbf\x03\x00\x00\xff\xff\xe9\x08\x7c\x57\x26\x03\x00\x00")

func apiReindex_rethrottleJsonBytes() ([]byte, error) {
	return bindataRead(
		_apiReindex_rethrottleJson,
		"api/reindex_rethrottle.json",
	)
}

func apiReindex_rethrottleJson() (*asset, error) {
	bytes, err := apiReindex_rethrottleJsonBytes()
	if err != nil {
		return nil, err
	}

	info := bindataFileInfo{name: "api/reindex_rethrottle.json", size: 806, mode: os.FileMode(0644), modTime: time.Unix(1675080317, 0)}
	a := &asset{bytes: bytes, info: info, digest: [32]uint8{0x19, 0x33, 0xa6, 0xc1, 0xc0, 0x6a, 0xea, 0x9d, 0xd4, 0x5e, 0xd7, 0x34, 0xb7, 0xce, 0xe7, 0x32, 0xb9, 0xca, 0xec, 0xe1, 0x9f, 0xa9, 0x64, 0x47, 0xe6, 0x6e, 0xd8, 0x81, 0x9, 0x8b, 0x1, 0x77}}
	return a, nil
}

var _apiRender_search_templateJson = []byte("\x1f\x8b\x08\x00\x00\x00\x00\x00\x00\xff\x6c\x90\x4f\x6b\xc3\x30\x0c\xc5\xef\xf9\x14\x0f\x9d\xbb\xfa\x9e\xfb\xd8\x71\x83\xf5\x36\x4a\xf1\x62\xb5\x36\x24\x76\x90\x55\x4a\x29\xf9\xee\x23\x7f\x66\x5c\xe8\xc9\x58\x4f\x7a\x3f\xe9\x3d\x1a\x80\x84\xa3\x63\x39\x65\xb6\xd2\xf9\x93\xf2\x30\xf6\x56\x99\x5a\xcc\x2a\x40\x2e\x75\xd7\x81\xa3\x5a\x0d\x29\x52\x0b\xf2\xaa\x63\x6b\xcc\xed\x76\xdb\x73\x6f\xb3\x86\x6e\x9d\xdd\x27\xb9\x98\xcb\x35\x38\x36\x1c\xcd\x93\x64\x84\xcf\x2c\x1c\x3b\x36\x83\xcd\xca\x62\xd6\xfa\xdb\x3f\x6e\xef\x75\xe8\x69\xb7\x12\x07\x56\x9f\x5c\xa6\x16\x3f\xf4\xf1\x7e\xa0\x1d\xe8\xeb\xf3\xfb\x40\xc7\x4d\xbf\x4a\x5f\xd6\x03\x68\xb4\xea\xe7\xbd\xcc\x69\x3d\xc5\x94\x1b\x76\x75\xcb\xe2\xf7\xb2\xeb\x45\xd1\x3c\x82\x9b\x08\xc7\xca\x41\x34\x57\x54\x80\x82\x7b\xfa\x83\xf4\x3e\x32\xa1\x05\x65\x95\x10\x2f\x05\xbf\xa4\xc8\xb9\x93\x30\x2e\x19\xce\x2d\x07\xcf\x08\x0e\xe9\x0c\xf5\x8c\xac\x49\xd8\x61\x0d\x05\x65\xb3\x32\x3f\x35\xf5\x3b\x6d\x39\xfc\x26\x77\xaf\x83\xa8\x19\x1b\x62\x73\x74\x7c\x0e\x31\xcc\x42\x31\x87\x8d\x0e\x41\x33\x46\x2b\x76\xc8\x2b\x6b\xf6\x9f\x9a\xa9\xf9\x0b\x00\x00\xff\xff\xca\xf0\xca\x62\x19\x02\x00\x00")

func apiRender_search_templateJsonBytes() ([]byte, error) {
	return bindataRead(
		_apiRender_search_templateJson,
		"api/render_search_template.json",
	)
}

func apiRender_search_templateJson() (*asset, error) {
	bytes, err := apiRender_search_templateJsonBytes()
	if err != nil {
		return nil, err
	}

	info := bindataFileInfo{name: "api/render_search_template.json", size: 537, mode: os.FileMode(0644), modTime: time.Unix(1675080317, 0)}
	a := &asset{bytes: bytes, info: info, digest: [32]uint8{0x3f, 0x4c, 0x80, 0xc6, 0x13, 0xa9, 0xa5, 0x44, 0xf5, 0xba, 0xa5, 0x5c, 0xd4, 0x58, 0x46, 0x2f, 0xf3, 0x2a, 0x9e, 0x45, 0xf3, 0x0, 0xac, 0x31, 0x1d, 0xa6, 0xbe, 0x22, 0xf4, 0xb9, 0xdb, 0x29}}
	return a, nil
}

var _apiScripts_painless_executeJson = []byte("\x1f\x8b\x08\x00\x00\x00\x00\x00\x00\xff\x7c\x90\xb1\x6a\xf4\x30\x10\x84\x7b\x3d\xc5\xb2\xb5\xcf\xea\xdd\xff\xfc\x65\x02\x71\x17\x0e\xa3\x48\x4b\x24\xb0\x2c\xa1\x5d\xe3\x84\xe0\x77\x0f\x87\x65\x47\x69\x52\x6a\x67\x98\x6f\x46\x5f\x0a\x00\xd9\x96\x90\x85\xa7\x6c\xc2\x32\x13\xf3\x44\x1f\x64\x57\x21\x1c\xe0\xa1\x03\xa0\x4b\x76\x8d\xb4\x88\x91\x90\x16\x1c\x00\xbd\x48\xe6\x41\xeb\x6d\xdb\x7a\x9a\x0d\x4b\xb0\xbd\x4d\xfa\x7d\x0d\x8e\x34\x2d\xba\xde\x98\x4c\xb1\x5e\x9f\xc1\x3a\x1a\x16\x2a\xd7\xfb\x56\x41\x37\x93\x43\xef\x25\xce\xd8\x1d\xbc\x48\xe2\x93\x63\x1c\xe0\x15\xff\xff\x1b\xb1\x03\x7c\x7e\x7a\x19\xf1\x5e\xf5\xb5\xcc\x57\x39\x00\xcc\x46\xfc\xa3\x95\x9e\xea\x94\x1f\xe2\xb5\xa5\x6b\xcd\x47\xf2\x5f\xf6\x7b\xe3\x2f\xc2\x0d\x6d\x6f\x15\x13\x7f\x49\xaa\x31\xe0\x5b\x72\x9f\x6d\x4b\x47\x07\xae\x7e\xe1\xe8\x09\x8e\x03\x48\x82\x93\xab\xce\x9c\x5d\xed\xea\x3b\x00\x00\xff\xff\x44\xb5\x3c\x16\x9e\x01\x00\x00")

func apiScripts_painless_executeJsonBytes() ([]byte, error) {
	return bindataRead(
		_apiScripts_painless_executeJson,
		"api/scripts_painless_execute.json",
	)
}

func apiScripts_painless_executeJson() (*asset, error) {
	bytes, err := apiScripts_painless_executeJsonBytes()
	if err != nil {
		return nil, err
	}

	info := bindataFileInfo{name: "api/scripts_painless_execute.json", size: 414, mode: os.FileMode(0644), modTime: time.Unix(1675080317, 0)}
	a := &asset{bytes: bytes, info: info, digest: [32]uint8{0xf9, 0x48, 0x16, 0x60, 0x3e, 0xc3, 0x28, 0xf6, 0x4c, 0xef, 0x4f, 0x73, 0x3a, 0xc5, 0x88, 0xc2, 0x69, 0xab, 0x22, 0x7e, 0xfa, 0xe5, 0xdb, 0x1c, 0xb9, 0x5c, 0xf9, 0x5e, 0x72, 0x46, 0x14, 0x8e}}
	return a, nil
}

var _apiScrollJson = []byte("\x1f\x8b\x08\x00\x00\x00\x00\x00\x00\xff\xb4\x92\x4f\xaf\x94\x30\x14\xc5\xf7\xf3\x29\x4e\xee\x9a\x47\xf7\xac\x35\xc6\xc4\x44\xe3\x1b\x57\xc6\x4c\x3a\xed\x65\xda\x04\x5a\x5e\x7b\x11\xc9\x84\xef\x6e\x98\xe2\x88\x19\xff\xac\x5c\x15\x2e\x87\xf3\x3b\xf7\xc0\xf5\x00\x50\x36\x29\x76\x1d\x35\x58\xef\x00\xb2\xd1\x8c\x3d\x07\xd1\xe2\x63\xa0\x06\xe4\x44\x86\x46\xa9\x69\x9a\x6a\xee\x74\x16\x6f\x6a\x13\xd5\x65\xf4\x96\x15\x07\xb5\xcd\x32\xeb\x64\x9c\x4a\xdc\x72\xe2\x60\x58\xf5\x3a\x0b\x27\x55\xe6\x4f\x89\x5f\x46\xce\xf2\x54\x68\xb5\x93\xbe\xa3\xaa\x00\x7b\x16\x17\x6d\xa6\x06\x9f\xe9\xcd\xeb\x23\x55\xa0\x0f\xef\x9f\x8f\xf4\x65\x7b\x3e\xa6\x9f\xe9\x00\x1a\xb4\xb8\x35\x96\x3a\x6d\xc8\x6d\x81\x6a\x2f\x28\x6e\x0f\x92\x87\xb7\xd4\xb5\x9c\x27\x6f\x97\x1f\xc0\x9b\x45\x92\xbc\x83\xde\x6b\x3a\x79\xfb\xcb\x18\x20\x99\x07\x26\x34\xa0\x2c\xc9\x87\xcb\x3d\x47\x29\x93\xb3\x49\x7e\xb8\x55\xb9\x6a\x8e\x8e\x51\x9c\xf0\xf6\x15\xdd\x95\xcb\x76\xb5\xec\x13\xe8\xfe\xb7\x11\xfe\xc8\x17\xdf\xf3\xdf\xe9\xcf\x03\x1b\xdf\xce\x70\x71\x42\x17\xc3\x05\x1a\x26\x86\xec\xb3\x70\x10\x7c\xf5\x3c\x21\xb6\x10\xc7\xf0\xc1\xf2\x37\x64\x17\xc7\xce\xe2\xcc\xe8\xb5\x0f\xa2\x7d\x60\x8b\x36\xa6\x6d\x05\xb6\x28\x65\xee\x16\xa9\xfe\x6b\x63\xff\x80\x1f\xf6\xe7\x16\x85\xce\xd1\xce\xfb\xff\x67\x0f\x78\xf0\xf7\x2d\x42\x14\x0c\x3a\x67\xb6\x38\xcf\xf8\xf4\xf1\x1d\x62\xc2\xcb\xc8\x69\xc6\xed\xa3\xb0\x70\xaa\x0b\x74\x05\x2d\x87\xe5\xf0\x3d\x00\x00\xff\xff\x7c\xc5\x63\x1f\x48\x03\x00\x00")

func apiScrollJsonBytes() ([]byte, error) {
	return bindataRead(
		_apiScrollJson,
		"api/scroll.json",
	)
}

func apiScrollJson() (*asset, error) {
	bytes, err := apiScrollJsonBytes()
	if err != nil {
		return nil, err
	}

	info := bindataFileInfo{name: "api/scroll.json", size: 840, mode: os.FileMode(0644), modTime: time.Unix(1675080317, 0)}
	a := &asset{bytes: bytes, info: info, digest: [32]uint8{0xd8, 0x94, 0xf9, 0x48, 0x72, 0xbb, 0x6e, 0x68, 0x42, 0xa0, 0x75, 0xde, 0x65, 0xb9, 0x90, 0xec, 0x16, 0xf1, 0xb3, 0x6d, 0x15, 0x12, 0xf2, 0x22, 0x6c, 0xc6, 0xda, 0xd7, 0xaa, 0x50, 0x70, 0x5}}
	return a, nil
}

var _apiSearchJson = []byte("\x1f\x8b\x08\x00\x00\x00\x00\x00\x00\xff\xb4\x59\xdd\x8e\xdc\x36\xd2\xbd\xf7\x53\x14\x74\xe3\x09\x30\x9e\xf9\x1c\x20\xc0\x87\xd9\x20\x80\x01\x07\xbb\x0b\x04\xf6\xae\x3d\xc0\x5e\x04\x81\xc2\x26\x4b\x2d\x6e\x28\x52\x2e\x92\xfd\x13\xc3\xef\xb2\xcf\xb2\x4f\xb6\x28\x92\x52\xab\x7b\x5a\xdd\x6d\xf4\xf8\x6a\x6c\x49\x24\x4f\x9d\xaa\x3a\x55\xc5\xfe\xfc\x02\xa0\xf2\x28\x48\xb6\xd5\x03\xf0\xff\x00\x2a\xe5\x64\xec\xd0\x06\x11\xb4\xb3\xd5\x03\x54\x6d\x08\xfd\xc3\xfd\xfd\x7a\xbd\xbe\x43\x23\x7c\xd0\xf2\x4e\xba\xfb\x65\xd4\x0a\xef\xd1\xde\x97\x67\x79\x9b\x7b\xc2\x06\x09\xad\xc4\xfb\x4e\xf8\x80\x74\x9f\x9f\xbf\xca\x7f\xee\xda\xd0\x99\xea\x36\x1f\xd4\x61\x68\x9d\xf2\xd5\x03\xfc\x5a\xfd\xf5\xe7\xc7\xea\x16\xaa\x7f\xbc\xff\xf8\x58\xfd\x56\xde\x47\x32\x23\x2a\x80\xaa\x17\x81\x51\x56\xf7\x75\x41\x7c\x3b\x7d\x93\xb7\xd9\xbd\x83\xea\xfe\xb3\xb6\x0a\x37\x5f\x8e\x3e\xfb\x1c\xb6\x3d\xee\x5e\xfd\x36\xd9\x8b\x82\x9f\x1c\x0b\x50\xa5\x25\x7b\x8f\xa0\xe2\xe5\x15\x3c\x40\x65\xb4\x0f\x23\x92\x44\x1f\x7a\x49\xba\x4f\xe4\xf1\x07\x6f\x40\xba\xae\x13\xaf\x3c\xf6\x82\x44\x40\x05\xbc\x04\x5c\x03\x69\x5f\xb0\xa2\x43\x0f\xc1\x41\x86\xf2\x17\x88\x1e\xe1\xf7\x5a\x18\xf3\x3b\x38\x02\xec\xfa\xb0\x05\x1f\x48\xdb\x25\x7f\xd5\x23\x35\x8e\x3a\x08\x2d\x82\xeb\x91\x92\x97\xc0\x59\x10\xc6\xf0\x8e\x5a\xa2\xaf\x46\x38\x5f\x76\xc8\x32\xe4\x3d\x2b\x4e\x98\xf1\x35\x76\x0c\x01\x03\xbc\xdb\x9e\x29\x06\xc5\x0a\x8b\x09\xe7\xb0\xa7\xc5\x13\xe4\x2f\x0e\x2c\x60\xcf\x88\xee\x89\x6b\xa4\x89\x0a\x6b\x5e\x5c\x33\x93\xb3\x06\x66\x06\x4f\x9b\xf8\xaf\x16\x43\x8b\xc4\x50\x85\x52\x09\x26\xaf\x4f\x2e\xe2\x87\xfc\x80\xd0\xf7\xce\x7a\x3c\xce\xb1\xb0\xc2\x6c\xff\x44\xba\x0a\xc6\x63\x8b\x30\x6c\xc4\xc7\x72\x40\x34\x8e\xd2\xf1\x9f\x22\xd2\x10\x0e\x27\x21\xd4\x6b\x6d\x94\x14\xa4\x66\xa1\x2c\x9c\x33\x28\xec\x69\x2c\x1f\x7b\x94\xba\xd9\xc2\xba\x50\x33\xec\x0a\xc2\x2a\xe8\x09\x1b\xbd\x49\x98\x34\x7a\xf0\xad\x8b\x46\xc1\x62\x44\xaf\xe0\x46\x61\x23\xa2\x09\x0f\xd0\x08\xe3\xf1\xbb\xe3\x90\xcb\x47\x75\x8e\x09\x37\xcf\x1e\xda\xd8\xed\xe3\x75\x09\xaa\xe7\xb7\xbf\x56\x6f\xde\xbd\xad\x6e\xab\xf7\x1f\x76\xe9\x3c\xdd\x3e\xed\xf0\xfe\xc3\x79\xee\xcb\xf7\x30\xc0\x49\xe4\x4f\x89\x2f\xff\xb9\x79\xf3\xee\x2d\xa7\xe8\xfb\x0f\x73\x76\x35\x57\xc7\x41\xa3\xd1\xa8\x21\x08\x84\x1f\xb1\xad\x5b\x24\x04\xeb\xca\x07\xc5\x13\xda\xc3\x52\xaf\xd0\x82\xb6\x17\x46\x0b\x6e\x7a\x23\xb4\x7d\xde\x20\x09\x0e\x08\x43\x24\x0b\x0a\x83\xd0\x06\x15\x68\xcb\x99\x9f\x13\x5e\x2c\x5c\x0c\xe0\xa5\x23\x64\x4d\xe9\x63\x28\xcf\x3d\xb0\xfa\xb2\xa4\x08\x68\x75\x38\x8e\xd8\x07\x47\xa8\xea\x64\xb7\xff\x26\x7a\x96\x4f\xc8\xcc\xfa\x89\x31\x97\xe1\x53\x4e\xae\x84\x89\xf8\x2d\x11\x1e\x83\xc6\xfe\x1e\xce\x06\xc2\x9e\xd0\x0f\x45\x3c\x23\xce\x91\xc2\xb1\x8c\x42\xb6\xf3\x06\x34\xe4\xba\x59\xd4\x36\x76\x0b\xa4\x33\xe1\x10\x04\x05\x4e\x13\xd7\x34\x1e\xc3\x44\x04\xfe\x6f\x26\x51\xf4\xd2\x3a\xc2\x3a\x5a\xb1\x12\xda\x88\x85\x39\xd4\xf1\x73\x21\x79\x42\xcc\x7d\x0a\x4e\x8d\x0a\xa4\xb3\x92\x30\xe0\x50\x26\x27\x82\x95\x01\x28\x8e\x60\x0b\x13\x18\x70\xd3\x69\xef\x93\x2d\x04\xd2\x38\x8f\x6a\xc6\x04\x61\x8c\x5b\xd7\xd6\xd5\x43\x0d\x7e\x36\x03\x82\x2b\xf0\x40\xb3\x1b\x47\x05\x1e\xac\xc0\x0d\xfb\xda\xb3\x9f\x09\xbd\x33\x2b\xf4\xa0\x6d\x70\xac\x0e\x87\x26\xdf\xc1\xcd\x63\xab\xf9\x7d\xaa\x9b\x7e\x68\x34\x8a\xae\x39\xca\x0c\x58\x37\xee\xde\x72\x05\x5f\x20\xda\x1d\x91\x33\x0c\xe0\xa6\x17\x56\x8d\x75\xe7\x14\x03\x4f\x74\xfc\x50\xc9\x5d\x8f\xb6\xba\xad\x32\xe3\xd5\x6d\x65\x9d\xc5\xea\x96\x49\xde\xd7\xf6\x03\x75\xcf\xcb\x2e\xa6\x35\x23\xde\x31\x3a\x61\x32\x3c\xe5\x0e\x42\x2b\x02\x08\x4a\xbd\x8b\xbd\x2d\xe1\xc0\x9c\x2d\x5c\x68\xef\x8e\x93\x62\xd0\x6a\xb4\xe1\x79\xf5\x35\x4b\xe9\xab\x85\xe0\xf3\xb3\xc6\x37\x42\x9b\x48\xe8\xe1\xc6\x47\xd9\x26\xa9\x22\xb7\xd2\x2a\x75\x8d\xb8\x09\xa9\xa7\x01\x1b\x3b\x24\x2d\xb3\x14\x7c\xf7\x34\xfe\x8f\xdb\xd0\x8f\x3d\xfd\x55\xe5\x6c\xb0\x82\x85\xca\x3a\x85\xcc\x9c\x6f\x99\xf7\xfd\x7e\x70\x87\xaa\xf4\x8b\x4c\xb2\x9d\xa8\x08\x09\xab\x5c\x37\x13\x85\x9f\xae\xc2\xf8\xcf\x44\x66\xa9\x9e\xbf\x44\x89\x76\xbf\x88\x82\xdf\xda\x20\x36\xc7\x8f\x26\x17\x59\xf6\xbe\x4d\x4d\xca\xc9\x27\xa1\x1c\x02\x49\xe7\x67\x3a\x7d\x2f\xc9\x19\x33\x8b\x23\xe8\x0e\x2f\x73\x55\xeb\xd6\x60\x9c\x5d\x82\xe0\x6c\xf0\xda\x07\x6e\xf3\x57\x1a\xd7\x8c\x89\x39\xca\x33\xcc\xce\x65\x9d\xd0\x36\x08\x6d\x31\x57\x9a\x8c\x04\x55\x99\x08\x66\xe0\xa6\x77\xf5\xc9\xf9\xe4\x4c\xe7\x97\x7c\x54\x87\x16\x6d\xdd\x60\xc8\xb3\x9e\x6a\x7c\xfd\xe4\xf9\x61\x67\x78\x60\x77\x42\x32\x89\xc5\x74\xfe\x71\xd0\xfa\xcf\x79\xb4\x97\x54\xc9\x77\xe9\x1b\xe6\xb1\xd5\x61\x5a\xcb\x77\x81\xfe\x7a\xae\x5e\x7a\x47\xf3\x92\x72\x4d\x98\xfd\x98\x94\xe1\xa7\x87\x1f\x95\x26\x94\xbc\xe0\x27\xe8\x85\xa6\x99\x40\xab\xbd\x8b\x74\x42\x16\xce\x43\x79\xa4\x98\x84\x20\x8d\x07\x13\x12\x38\xb6\xca\xee\xa5\x71\x71\x04\xd6\x85\x5b\xfe\x2b\x66\x1b\xa1\x93\x30\x6b\xdc\xa4\xaa\x77\x15\x73\x4f\x4f\x2e\xbb\x02\xf7\x4d\x65\x44\x64\x28\xa8\xf6\x0d\x38\x0d\xad\x14\xe4\x67\x87\x16\x48\xc8\x90\x86\xb5\x42\xec\x88\xf2\x02\x70\x01\xa9\xd3\x56\x04\xac\x45\x13\x4e\x0c\xb5\x97\x84\x3b\x0f\x33\x9d\xd8\xe8\x2e\x76\x60\xc7\xd0\x1f\xae\x0e\x7c\x2e\xb8\xc6\xa0\x0c\xbb\x16\x35\x55\x87\x5b\x88\x7d\x6a\x6d\x84\x6c\x59\xf8\xd6\xad\x96\xed\x64\xba\xc1\x0d\xca\x98\x92\x75\xad\x8d\x81\x11\x33\xa0\x20\xb3\x9d\x29\xcb\x3e\x88\x70\x4d\x6b\xfe\x71\x90\xe3\x97\x41\x2c\x5f\x0e\x62\x48\xf8\x29\xa2\xcf\x06\x18\xb7\x5c\x32\x5c\xa6\x9e\x4f\xd3\x3e\x68\x29\x0c\xf4\x91\x7a\xe7\x67\x95\x3b\x2e\x97\xe8\x43\x9e\x1d\x9e\xa5\xda\x66\xba\xf6\xc6\xc8\x24\xcc\xf9\xa0\xa4\xa0\x27\x91\x74\xee\x44\x54\x9e\x51\xe5\xd2\x3b\xb3\x18\xf7\xae\x8f\x46\x10\xff\x53\x98\xb5\xd8\xfa\x13\x33\xfa\xb8\xec\x12\xfb\x0a\x4e\x48\x38\x4f\x5a\x72\xb5\x62\xff\xcd\xad\xa1\x13\x76\x3b\x25\x6f\x22\x59\xda\x9e\xb9\x1c\x1a\x80\x70\x3f\x76\xf5\xc5\x40\xc9\xde\xd4\xdb\x35\xa9\x6f\x1f\xd2\x62\x8a\x6e\x57\x98\x07\x51\x9a\xc9\x74\xdd\xa1\x8b\xf3\xa8\xce\xb7\x0c\x3f\x6f\x7a\xa3\xa5\x0e\xd3\xe2\x59\x36\x3d\x7e\x22\x09\xf9\x47\x9d\x2e\x01\xe6\x13\xf1\x6c\x77\xbc\xdf\xcf\x4b\x61\x64\x34\x9c\xfb\x13\xc1\xcb\x47\x00\xa6\x6b\x91\x94\xa7\xdb\xd4\xc4\x5b\x17\x38\x1b\x4a\x9f\xe2\xd2\xc4\x7a\x0a\x6a\x70\x41\x98\x9a\x6b\xf5\x55\x70\xff\xce\xc3\x04\x43\xcc\x58\x8e\x6b\x21\x0f\x1a\x9d\x08\x7b\x3a\xb7\x73\x65\xc2\x33\xe7\xc9\x3c\x87\xf6\x3c\x81\x0b\x53\xae\xb7\x6b\x42\x1f\xcd\xd7\x03\x1f\x53\x32\x50\xc4\x4b\x8d\x12\x16\x90\x28\xf5\xf6\x87\xb1\x57\x6c\xe6\x49\xd6\x83\x80\x02\xb2\xf4\x86\xc3\x08\xc3\x05\xfe\x74\xe4\x6c\x7b\x54\xf5\x1f\xb8\xbd\xc2\x11\xc7\xa6\x2a\xb1\x5c\x12\x2e\xcb\x55\x14\xab\x76\xce\x23\xa4\x72\x45\x3f\x99\x4b\xd2\x6d\x1b\x2a\x58\xa4\x69\x46\x53\x4a\x7c\xee\x97\x56\x58\x2e\xc1\xcb\x08\x71\x5a\x10\x56\x48\x3e\x33\xf8\x6d\x2e\xdf\x86\x7b\xf9\x72\xce\x85\x17\x58\xa5\x8a\xd5\x52\xc8\x76\x5e\x30\xbf\x0a\x9b\x6e\xc6\xda\x98\x76\x9d\x70\x39\xa6\x60\x68\xb5\x1f\xbf\x1a\x9a\xbd\x12\x83\x49\x66\xf3\xa8\x61\x70\x85\x1c\x32\x61\x3e\x5f\x17\x9c\x39\xa8\x6a\x42\x15\x25\x66\xdd\x87\x6b\x7b\x97\x5d\x9e\xe6\x99\xb5\xa4\x54\xce\xd5\x69\xa8\xf3\x99\x0a\x44\x00\x67\x25\xf2\xe0\xca\x71\x20\x9d\x23\xc5\x6d\x09\xb7\x04\x3c\xfc\xde\x41\xba\x87\xc9\xb7\x75\x07\x6c\x88\x94\x1c\xe4\x42\xee\xc0\xa1\x43\xd9\x0a\xab\x7d\x97\x7d\xcb\x07\xa4\x4d\x3b\xec\x1c\x6d\xc1\xad\x90\x5a\x14\x8a\xc7\xe5\x21\x97\x06\x1e\x8b\xc8\xf4\x8e\x07\x37\xce\xb5\x03\x33\x26\x81\x3a\xb8\xc7\x32\x0e\x23\x68\x89\x77\xb3\x7a\xf0\xc3\xeb\xef\x8f\x32\xdf\x89\x4d\x2d\x9d\x95\x91\x08\x6d\xa8\xd3\x11\x75\xd9\xda\x3f\xa7\x0f\x76\x87\x8c\xee\xc8\x87\x24\x12\xd2\xed\x42\x8a\xa7\x42\x47\xee\x11\xd1\x4f\xd6\x99\xed\x29\x17\x04\x07\x46\x77\x3a\xe4\x19\xb7\xeb\xb9\x89\x2e\x4d\x5e\xd9\x72\x70\xac\x89\x49\x22\xb4\x05\x47\x2a\xa7\xdf\x6e\xe5\x05\x80\x67\x39\xde\xfb\x29\x42\x7b\xf8\x61\xa6\x95\xed\x09\xeb\x46\x9b\x80\x54\xf8\xbe\x3e\xde\xdf\x40\x68\x09\x7d\xeb\xb8\x67\xe4\xf8\x46\xdb\x38\x92\x98\xe3\x12\x5f\xe5\xe3\x80\x5c\xb4\x2a\x90\xee\xd3\x6f\x7b\xac\x89\xe9\x71\x21\xa8\xc4\x57\xbe\xa4\x72\xb6\x54\x31\xc2\x35\xe9\x94\x05\x39\x34\xff\xfb\x9f\x27\x11\x39\x21\x79\x88\xca\x7c\x51\x37\x4c\x5b\x88\xe5\xab\x11\x65\x71\xe5\x13\x5c\x1c\xcd\xc7\xbc\x51\x4e\xf2\x7a\x69\xb9\x8b\x17\x1c\x0e\x0c\x88\x75\x48\x5b\x1f\x04\xa7\xae\x28\x9e\xe2\x4d\xb8\x59\xc8\x05\x99\xfb\xbf\x5d\xa5\x1e\xad\xd3\xe1\xa5\x2f\xc6\x71\x62\x86\xd6\x29\xd0\x78\xc7\x9b\x2a\x2e\x8c\x19\x9a\x4f\x9d\x47\x27\xac\x12\x81\x53\x37\xb8\xb2\xeb\x22\x66\x88\xf9\xc4\x05\x1b\xe0\x53\x11\xda\xd5\x7f\x5e\xa9\xb4\xff\xb7\xd3\x36\xcc\x67\xe6\xeb\xef\xff\x7f\x17\x25\x2f\xa6\x7f\x4b\xcc\x54\x0b\xa7\xb6\xd3\x9f\xd5\x0f\x4a\xf9\xe3\x8e\x7d\x85\x8d\xb6\x3a\x49\x50\x4c\x77\xe0\x0c\x26\xdf\x90\xbd\xfd\xf8\x4b\x8e\x46\xde\xfb\xcb\x8b\x2f\x2f\xfe\x17\x00\x00\xff\xff\xfc\x4b\x10\xfa\x4a\x20\x00\x00")

func apiSearchJsonBytes() ([]byte, error) {
	return bindataRead(
		_apiSearchJson,
		"api/search.json",
	)
}

func apiSearchJson() (*asset, error) {
	bytes, err := apiSearchJsonBytes()
	if err != nil {
		return nil, err
	}

	info := bindataFileInfo{name: "api/search.json", size: 8266, mode: os.FileMode(0644), modTime: time.Unix(1675080317, 0)}
	a := &asset{bytes: bytes, info: info, digest: [32]uint8{0x7d, 0xa4, 0xb9, 0x8c, 0xd0, 0x93, 0xed, 0x5, 0xe5, 0x5a, 0xa5, 0xad, 0x28, 0x0, 0xaf, 0xf7, 0x8, 0xa3, 0xa9, 0xbf, 0x5d, 0x4a, 0x55, 0xa4, 0xdc, 0xce, 0xe3, 0x0, 0x66, 0x4d, 0x57, 0x53}}
	return a, nil
}

var _apiSearch_shardsJson = []byte("\x1f\x8b\x08\x00\x00\x00\x00\x00\x00\xff\xa4\x94\x3f\x6f\xc3\x36\x10\xc5\x77\x7f\x8a\x07\x4e\x29\xa0\x58\xbb\x3a\x75\x28\x3a\xb6\x68\x02\x74\x08\x02\x87\x26\x4f\x11\x01\x8a\x27\x90\x27\x3b\x46\xe0\xef\x5e\x50\xf4\x1f\x39\x8e\x9a\xa1\x9b\xc0\x3f\xf7\xde\xfb\xdd\x89\x9f\x2b\x40\x25\xd2\xd1\x74\x9b\xd4\xe9\x68\x93\x6a\x90\x17\x01\x65\xd9\x8c\x3d\x05\xd1\xe2\x38\xa8\x06\xaa\x13\x19\x9a\xba\xde\xef\xf7\x6b\xf2\x3a\x89\x33\x6b\xc3\xf5\xfb\xe8\x2c\xd5\x14\xea\xd3\x5a\xa9\x56\x47\x6a\x29\x52\x30\x54\xf7\x3a\x09\xc5\xba\xac\x3f\x16\x95\x75\x27\xbd\x57\x55\x11\xea\x49\x3a\x9e\x94\x5f\xd4\x1f\xbf\x3f\xab\x0a\xea\xaf\x3f\x9f\x9e\xd5\xeb\x69\x7f\x8c\xfe\xe2\x0a\x50\x83\x96\x2e\xdb\xa9\x3f\x5d\xb0\xf4\x71\xac\x37\xb7\x01\xaa\xf9\xc1\x52\xf5\xee\xc8\xf2\xed\xd7\xd9\xf5\x28\x69\x26\x0c\xa8\xe9\xca\xcd\x12\xa0\xe4\x30\x90\x42\x03\xe5\x5d\x92\x8b\x7a\x41\x48\xc9\x44\x37\x4c\x00\xf3\x89\xdf\x60\xb8\xef\xf5\x63\xa2\x41\x47\x2d\x64\x91\xef\x80\x5b\x4c\x95\x11\x74\x4f\x09\xc2\x28\x9e\x7e\xc5\x98\x08\x6f\x1b\xed\xfd\x1b\x38\x82\xfa\x41\x0e\x48\x12\x5d\x78\xcf\xa7\x06\x8a\x2d\xc7\x1e\xd2\x11\x78\xa0\x38\x75\x0a\x1c\xa0\xbd\xcf\x15\x9d\xa1\xa4\x2e\x7e\x8e\xa7\xaf\xe3\x3c\xa1\xee\xbf\x44\x1c\x2e\x8d\x5b\xcc\x59\x0c\xfc\x77\xd2\xa7\x81\x8c\x6b\x0f\x93\xb5\xc0\x96\xb2\xfd\x89\xf0\x17\xb3\xa9\xe3\xd1\x5b\x6c\xe9\x1c\x86\x6c\x0e\xf0\x60\xa9\xd5\xa3\x97\x06\x51\x07\xcb\xfd\x2f\xb3\x18\x57\x5d\x15\x79\x94\x6c\xe5\xff\x3b\x75\x06\xa7\x62\xd8\x69\x3f\xd2\xf7\x7a\x9e\x8d\xf6\xdf\xaa\x35\x50\x5b\x66\x4f\x3a\x2c\xab\x35\x50\x7f\x93\x8c\x31\x60\xaa\x03\x17\x72\xe0\x89\x43\x05\xcb\x08\x2c\x88\x24\xd1\xd1\x8e\x26\x4c\x49\xb4\x10\xda\xc8\x3d\xca\x4f\x54\x50\x5e\xe1\xb4\xda\x27\x5a\x60\xe3\xde\x03\x47\xda\x8c\x41\xef\xb4\xf3\x7a\xeb\x97\x1b\xfa\xa3\xf3\x7c\xe8\x9f\x8e\xa4\xa3\x88\x54\x78\x91\x85\xe1\x60\x22\x09\x9d\x47\x6d\xd6\xcc\x22\x6e\xb1\xef\x28\x60\x66\x01\x0f\xbd\x4b\x29\x53\xe6\x08\xe3\x39\x91\x5d\xb0\xaf\xbd\xe7\xfd\x26\xf0\xe6\x3c\xc7\xb7\xe6\x7f\x70\xbf\x6c\x5f\xf8\x64\x0e\xae\x85\xc6\xde\x79\x6b\xf2\x58\x9e\x33\xd0\xc7\x10\x29\xa5\x3c\x9b\x91\x12\xfb\x1d\x25\xb8\x20\xb9\x3b\x77\x81\xd7\x78\x78\xee\x5c\xde\x37\x7e\xb4\x94\xce\xbf\xea\xe9\x0f\xe5\x58\xf2\x07\xbe\x54\xef\xf4\x8e\xb0\x25\x0a\x57\x8c\x0b\xf9\xe9\x63\xd0\xc1\x6e\xce\xfe\xee\xf2\xcf\x00\x50\x18\xfb\xdb\xf4\x50\x3c\x25\x4f\x79\xff\x45\xf1\x40\x41\x55\xaa\xf0\x56\x95\x0a\x1c\x48\x55\x19\xf1\xf5\xb9\xbb\x60\x9b\x46\x6b\xaa\x5b\xae\x7d\xdd\x5f\xc4\x5a\x1c\x5f\x89\xce\x48\xca\x3d\x3b\x48\xa7\x05\x3a\x4e\x8f\x41\xa8\x4e\xc3\x90\x99\x6d\x59\xba\xf5\x37\xcf\xd6\x6a\x86\x48\x6d\xd9\x1e\x54\x83\x30\x7a\xbf\xca\x7b\xc7\xd5\xbf\x01\x00\x00\xff\xff\x84\xe1\x9c\x9a\xcb\x06\x00\x00")

func apiSearch_shardsJsonBytes() ([]byte, error) {
	return bindataRead(
		_apiSearch_shardsJson,
		"api/search_shards.json",
	)
}

func apiSearch_shardsJson() (*asset, error) {
	bytes, err := apiSearch_shardsJsonBytes()
	if err != nil {
		return nil, err
	}

	info := bindataFileInfo{name: "api/search_shards.json", size: 1739, mode: os.FileMode(0644), modTime: time.Unix(1675080317, 0)}
	a := &asset{bytes: bytes, info: info, digest: [32]uint8{0x2e, 0x2d, 0xc2, 0x4e, 0xda, 0xb, 0x93, 0x80, 0xa6, 0x21, 0xe0, 0x9c, 0xc2, 0x55, 0xd, 0xe8, 0xac, 0xb0, 0x1e, 0x94, 0xde, 0xce, 0x8a, 0xda, 0xaf, 0x77, 0x7f, 0x3d, 0x74, 0x4a, 0xfe, 0x48}}
	return a, nil
}

var _apiSearch_templateJson = []byte("\x1f\x8b\x08\x00\x00\x00\x00\x00\x00\xff\xb4\x96\xcd\x6e\x1b\x37\x10\xc7\xef\x7a\x8a\x01\x4f\x2e\xa0\x58\x77\xf5\xd4\x43\xd1\x63\x0b\xc4\x40\x0f\x41\xb0\xa1\xc8\x59\x91\x28\x77\x66\x43\x0e\x25\x0b\x86\xdf\xbd\x20\x97\x92\xd6\x8e\xd6\x09\xe0\xe4\xca\x25\x67\x7e\xf3\x9f\xaf\x7d\x5a\x01\xa8\x84\x3a\x1a\xd7\x09\x0e\x63\xd0\x82\x6a\x0b\xe5\x18\x40\x59\x36\x79\x40\x12\x2d\x9e\x49\x6d\x41\x39\x91\x71\xbb\xd9\x1c\x8f\xc7\x7b\x0c\x3a\x89\x37\xf7\x86\x37\xfb\xec\x2d\x6e\x90\x36\xed\x6c\xb2\xb7\x89\xd8\x63\x44\x32\xb8\x31\x39\x46\x24\xd9\x4c\x1f\x3e\x9c\x1d\xdd\x3b\x19\x82\x5a\x4f\xbe\x06\x14\xc7\x36\xa9\x2d\x7c\x52\x7f\xfd\xf9\xa0\xd6\xa0\xfe\xf9\xfb\xe3\x83\xfa\xdc\xbe\xe7\x18\x2e\x60\x00\x6a\xd4\xe2\x0a\xd1\xa6\x6b\xde\x2e\xf4\xeb\xf9\x95\xc9\xde\x8d\x4b\xa0\x36\x4f\x9e\x2c\x3e\x3e\xbf\xfd\xf1\x49\x4e\x23\xde\xb8\xf3\x79\xe6\x26\x4a\x9a\xa1\x01\xa8\xfa\xf6\xc5\x11\x80\x2a\x86\x14\x6c\x41\x05\x9f\xe4\x42\x39\xe9\x8c\xc9\x44\x3f\x56\x95\xcb\x8d\x3f\xc0\xf0\x30\xe8\x0f\x09\x47\x1d\xb5\xa0\x85\xf2\x06\xb8\x87\x6a\x19\x48\x0f\x98\x40\x18\x26\xaa\xdf\x21\x27\x84\x2f\x9d\x0e\xe1\x0b\x70\x04\x1c\x46\x39\x41\x92\xe8\x69\x5f\x6e\x8d\x18\x7b\x8e\x03\x88\x43\xe0\x11\x63\x4d\x27\x30\x81\x0e\xa1\x58\xf4\x06\x93\xba\xf0\x3c\x5f\xd1\x26\xe6\x5f\x11\xc7\xb9\xb2\xa0\x58\x7b\x11\x4a\x40\x7d\xc0\x16\xc2\xf7\xd8\xeb\xe3\x19\xf9\xea\x55\x04\x25\x37\x7a\x48\x85\x65\x9e\x9d\x3d\x71\xc4\x2e\x93\x3e\x68\x1f\xf4\x2e\x2c\x87\xb8\x63\x0e\xa8\xe9\xed\x28\xff\x75\x28\x0e\x23\xa4\x11\x8d\xef\x3d\x5a\x30\x4c\x26\xa2\xe0\x59\x5c\x48\x8e\x73\xb0\xb0\x43\x98\x9c\x5b\x38\x3a\x24\x98\x21\xc0\xdd\xe0\x53\x2a\x09\xe3\x08\x26\x70\x42\xfb\xdb\xed\x9c\xe8\x10\xf8\xd8\x11\x77\xe7\xcc\xfd\x14\x78\xe1\x86\x06\xbe\x07\x0d\x47\x1f\xac\xd1\xd1\x5e\x22\xc0\xc7\x31\x62\x4a\x45\xfc\x88\x89\xc3\x01\x13\x78\x12\x06\xe2\x6f\xc2\xbd\x87\xbb\x07\xe7\xcb\x77\x13\xb2\xc5\x74\x2e\xcd\x56\x91\x1c\xa7\xe8\x89\x2f\xd6\x5d\xc9\xf9\x0e\x91\xae\x22\x2e\x44\x8f\x8f\xa3\x26\xdb\x9d\xf9\x96\xa3\x47\xca\xc3\xcb\xd0\xb9\x46\x5d\xab\xe1\x93\xe2\x11\x49\xad\xd5\xa4\xb4\x5a\x2b\x62\x42\xb5\x2e\xe2\x5e\x5b\xbb\x09\xd6\xeb\x1c\xa4\xda\x9c\x1e\xfd\xa0\x9c\x13\xe9\x55\xc9\x99\x82\xf2\xad\x66\x20\x4e\x0b\xe8\x58\xab\x9c\xd6\xad\x04\x8a\x56\x3b\x16\x77\x7f\x5b\x8c\xf1\x32\x62\x17\x65\x98\x34\x7f\x1b\xfa\x63\xd5\xfc\x54\x7b\x8c\xd8\x62\xf1\x9a\x5c\x61\x7e\xd9\x75\xd7\x2a\x6e\x5d\x59\x00\x09\xee\x9a\x44\x5b\x88\x9a\x2c\x0f\x0b\x99\x8b\x9c\xa5\xa0\xfc\x8a\x71\xd2\xaa\xc6\x40\x73\x02\x07\x1d\xf2\xd2\x50\x4b\x26\x72\x08\x8b\x1c\xe2\x07\xfc\x31\xbd\x1c\x1f\x21\x30\xed\x41\x97\x74\x26\x9f\xa4\x4c\xb4\x83\xc7\x63\x61\x2a\xda\x4d\xe3\xfa\xaa\xdb\xa0\x3d\x89\xf6\x84\x16\xfa\x22\x72\x25\x41\xdb\x86\xdf\x02\x6e\xdb\xce\x6f\x8d\xe2\xef\x14\xfb\xd7\x8c\xf1\xd4\x89\x43\xea\x7a\x14\xe3\xca\x86\x9b\xce\x4a\x2f\x5d\x8e\x6c\x9f\xba\x5b\x57\xaf\xe7\xd7\xeb\xaf\x9b\xe4\x95\x42\x95\x79\x56\x3a\x95\x74\xa9\xa1\x83\xf6\xf4\xbe\x29\x76\xce\xc8\xf1\xda\x7e\x11\x25\x47\x02\x8b\xa2\x7d\x91\xd8\x53\xa9\xd8\x89\x46\xef\x38\x0b\x24\x53\xc6\x9d\xe1\x61\xcc\xd2\xce\x13\x94\x6d\x5e\xb2\xa7\xc1\x79\x59\xea\x3a\xee\xfd\x7b\x97\xc6\x0d\xe2\x66\xb7\x16\x4e\x95\x1b\xf0\x11\x4d\xae\x4f\x16\xb7\xb3\xed\xfe\xc3\xd3\x3b\x77\xc0\x6b\x16\xbd\xdf\x47\xdc\x37\x49\xc8\x42\xca\xfb\x3d\x26\xc1\xd8\x7e\x3c\x66\x73\x20\x62\xef\x1f\xd1\xc2\xae\x4e\x0f\x1f\xcb\x72\x18\xd1\x88\x3f\x60\x5b\xed\x9e\x6a\x40\xe5\x9c\x29\xe1\x8d\x6d\xbd\x9a\xc5\xa5\x76\x6c\x4f\xf3\xff\xbc\x39\xeb\x16\xd4\x83\xc3\xd6\x2c\x60\xb1\xf7\xe4\xa7\xea\x6a\x7f\x65\x95\xd6\x4b\xcd\x62\xd9\xfb\x97\xff\x80\x88\x5f\xb3\x8f\x68\x4b\xb8\x12\x33\xae\xce\x8e\x9f\x57\xcf\xab\xff\x03\x00\x00\xff\xff\x26\xf7\xe8\x24\x04\x0b\x00\x00")

func apiSearch_templateJsonBytes() ([]byte, error) {
	return bindataRead(
		_apiSearch_templateJson,
		"api/search_template.json",
	)
}

func apiSearch_templateJson() (*asset, error) {
	bytes, err := apiSearch_templateJsonBytes()
	if err != nil {
		return nil, err
	}

	info := bindataFileInfo{name: "api/search_template.json", size: 2820, mode: os.FileMode(0644), modTime: time.Unix(1675080317, 0)}
	a := &asset{bytes: bytes, info: info, digest: [32]uint8{0xd4, 0x37, 0x76, 0xf, 0x55, 0xd3, 0x3b, 0xee, 0x73, 0xca, 0xc6, 0xfa, 0x54, 0x73, 0xd, 0xb1, 0x54, 0xfc, 0x3b, 0x2f, 0xef, 0x91, 0x2d, 0xb3, 0x5f, 0x49, 0xad, 0xa2, 0xeb, 0x96, 0x1f, 0x1}}
	return a, nil
}

var _apiSnapshotCreateJson = []byte("\x1f\x8b\x08\x00\x00\x00\x00\x00\x00\xff\xb4\x93\x3f\x6f\xdb\x3c\x10\x87\x77\x7d\x8a\xc3\xcd\x79\xcd\x5d\xdb\x3b\x74\x6e\x80\xb8\x53\x11\x18\x34\x79\x0a\x09\x50\x3c\x95\x3c\xc2\x35\x0c\x7d\xf7\x82\xd1\xdf\x38\x31\xd0\xa5\xeb\x9d\x8e\xcf\x8f\xcf\x51\xb7\x06\x00\x73\xd4\x43\x76\x2c\x07\x93\x48\x0b\x61\x0b\xb5\x0c\x80\x96\x4d\xe9\x29\x8a\x16\xcf\x11\x5b\x40\x27\x32\xb4\x4a\x5d\x2e\x97\x03\x05\x9d\xc5\x9b\x83\x61\xf5\x56\xbc\x25\x45\x51\xcd\xb5\x4c\x3a\x19\xa7\x12\x75\x94\x28\x1a\x52\xbd\xce\x42\x49\xf5\x6c\x4b\xa0\xfc\xdf\xc2\xcb\x07\x27\x7d\xc0\xa7\x09\xd6\x93\x38\xb6\x19\x5b\xf8\x89\xcf\x3f\x8e\xf8\x04\xf8\xfc\xfd\xe5\x88\xaf\x73\xbf\xa4\xb0\x26\x03\xc0\x41\x8b\xab\x91\xd4\x69\x39\x4e\xdd\x12\x0d\x9c\xbd\x70\xba\x8e\xea\xb6\x94\xc7\x19\x30\xcf\x4c\x80\xbf\x98\x7a\xdd\x8d\x25\xc9\x3b\x36\x00\x6e\x33\x1f\xea\x00\x28\xd7\xa1\x1a\xc4\x2c\xc9\xc7\xb7\x95\x3d\x4f\xfd\x2a\x3e\x91\x45\x68\x41\x52\xa1\x0f\x4d\x4b\xd9\x24\x3f\x2c\xaa\xff\x87\x8d\x01\x51\xf7\x84\xeb\xc7\xe3\x36\xb7\xee\xee\xdf\xc5\x58\x08\xf7\x21\x9a\xbb\x30\x55\x93\xee\xef\x3c\x4d\x9b\x3f\x89\xef\x89\xcb\xd7\x21\xa1\x05\xac\x7d\x7c\x18\xa3\x7e\xf1\xed\xf7\x10\xbc\xf1\x02\x3c\x50\x7a\x7f\x8f\x30\x1f\x0a\x1d\x27\x30\x1c\x23\x99\xa9\xcc\x30\x51\x21\xb2\x7d\x60\xed\xa2\xbd\x9c\x3a\x4e\x27\xc3\xfd\x10\x68\xbe\xec\x97\x02\xcf\xcc\x81\x74\x7c\x9c\xae\x05\x7c\x71\x5c\x82\x05\x71\x3e\x43\x95\x4b\x59\xa0\x22\xa0\x44\xf1\x01\xc4\xd1\x2e\xb6\xd3\x19\x66\x2c\x59\x38\x53\xc7\x89\x20\x91\x94\x14\x3f\x6d\xca\x52\xa7\x4b\xa8\xde\x3a\x1d\x32\x7d\x96\xdf\xec\x6e\x86\x67\xb6\xd7\x2a\x6b\xfd\x47\xee\x25\x1e\x1d\x6d\xeb\xb4\xd4\xf9\xe8\xdf\x7b\xeb\x0a\xf7\x2f\x63\x23\x56\xca\xd8\x8c\xcd\x9f\x00\x00\x00\xff\xff\xdc\x92\xf7\xb2\x2d\x04\x00\x00")

func apiSnapshotCreateJsonBytes() ([]byte, error) {
	return bindataRead(
		_apiSnapshotCreateJson,
		"api/snapshot.create.json",
	)
}

func apiSnapshotCreateJson() (*asset, error) {
	bytes, err := apiSnapshotCreateJsonBytes()
	if err != nil {
		return nil, err
	}

	info := bindataFileInfo{name: "api/snapshot.create.json", size: 1069, mode: os.FileMode(0644), modTime: time.Unix(1675080317, 0)}
	a := &asset{bytes: bytes, info: info, digest: [32]uint8{0x11, 0x23, 0xf1, 0x59, 0xa4, 0xe3, 0x78, 0x48, 0xb4, 0x32, 0x6f, 0xc5, 0x5f, 0x44, 0x46, 0x7f, 0xec, 0xe7, 0x52, 0x4a, 0x2f, 0xd8, 0x36, 0xb6, 0x4a, 0x57, 0xaf, 0x4f, 0x9d, 0x3, 0x69, 0xa2}}
	return a, nil
}

var _apiSnapshotCreate_repositoryJson = []byte("\x1f\x8b\x08\x00\x00\x00\x00\x00\x00\xff\xb4\x93\x31\x6f\xdc\x30\x0c\x85\x77\xff\x0a\x82\x73\x7a\xda\xbd\x75\xe8\xdc\x00\xbd\xa2\x43\x11\x1c\x14\x89\x8e\x04\xd8\xa2\x4a\xd1\xbd\x06\x81\xff\x7b\xa1\xb3\xee\xce\x49\x2e\xdd\xba\x19\xe2\xd3\x7b\x1f\x49\xeb\xa5\x03\xc0\x92\x6c\x2e\x81\x75\xe7\x84\xac\xd2\x41\x28\x73\x89\xca\xf2\x8c\x3d\x54\x05\x00\x7a\x76\xf3\x44\x49\xad\x46\x4e\xd8\x03\x06\xd5\xdc\x1b\x73\x3c\x1e\x77\x34\xda\xa2\xd1\xed\x1c\x9b\xa7\x39\x7a\x32\x94\x4c\x3b\x2b\x64\xc5\x05\x23\x34\x90\x50\x72\x64\x26\x5b\x94\xc4\x4c\xec\xe7\x91\xca\xa7\x73\x74\xd9\x05\x9d\x46\xbc\x5b\xc3\x26\xd2\xc0\xbe\x60\x0f\x3f\xf1\xfe\xfb\x1e\xef\x00\xef\xbf\x7e\xdb\xe3\x43\xab\xcf\x32\x5e\xc8\x00\x30\x5b\x0d\x15\xc9\x1c\xce\x76\xe6\xe5\xda\xc3\xd2\x5c\x9b\x70\x75\xfd\x48\xfa\xb0\xd1\x8a\x96\x4d\x0a\x00\xde\x98\x4b\xab\xe8\x73\xa6\x4a\x50\x54\x62\x7a\xba\x04\xb6\x5b\xbf\xe6\x28\xe4\x11\x7a\x50\x99\xe9\x55\xd1\x53\x71\x12\xf3\x79\xa8\x9f\xe1\x9a\x01\xc9\x4e\x84\x17\xf1\xd2\xbe\x96\x2d\xa1\x9d\xde\x20\xae\xe3\x3d\x68\x9c\x88\x67\xbd\x89\x09\x3d\x60\xad\xe3\x87\x20\x55\xf1\xe5\x4f\x1e\xa3\x8b\x0a\x9c\x49\x4e\x4b\x87\x66\x0a\x03\x0b\x38\x4e\x89\xdc\x7a\xcc\xb0\xa6\x42\x62\xbf\x05\xbe\xfa\xe3\xff\xe4\xb9\x9d\xf8\x9b\x24\x0e\xb7\xf7\x54\xed\x1e\x99\x47\xb2\xe9\xdf\x99\x3f\x02\x69\x20\xa9\x1d\xae\x76\xa0\x81\xb6\x1b\xb2\x43\x6d\xfb\xf4\x6a\xea\x9d\xf7\xbb\xea\x36\x58\xf8\xc8\x7e\x0b\xf4\x2e\x6e\xff\xda\xdc\xd3\x10\x53\x3c\x55\x2f\x2b\x7f\xfb\x2f\x75\xe7\x94\xa5\x5b\xba\xbf\x01\x00\x00\xff\xff\x01\x5e\x67\xfa\xcc\x03\x00\x00")

func apiSnapshotCreate_repositoryJsonBytes() ([]byte, error) {
	return bindataRead(
		_apiSnapshotCreate_repositoryJson,
		"api/snapshot.create_repository.json",
	)
}

func apiSnapshotCreate_repositoryJson() (*asset, error) {
	bytes, err := apiSnapshotCreate_repositoryJsonBytes()
	if err != nil {
		return nil, err
	}

	info := bindataFileInfo{name: "api/snapshot.create_repository.json", size: 972, mode: os.FileMode(0644), modTime: time.Unix(1675080317, 0)}
	a := &asset{bytes: bytes, info: info, digest: [32]uint8{0xa5, 0x9, 0xcd, 0xc3, 0x53, 0x5f, 0x23, 0x3b, 0x52, 0x4, 0x87, 0xcb, 0x57, 0xb0, 0x86, 0xa5, 0xd, 0x9f, 0x85, 0x85, 0xe6, 0xed, 0x30, 0x1b, 0x70, 0x88, 0xc6, 0xd8, 0xf3, 0xee, 0x39, 0xdc}}
	return a, nil
}

var _apiSnapshotDeleteJson = []byte("\x1f\x8b\x08\x00\x00\x00\x00\x00\x00\xff\xb4\x92\xbd\xea\x1b\x31\x10\xc4\xfb\x7b\x8a\x65\xeb\xe4\xd4\x5f\x17\xc8\x75\x29\xd3\x05\x63\x14\x69\xed\x13\x48\x5a\x45\x5a\xe1\x18\x73\xef\x1e\x94\xfb\xf0\x07\x0e\xa4\xf9\xb7\xb3\x9a\x9d\x1f\xb3\xba\x75\x00\x58\xa2\x4e\x65\x62\xe9\x2d\x79\x12\xc2\x01\x9a\x0c\x80\x96\x4d\x0d\x14\x45\x8b\xe3\x88\x03\xe0\x24\x92\x06\xa5\x2e\x97\x4b\x4f\x5e\x17\x71\xa6\x37\xac\xce\xd5\x59\x52\x14\xd5\xaa\x15\xd2\xd9\x4c\x2a\xd3\x89\x32\x45\x43\x2a\xe8\x22\x94\x55\x60\x5b\x3d\x95\xcf\x5b\x5e\xe9\x27\x09\x1e\x3f\x2d\x61\x81\x64\x62\x5b\x70\x80\x1f\xf8\x75\xfc\x36\x7e\x1f\xf1\xb0\x8e\x6a\xf6\x3b\x14\x00\x26\x2d\x53\xa3\x51\xc7\x6d\x93\xba\x65\x4a\x5c\x9c\x70\xbe\xce\xea\xb6\xc9\xf3\xba\x7b\xf5\x2c\xbb\xff\xc3\x75\x78\xb0\x65\x29\x0f\xd9\x00\x78\xf7\x3c\xe9\x00\x28\xd7\xd4\xca\xc3\x22\xd9\xc5\xf3\x9e\xbd\xba\x7e\x55\x97\xc9\x22\x0c\x20\xb9\xd2\xd3\xd0\x52\x31\xd9\xa5\xad\xe5\x2f\x70\xcf\x80\xa8\x03\xe1\xfe\x78\xbe\xfb\xf6\xb3\x7d\x1c\xc6\x96\xf0\x0a\xd1\xbd\xc0\xb4\x9a\x74\x78\xe9\x69\x39\xfa\x51\x5c\x20\xae\xef\x21\x61\x00\x6c\x73\xfc\x27\x46\x7b\x31\xfe\x4e\xde\x19\x27\xc0\x89\xf2\xdf\xaf\x08\xeb\x52\x38\x71\x06\xc3\x31\x92\x59\x64\x86\x25\x15\x22\xdb\x77\xc0\xdd\x03\x36\xfe\x64\xdb\x4e\x18\xab\xf7\x5d\x9b\xcd\xdd\x9f\x00\x00\x00\xff\xff\xc9\xfb\x8c\xec\x0e\x03\x00\x00")

func apiSnapshotDeleteJsonBytes() ([]byte, error) {
	return bindataRead(
		_apiSnapshotDeleteJson,
		"api/snapshot.delete.json",
	)
}

func apiSnapshotDeleteJson() (*asset, error) {
	bytes, err := apiSnapshotDeleteJsonBytes()
	if err != nil {
		return nil, err
	}

	info := bindataFileInfo{name: "api/snapshot.delete.json", size: 782, mode: os.FileMode(0644), modTime: time.Unix(1675080317, 0)}
	a := &asset{bytes: bytes, info: info, digest: [32]uint8{0x89, 0xb1, 0x32, 0x8d, 0x9c, 0x4a, 0xb7, 0xd0, 0x69, 0x49, 0xeb, 0x9a, 0x7d, 0x96, 0x4e, 0x8d, 0x63, 0x66, 0xfb, 0xab, 0x6, 0x2b, 0xdd, 0xee, 0x54, 0xa, 0x3d, 0x82, 0x10, 0xdc, 0x3a, 0x17}}
	return a, nil
}

var _apiSnapshotDelete_repositoryJson = []byte("\x1f\x8b\x08\x00\x00\x00\x00\x00\x00\xff\xb4\x92\x31\xeb\xdb\x30\x10\xc5\x77\x7f\x8a\xe3\xe6\xc6\xda\xbd\x15\xea\xad\x63\xb7\x12\x82\x2a\x5d\x6a\x81\xa4\x53\xa5\x13\x69\x08\xfe\xee\x45\xb5\x92\xb8\x25\x19\xff\x9b\xb9\xf7\xfc\xde\x8f\x67\xdf\x06\x00\x2c\x51\xa7\xb2\xb0\x8c\x96\x3c\x09\x9d\x32\x25\x2e\x4e\x38\x5f\x71\x82\xe6\x00\x40\xcb\xa6\x06\x8a\xa2\xc5\x71\xc4\x09\x70\x11\x49\x93\x52\x97\xcb\x65\x24\xaf\x8b\x38\x33\x1a\x56\x3f\xab\xb3\xa4\x28\xaa\x7e\x2b\xa4\xb3\x59\x54\xa6\x33\x65\x8a\x86\x54\xd0\x45\x28\xab\xc0\xb6\x7a\x2a\x87\x7b\x75\x19\x17\x09\x1e\x3f\x6d\x65\x81\x64\x61\x5b\x70\x82\xef\xf8\x65\xfe\x3a\x7f\x9b\xf1\xd8\xa5\x9a\xfd\x03\x0a\x00\x93\x96\xa5\xd1\xa8\xd3\x3d\x49\xdd\x9e\xf8\x6b\x0f\xec\xc6\x2d\xf0\x9d\xf5\xb8\xf3\x66\x29\xbb\x16\x00\x7c\x31\x49\x57\xe4\x9a\xa8\x11\x78\x57\xe4\x51\xd7\xdf\xf9\x55\x5d\x26\x8b\x30\x81\xe4\x4a\xff\x88\x96\x8a\xc9\x2e\xdd\xd7\xfc\x0c\x86\x43\xd0\x87\x42\x49\x67\x2d\x64\xa1\xe5\x01\x9f\xe1\xd9\x0c\x51\x07\x2a\xf8\x48\x59\xfb\xd3\xba\x07\xd7\xe1\x3f\xf2\x6d\xf0\x93\xb8\x40\x5c\xe5\x25\x3d\x4c\x80\x4d\xc7\xb7\x84\xcd\x31\xff\x4e\xde\x19\x27\xc0\x89\xf2\xdf\xdf\x00\x7a\x28\x9c\x39\x83\xe1\x18\xc9\x6c\x67\x86\xad\x15\x22\x5b\xda\x01\x3f\xf3\xf1\x23\x79\x5e\x4c\x34\xec\xfa\xf1\x07\xdb\xf6\x19\x63\xf5\x7e\x68\xda\x3a\xfc\x09\x00\x00\xff\xff\x83\xd7\x34\x21\x07\x03\x00\x00")

func apiSnapshotDelete_repositoryJsonBytes() ([]byte, error) {
	return bindataRead(
		_apiSnapshotDelete_repositoryJson,
		"api/snapshot.delete_repository.json",
	)
}

func apiSnapshotDelete_repositoryJson() (*asset, error) {
	bytes, err := apiSnapshotDelete_repositoryJsonBytes()
	if err != nil {
		return nil, err
	}

	info := bindataFileInfo{name: "api/snapshot.delete_repository.json", size: 775, mode: os.FileMode(0644), modTime: time.Unix(1675080317, 0)}
	a := &asset{bytes: bytes, info: info, digest: [32]uint8{0x8, 0xa5, 0x95, 0xe7, 0x1, 0xe5, 0x5e, 0xa7, 0xa4, 0xa1, 0xea, 0x6, 0xcc, 0xaf, 0x55, 0x63, 0x94, 0x3e, 0x1b, 0x7a, 0x34, 0x61, 0xde, 0xf6, 0xcd, 0x3d, 0x54, 0xd7, 0xbe, 0x9a, 0x38, 0xdd}}
	return a, nil
}

var _apiSnapshotGetJson = []byte("\x1f\x8b\x08\x00\x00\x00\x00\x00\x00\xff\xac\x53\x3d\x8f\xdb\x30\x0c\xdd\xf3\x2b\x08\xcd\x77\xf1\xee\xad\xc3\xa1\x53\xa7\x16\xe8\x50\x1c\x0e\xb2\x44\x47\x02\x64\xd2\x15\xa9\x73\x82\x20\xff\xbd\x50\xec\x24\xbe\x43\x02\x14\x68\xd7\x47\xbe\x0f\x3d\xd3\xc7\x0d\x80\x11\xb2\xa3\x04\xd6\xed\x0e\xd5\xb4\x50\x31\x00\xe3\xd9\x95\x01\x49\xad\x46\x26\xd3\x82\x09\xaa\x63\xdb\x34\xd3\x34\x6d\x31\x59\xd1\xe8\xb6\x8e\x9b\x5d\x89\x1e\x1b\xa4\x66\xc1\x04\x6d\x76\xa1\xc9\xd8\x63\x46\x72\xd8\x0c\x56\x14\x73\x33\xb0\x2f\x09\xe5\xf9\x62\x26\xdb\xa0\x43\x32\x4f\xb3\xd9\x80\x1a\xd8\x8b\x69\xe1\x97\xf9\xfa\xf2\xc3\xbc\x2e\x78\xc9\xe9\x9a\x08\xc0\x8c\x56\x43\x8d\xd2\xbc\x5d\x64\x9a\x63\xc6\x91\x25\x2a\xe7\xc3\xa9\x39\x5e\xe0\xd3\x22\xbc\x70\x66\xe1\xbf\x60\xbd\xae\x68\x59\x65\xe5\x0d\x60\x6e\x9c\x0f\x38\x80\xd1\xc3\x88\x35\x97\x68\x8e\xb4\xbb\x7a\x2f\xac\xdf\x25\x66\xf4\x06\x5a\xd0\x5c\xf0\xc3\xd0\xa3\xb8\x1c\xc7\x4b\xc5\x5f\xe0\xe6\x01\x64\x07\x34\xd7\xe5\xd3\x8d\x77\xfd\x60\x8f\x62\xa4\x28\xfa\x2f\x21\x1c\x0f\x83\x7d\x16\x1c\x6d\xb6\x8a\x1e\xaa\x1e\x70\x0f\x17\xdf\x73\x34\x59\x65\xdb\x7c\xca\x58\xdb\xb3\xc3\xa7\xfa\xe6\x43\x78\xd3\x38\x20\x97\xfb\xd9\xa1\x05\x53\xe7\xe6\x61\xbe\xba\xf1\xb2\x1f\x53\x74\x51\x81\x47\xcc\xe7\xf3\x84\x45\x14\x7a\xce\xe0\x98\x08\xdd\x0c\x33\xcc\xae\x40\xec\x1f\x94\x19\x77\xc4\x19\xdf\x0a\xd9\x77\x1b\x93\xed\x12\x3e\xaa\xb5\x63\x4e\x68\xe9\x71\xb8\x16\xcc\xcf\x80\x1a\x30\x57\xe7\x59\x18\x56\xc2\xd7\x02\xe5\x09\x3c\xf6\xb6\x24\x95\xba\xd9\xdb\x24\x08\x53\x88\x2e\xc0\x80\x96\x04\x2c\x7c\x5f\x56\xbf\x45\x91\x48\xbb\x97\xbd\xc3\xb3\x09\x44\x01\x0d\x99\x27\xba\xff\x9c\x77\xcc\x1d\xcb\xff\x7a\x83\x04\x9e\x60\x91\xbc\x7d\xfe\x48\x3d\x03\x67\x60\x4a\x87\x79\x45\x03\x42\x67\x25\xba\x79\xd6\x73\x21\x0f\x91\xce\xf8\xea\xa4\x23\x79\xdc\x43\x97\xb8\xbb\x73\x3c\x9b\xd5\x53\x4c\xc7\xbe\xfe\x65\x54\x52\xda\xd4\xd9\x69\xf3\x27\x00\x00\xff\xff\x3a\x76\x86\x22\xab\x04\x00\x00")

func apiSnapshotGetJsonBytes() ([]byte, error) {
	return bindataRead(
		_apiSnapshotGetJson,
		"api/snapshot.get.json",
	)
}

func apiSnapshotGetJson() (*asset, error) {
	bytes, err := apiSnapshotGetJsonBytes()
	if err != nil {
		return nil, err
	}

	info := bindataFileInfo{name: "api/snapshot.get.json", size: 1195, mode: os.FileMode(0644), modTime: time.Unix(1675080317, 0)}
	a := &asset{bytes: bytes, info: info, digest: [32]uint8{0x45, 0x6f, 0xbb, 0xe5, 0x7c, 0xd0, 0xb0, 0x26, 0xf7, 0xb1, 0x97, 0x2a, 0xae, 0x53, 0xde, 0x2a, 0xec, 0x6f, 0x95, 0x49, 0xf2, 0x87, 0x45, 0x30, 0x96, 0x92, 0x41, 0x47, 0xd1, 0xb9, 0x40, 0x94}}
	return a, nil
}

var _apiSnapshotGet_repositoryJson = []byte("\x1f\x8b\x08\x00\x00\x00\x00\x00\x00\xff\x7c\x91\x41\x6b\xdc\x30\x10\x85\xef\xfb\x2b\x1e\x3a\xb5\x90\xac\xee\xbe\xf5\x10\x7a\x2f\xbd\x95\xb2\x28\xd2\x38\x16\x48\x1a\x31\x1a\x77\x1b\xc2\xfe\xf7\xa2\xb5\x37\x36\x65\x93\x9b\x99\xa7\x79\xef\xf3\x9b\xb7\x03\x60\x5a\x71\xb5\x4d\xac\xc7\x17\xd2\x93\x50\xe5\x16\x95\xe5\xd5\x0c\xe8\x32\x60\x02\xfb\x39\x53\x51\xa7\x91\x8b\x19\x60\x26\xd5\x3a\x58\x7b\x3e\x9f\x8f\x94\x5c\xd3\xe8\x8f\x9e\xed\xcb\x1c\x03\x59\x2a\x76\x9d\x35\x72\xe2\x27\x2b\x34\x92\x50\xf1\x64\xb3\x6b\x4a\x62\x33\x87\x39\x51\x7b\xbc\xe5\xb6\xe3\xa4\x39\x99\x87\x25\x2c\x93\x4e\x1c\x9a\x19\xf0\xcb\x7c\x7f\xfa\x69\x7e\xaf\xf3\x59\xd2\x3b\x11\x60\xaa\xd3\xa9\xa3\xd8\xd3\xcd\x66\x35\x58\xb5\xc5\x60\xaf\xee\xdf\xda\xb7\xed\x3f\x2f\xb7\x88\xeb\xa6\x68\xdb\xc5\x00\xe6\x4e\x21\xab\xa2\xaf\x95\x3a\x42\x8a\x6d\x0b\x5f\x0a\xa3\xe6\x25\xd6\x5b\x5d\xdf\xe0\x39\x67\xf7\xd8\xa8\x3a\x71\x4a\x01\x7d\x05\x3c\x62\x33\x47\x71\x99\x9a\x79\x77\xb9\xac\x5f\x97\x3d\x9b\xcb\xff\xc1\x2d\x8d\x9e\x34\x66\xe2\x59\xef\x02\x62\x80\xe9\xfa\xc7\x84\xfd\xc5\xd3\xdf\x9a\xa2\x8f\x0a\xae\x24\xd7\x3b\x63\x35\xc5\xc8\x02\xcf\xa5\x90\x5f\xc6\x8c\x25\x15\x85\x03\xed\x80\x37\x7f\x93\xd8\xbb\xf4\x51\x5d\xcf\xcc\x89\x5c\xf9\xb4\xb1\x1f\xa4\xb3\x14\x5c\x7d\x10\xcb\xc8\x92\xaf\x50\x0f\x08\x8c\xc2\x0a\x21\x95\x48\x7f\x08\x3a\x11\x9a\x3a\x25\x8c\xc2\x79\x8f\x86\x2f\x81\x46\x37\x27\x1d\x30\xba\xd4\xe8\xeb\x9d\x72\x0f\x3b\x72\xf3\xcc\xa1\xdf\xb8\xcc\x29\x1d\xba\x76\x39\xfc\x0b\x00\x00\xff\xff\xb9\x76\x0f\x8b\x1f\x03\x00\x00")

func apiSnapshotGet_repositoryJsonBytes() ([]byte, error) {
	return bindataRead(
		_apiSnapshotGet_repositoryJson,
		"api/snapshot.get_repository.json",
	)
}

func apiSnapshotGet_repositoryJson() (*asset, error) {
	bytes, err := apiSnapshotGet_repositoryJsonBytes()
	if err != nil {
		return nil, err
	}

	info := bindataFileInfo{name: "api/snapshot.get_repository.json", size: 799, mode: os.FileMode(0644), modTime: time.Unix(1675080317, 0)}
	a := &asset{bytes: bytes, info: info, digest: [32]uint8{0x5a, 0xc, 0x4, 0x96, 0xe9, 0x71, 0x44, 0x33, 0x11, 0xdd, 0xbd, 0xed, 0x5e, 0x4d, 0x9c, 0x29, 0xc4, 0xb2, 0xaf, 0xde, 0x26, 0xad, 0x9, 0xce, 0x11, 0x8f, 0x60, 0x61, 0x99, 0xfa, 0x69, 0xcd}}
	return a, nil
}

var _apiSnapshotRestoreJson = []byte("\x1f\x8b\x08\x00\x00\x00\x00\x00\x00\xff\xb4\x93\x3f\x8f\xdc\x20\x10\xc5\x7b\x7f\x8a\x11\xf5\x65\xe9\xdd\x45\x4a\xea\x44\xba\x74\xd1\xc9\xe2\x60\x7c\x20\x61\xc6\x19\x06\x39\xab\x95\xbf\x7b\x44\xfc\x67\x7d\xbb\xb7\x45\x8a\xb4\x33\x3c\xde\x9b\x1f\xc3\xa5\x01\x50\x39\x99\x31\x7b\x92\x13\x63\x16\x62\x54\x2d\xd4\x3a\x80\x72\x64\xcb\x80\x49\x8c\x04\x4a\xaa\x05\xe5\x45\xc6\x56\xeb\x69\x9a\x4e\x18\x4d\x96\x60\x4f\x96\xf4\x5b\x09\x0e\x35\x26\xbd\xd6\x32\x1a\xb6\x5e\x33\xf6\xc8\x98\x2c\xea\xc1\x64\x41\xd6\x03\xb9\x12\x31\x7f\xda\x0c\xf3\xc9\xcb\x10\xd5\xd3\x62\x36\xa0\x78\x72\x59\xb5\xf0\x53\x7d\xff\xf6\xfc\x43\xbd\xac\x8d\xc2\x71\x8f\x04\xa0\x46\x23\xbe\x66\xd1\xdd\x76\x8f\xbe\x30\x8e\x94\x83\x10\x9f\x67\x7d\xd9\xca\xb3\xee\xb6\x89\x9e\x8e\xe2\xc5\xe2\x5f\xe4\x2f\x07\x3d\x4b\x3e\xa4\x01\x50\x57\xf1\xbb\x3a\x80\x92\xf3\x58\x61\xaa\x2c\x1c\xd2\xdb\x1e\x62\x55\xfd\x2a\x81\xd1\x29\x68\x41\xb8\xe0\xbb\xa6\xc3\x6c\x39\x8c\x1b\xf5\xcf\x70\xf5\x80\x64\x06\x54\xfb\xe1\xf9\xaa\xdb\xdf\xf1\xff\xc5\xd8\x1c\x6e\x43\x34\x37\x61\x2a\x26\x33\xdc\x70\x5a\x96\xa0\x93\x30\x20\x95\x8f\x43\x42\x0b\xaa\xf6\xd5\xc3\x18\xf5\xc4\xd7\xdf\x63\x0c\x36\x08\xd0\x88\xfc\x77\x35\x61\xbd\x14\x7a\x62\xb0\x94\x12\xda\xa5\x4c\xb0\xb8\x42\x22\xf7\x80\xda\x64\x82\x74\x3d\x71\x67\x69\x18\x23\xae\xc3\x7e\x08\xf0\x95\x28\xa2\x49\x8f\xd3\xb5\xa0\x9e\x3d\x95\xe8\x40\x7c\xc8\x50\xe1\x62\x16\xa8\x16\x50\x92\x84\x08\xe2\xf1\x10\xdb\x9b\x0c\xab\x2d\x3a\x78\xc5\x9e\x18\x81\x51\x0a\xa7\xbb\x97\x72\xd8\x9b\x12\x2b\xb7\xde\xc4\x8c\xf7\xf0\x9b\xc3\x64\xea\x95\xdc\xb9\xc2\xda\x7f\xcd\x2d\xc4\x2f\x28\x26\xc4\x0c\xd4\xc3\xe4\x8d\x54\x54\x77\x9f\xe5\xb8\x1c\x57\xd3\x6a\x34\x37\x73\xf3\x27\x00\x00\xff\xff\x9b\x82\x0d\xfe\x3c\x04\x00\x00")

func apiSnapshotRestoreJsonBytes() ([]byte, error) {
	return bindataRead(
		_apiSnapshotRestoreJson,
		"api/snapshot.restore.json",
	)
}

func apiSnapshotRestoreJson() (*asset, error) {
	bytes, err := apiSnapshotRestoreJsonBytes()
	if err != nil {
		return nil, err
	}

	info := bindataFileInfo{name: "api/snapshot.restore.json", size: 1084, mode: os.FileMode(0644), modTime: time.Unix(1675080317, 0)}
	a := &asset{bytes: bytes, info: info, digest: [32]uint8{0x6, 0xf4, 0xcc, 0xf9, 0xa4, 0xe9, 0xdc, 0xbe, 0x87, 0x94, 0xdb, 0x81, 0xf8, 0x94, 0xea, 0xd1, 0x16, 0x61, 0xe, 0x7d, 0x6f, 0x6, 0x6, 0xee, 0x14, 0x57, 0x98, 0x4a, 0x27, 0xc, 0x5c, 0xdd}}
	return a, nil
}

var _apiSnapshotStatusJson = []byte("\x1f\x8b\x08\x00\x00\x00\x00\x00\x00\xff\x8c\x92\xbd\x8e\x1b\x31\x0c\x84\x7b\x3f\x05\xa1\xda\x67\xf5\xee\x52\x18\xa9\x52\x25\x40\x8a\xe0\x60\xd0\x5a\xae\x25\x40\x12\x17\x22\x37\x7b\x07\xc3\xef\x1e\xc8\xfb\xe3\xbd\x83\x9d\xa4\xa5\x86\xf3\x8d\x46\xba\x6c\x00\x8c\x64\xec\xc4\xb3\xee\x44\x51\x7b\x31\x7b\xa8\x63\x00\xd3\xb0\xeb\x13\x65\x45\x0d\x9c\xcd\x1e\x8c\x57\xed\xf6\xd6\x0e\xc3\xb0\xa3\x88\xa2\xc1\xed\x1c\xdb\x73\x1f\x1a\xb2\x94\xed\x34\x13\xc2\xe2\xbc\x2d\xd4\x52\xa1\xec\xc8\x26\x14\xa5\x62\x13\x37\x7d\x24\x79\x99\x79\xb2\xf3\x9a\xa2\xd9\x8e\xb0\x44\xea\xb9\xa9\xf4\x5f\xe6\xeb\xe1\x87\x79\x9d\xe6\x7d\x89\x4b\x22\x00\xd3\xa1\xfa\x1a\xc5\x1e\x67\x1b\x7b\x9c\x72\x6f\xd7\x9a\xd1\xe8\x91\xea\xc3\xee\xa5\x50\xc7\x12\x94\xcb\xfb\xf5\x7f\x24\x97\x79\x7c\x57\xbf\xae\xb8\x45\x65\x15\x16\xc0\xdc\x77\x3f\xcc\x01\x8c\xbe\x77\x54\x2f\x22\x5a\x42\x3e\x2f\xe1\xc7\xe2\x49\x5c\x09\xdd\x5c\xfb\x17\xb8\xdb\x40\xc6\x44\x66\x11\x5f\xef\x7b\xcb\x3b\x3e\x23\xc5\x20\xfa\x0f\x8e\xe3\x94\xf0\x45\xa8\xc3\x82\x4a\x0d\xd4\x15\xe0\x16\x66\xeb\x1b\x5d\x56\xf8\xcd\xa7\x18\xb5\x03\x4c\x9f\x4a\x18\xdf\xff\xa8\x21\x11\xf7\x8f\xe3\xc1\x1e\x4c\x3d\x7f\x9e\xaf\x2a\x0e\x6f\x5d\x0c\x2e\x28\x70\x47\xe5\xf6\x2b\x61\x32\x85\x96\x0b\x38\xce\x99\xdc\x38\x66\x18\xa9\x90\xb9\x79\xd2\x57\x38\x67\x2e\x74\xec\x33\xfe\xc6\x10\xf1\x14\xe9\x59\x73\x27\xe6\x48\x98\xff\x5a\xde\x4f\x4f\xea\xa9\x54\xf2\x68\x0c\x2b\xe3\xa5\x40\xd9\x42\x43\x2d\xf6\x51\xa5\x2a\x5b\x8c\x42\x30\xf8\xe0\x3c\x24\xc2\x2c\x80\xf0\x7d\x92\x7e\x0b\x22\x21\x9f\x0f\x6f\x8e\x6e\x10\x08\x02\xea\x0b\x0f\xf9\x41\xff\x9b\xd5\xe5\xcc\x89\x9b\xfa\xdd\x72\x1f\xe3\xa6\x9e\x5d\x37\x7f\x02\x00\x00\xff\xff\x0e\xac\x9f\x37\xe8\x03\x00\x00")

func apiSnapshotStatusJsonBytes() ([]byte, error) {
	return bindataRead(
		_apiSnapshotStatusJson,
		"api/snapshot.status.json",
	)
}

func apiSnapshotStatusJson() (*asset, error) {
	bytes, err := apiSnapshotStatusJsonBytes()
	if err != nil {
		return nil, err
	}

	info := bindataFileInfo{name: "api/snapshot.status.json", size: 1000, mode: os.FileMode(0644), modTime: time.Unix(1675080317, 0)}
	a := &asset{bytes: bytes, info: info, digest: [32]uint8{0x8e, 0xa3, 0x7b, 0x4c, 0x24, 0x24, 0x43, 0xed, 0xe5, 0x82, 0x6a, 0x7f, 0x34, 0x79, 0x9e, 0x6b, 0xb0, 0xa6, 0x4e, 0x8a, 0x40, 0x6b, 0x37, 0x21, 0xd2, 0x64, 0xc2, 0xef, 0xf9, 0xa5, 0xe4, 0x53}}
	return a, nil
}

var _apiSnapshotVerify_repositoryJson = []byte("\x1f\x8b\x08\x00\x00\x00\x00\x00\x00\xff\xbc\x92\x31\x6f\xdb\x30\x10\x85\x77\xfd\x8a\x03\xe7\x56\xdc\xb5\x75\xe8\xdc\x02\xed\x56\x18\x02\x4b\x9e\x2d\x02\x22\x8f\x39\x1e\xe3\x18\x86\xfe\x7b\x20\xc9\x8e\xe5\xc8\x82\xb7\xac\xc7\xf7\xf8\xbe\x47\xde\xb9\x02\x00\x50\x39\x9a\x94\x3b\x92\xfa\x15\xd9\xef\x4f\x2d\x63\xa2\xec\x85\xf8\xa4\x1a\x98\x35\x93\xce\x91\x2d\x01\xa3\x18\xf1\x14\x55\x03\xaa\x13\x49\x8d\xd6\xc7\xe3\xb1\xc6\xde\x64\xf1\xb6\xb6\xa4\x0f\xc5\x3b\xd4\x18\xf5\x65\x96\xd1\xb0\xed\x34\xe3\x1e\x19\xa3\x45\x1d\x4c\x16\x64\x1d\xc8\x95\x1e\xf3\xf7\x6b\x7c\xae\x3b\x09\xbd\xfa\x76\x0b\x0c\x28\x1d\xb9\xac\x1a\xf8\xa7\x7e\xff\xfa\xf3\x57\xed\x16\x87\x85\xfb\x3b\xbc\x69\x98\x8c\x74\x23\x99\x6e\xaf\xb7\xea\xf3\xad\xce\xa0\xdb\xb9\xe2\x22\xe4\xc3\x36\xc7\x3c\x33\xee\x56\x4e\x96\xbc\xe2\x98\x8e\x36\x9e\xf1\x4e\x23\xa7\x84\x23\x6f\x16\xf6\xf1\xf0\x09\x6b\x71\xd3\x4b\xf1\x8c\x4e\x41\x03\xc2\x05\x37\x64\x0e\xb3\x65\x9f\xae\xbf\xf3\x03\x6e\x04\x10\x4d\x40\xb5\xb2\x0d\x77\x93\x61\xdd\xcd\x84\x8d\x72\xf3\x1f\xb6\xe2\x03\x52\x91\x27\x05\xa1\x01\x35\x2a\xb7\xfa\x2d\xc1\x47\xed\xcf\xb7\xd4\x7b\xeb\x05\x28\x21\x4f\xdb\x06\x97\x20\xd8\x13\x83\xa5\x18\xd1\xce\x63\x82\x99\x04\x22\xb9\x47\x05\xd7\x89\xea\xab\x99\x9f\x3e\x7b\xf5\x80\x56\xfd\x27\x37\xee\x4d\x2c\x7d\x5f\xcd\xaa\xa1\x7a\x0f\x00\x00\xff\xff\xe1\x2e\x44\xdf\xb0\x03\x00\x00")

func apiSnapshotVerify_repositoryJsonBytes() ([]byte, error) {
	return bindataRead(
		_apiSnapshotVerify_repositoryJson,
		"api/snapshot.verify_repository.json",
	)
}

func apiSnapshotVerify_repositoryJson() (*asset, error) {
	bytes, err := apiSnapshotVerify_repositoryJsonBytes()
	if err != nil {
		return nil, err
	}

	info := bindataFileInfo{name: "api/snapshot.verify_repository.json", size: 944, mode: os.FileMode(0644), modTime: time.Unix(1675080317, 0)}
	a := &asset{bytes: bytes, info: info, digest: [32]uint8{0x0, 0xdc, 0x22, 0xde, 0x2, 0x64, 0x1c, 0x86, 0xfd, 0x5, 0x9a, 0xee, 0x14, 0xdc, 0x5a, 0x4c, 0xb0, 0xfa, 0x8d, 0xf7, 0xca, 0xc5, 0xc9, 0xf7, 0xc3, 0xb1, 0xee, 0x38, 0x79, 0x44, 0x90, 0x32}}
	return a, nil
}

var _apiTasksCancelJson = []byte("\x1f\x8b\x08\x00\x00\x00\x00\x00\x00\xff\xb4\x92\x4f\x8b\x14\x31\x10\xc5\xef\xf3\x29\x1e\xb9\xa8\xb0\xdb\xc1\x6b\x7b\x12\xbd\x08\x82\xc2\x7a\x93\xa5\x37\x93\xd4\x4c\x07\xf3\xa7\x49\xaa\x1d\x86\x65\xbe\xbb\xa4\x13\x67\x7a\x57\x77\xf0\xe2\xa9\x9b\xaa\xca\x7b\xbf\x2a\xde\xe3\x06\x10\xac\xf2\x8f\xdc\x69\x15\x34\x39\xd1\xa3\xd4\x00\x61\xa2\x9e\x3d\x05\x56\x6c\x63\x10\x3d\xc4\xc8\x3c\xf5\x52\x1e\x0e\x87\x8e\x9c\xca\x6c\x75\xa7\xa3\xdc\xcf\xd6\x90\xa4\x20\x5b\x2d\x93\x4a\x7a\x94\x89\x76\x94\x28\x68\x92\x5e\x65\xa6\x24\xab\xc9\xc8\xde\x89\x9b\x6a\xe0\x89\xc7\x68\xb2\xe8\xf1\x5d\x7c\xfd\x72\xf7\x4d\xdc\xb7\xc6\x9c\x2e\x18\x80\x98\x14\x8f\xc5\x5f\x0e\x8b\x46\x7b\xde\x1a\xf5\x79\x6b\xc9\xa1\x2d\x71\x73\x9e\x96\x8f\xe5\x33\x58\x73\x3a\x37\xef\x57\x02\x89\xf3\xca\xaa\xdd\x62\xb0\xe6\x49\xb1\x94\x8f\x13\x15\x86\xcc\xc9\x86\xfd\x19\xa1\x1e\x8a\xb2\x4e\x76\xfa\x7d\xa6\x0f\x8b\x0b\x78\x24\x14\x31\x1c\x2c\x8f\xc8\x13\x69\xbb\xb3\x64\x6a\xcd\x1a\xbc\x0e\xd1\xd0\x60\x4d\xbf\x38\x86\xd9\x6f\x29\xbd\x11\x67\xdd\x53\xfb\x3b\xad\x61\x95\x7f\x46\x5b\x34\xf2\x4b\xac\xce\x66\xbe\x4a\xfa\x1e\x3a\x7a\xaf\x6e\x33\x15\x6d\x26\x83\xf2\x04\x71\x87\xa2\x8b\x4f\x1f\x33\x62\x42\x50\x9e\x32\x38\xc2\x59\x6f\x79\xd9\x2b\x11\xcf\x29\x90\x81\x0d\xbb\x98\xfc\x92\x90\x77\x98\x33\xe1\x61\x70\x51\x2b\xf7\x50\xe6\xeb\xd4\x7a\x06\xbb\x14\xfd\xa2\xb0\x18\x1c\xe3\xfc\x2a\x11\x74\x0c\x81\x34\xdb\xb0\x07\xc7\x1b\x38\x52\x3f\x09\xe4\x27\x3e\x16\x95\x3d\xf1\x9f\x12\xca\x39\xd4\xdd\x2f\x07\xbb\x6c\x2a\x94\x2e\xa3\xff\xe3\x30\x4d\x19\x3c\x2a\x46\x1e\xe3\xec\x0c\xb6\x84\x9a\x2c\x47\xa6\xc3\xe7\xa7\xf8\xb5\x53\x80\xbb\xbf\xb3\x4e\x2a\x51\xe0\xe1\x5a\xee\xf0\x0f\xc1\xc3\x2a\x79\x25\xf7\xcf\x63\x57\x6d\xae\xa7\xaf\xc3\x1d\x71\x81\xbe\x7d\xfb\x32\xfa\x66\xfd\x6d\x8b\x88\x6d\x34\x47\xd1\x23\xcc\xce\x6d\x4a\xef\xb4\xf9\x15\x00\x00\xff\xff\xb6\x92\xca\xa1\x59\x04\x00\x00")

func apiTasksCancelJsonBytes() ([]byte, error) {
	return bindataRead(
		_apiTasksCancelJson,
		"api/tasks.cancel.json",
	)
}

func apiTasksCancelJson() (*asset, error) {
	bytes, err := apiTasksCancelJsonBytes()
	if err != nil {
		return nil, err
	}

	info := bindataFileInfo{name: "api/tasks.cancel.json", size: 1113, mode: os.FileMode(0644), modTime: time.Unix(1675080317, 0)}
	a := &asset{bytes: bytes, info: info, digest: [32]uint8{0xd7, 0xb9, 0x2b, 0x9d, 0xbc, 0xa8, 0xcf, 0x82, 0xf7, 0xa2, 0xd7, 0x56, 0xe6, 0xb5, 0xdd, 0x65, 0xe1, 0x5, 0x60, 0x43, 0xe2, 0x29, 0x1f, 0xb5, 0xe1, 0x74, 0xbb, 0xff, 0xba, 0x8b, 0x6a, 0x68}}
	return a, nil
}

var _apiTasksGetJson = []byte("\x1f\x8b\x08\x00\x00\x00\x00\x00\x00\xff\x7c\x92\x4f\x6b\x1b\x31\x10\xc5\xef\xfe\x14\x83\x4e\x29\x04\xeb\xbe\xf7\xd0\x7b\x29\xf4\x50\xc2\x22\x4b\xb3\xd6\x50\xfd\xeb\x68\xc4\x36\x04\x7f\xf7\xa2\xb5\x62\x36\x4d\xe3\xd3\x2e\x6f\x86\xf7\x7b\x6f\xd0\xeb\x01\x40\x89\xa9\xbf\xea\xf1\x8c\xa2\x26\xe8\x02\x80\x72\xd9\xb6\x88\x49\x8c\x50\x4e\x6a\x02\xe5\x45\xca\xa4\xf5\xba\xae\x47\x0c\xa6\x0a\xd9\xa3\xcd\xfa\xdc\xc8\xa1\xc6\xa4\x87\x56\xd1\xb0\xf5\x9a\x71\x41\xc6\x64\x51\x47\x53\x05\x59\x5f\x09\x5e\x62\x50\x8f\x57\x40\x44\xf1\xd9\x55\x35\xc1\x4f\xf5\xf5\xe9\xbb\x7a\x1e\x7a\xe3\x70\x4b\x01\xa0\x8a\x11\xdf\xf1\x7a\xde\x2c\xf4\x6b\xff\xcc\xe4\x2e\xc3\x67\xac\x5c\x7d\x3e\x2e\x3d\xef\xb6\x58\xea\xce\x79\xd4\x9e\xc9\xbd\x13\xbb\xfc\x52\xb0\x23\xab\x30\xa5\xf3\x8d\xb3\xcd\x18\x7f\x37\x62\x74\x0a\x26\x10\x6e\xf8\x6e\xe8\xb0\x5a\xa6\xf2\x76\xb1\x6f\x28\x8d\x13\x88\x47\xe8\x24\x58\x49\x3c\xd4\x82\x96\x16\x42\x07\xe4\xe0\x21\x65\x87\x33\xb9\x69\x4b\x92\x5a\x3c\x21\x7f\x51\x37\xcb\xcb\xf8\xbb\xec\x4b\x98\xf8\x4f\x8b\xd5\x90\xcc\x4b\xe6\xd9\xe6\x58\x02\x0e\xfa\x7f\x1b\x9d\x72\x0e\x68\x92\xba\x97\xfa\x87\x21\x81\x25\xf3\x96\x3b\x1a\xb1\x9e\xd2\x79\x2b\x50\x41\x32\x0c\x08\xc2\x83\xc3\xc5\xb4\x20\x13\x2c\x26\x54\xdc\xc7\x7e\xdc\x9d\x98\x22\xe6\x26\x9f\x05\xea\xe3\xbb\x69\x9e\xfe\x94\x40\x96\x04\x72\x41\xde\xde\x22\xbc\x59\x7e\x3c\xd3\x61\x47\x57\xa7\xec\x5e\xd4\x04\xa9\x85\x70\xe8\xb3\xcb\xe1\x6f\x00\x00\x00\xff\xff\xf6\xa7\xd8\x00\xeb\x02\x00\x00")

func apiTasksGetJsonBytes() ([]byte, error) {
	return bindataRead(
		_apiTasksGetJson,
		"api/tasks.get.json",
	)
}

func apiTasksGetJson() (*asset, error) {
	bytes, err := apiTasksGetJsonBytes()
	if err != nil {
		return nil, err
	}

	info := bindataFileInfo{name: "api/tasks.get.json", size: 747, mode: os.FileMode(0644), modTime: time.Unix(1675080317, 0)}
	a := &asset{bytes: bytes, info: info, digest: [32]uint8{0xf6, 0xdb, 0x32, 0xf8, 0x25, 0x1f, 0x8a, 0x3d, 0xdc, 0x58, 0x7c, 0xad, 0x3a, 0x60, 0x26, 0x64, 0x64, 0x5c, 0x38, 0xed, 0x3e, 0x4d, 0x8a, 0xdf, 0xc6, 0xc6, 0x2d, 0x10, 0xd6, 0x7, 0x24, 0x5c}}
	return a, nil
}

var _apiTasksListJson = []byte("\x1f\x8b\x08\x00\x00\x00\x00\x00\x00\xff\xb4\x94\x41\x6b\x1b\x3f\x10\xc5\xef\xfe\x14\x83\x2e\xff\x04\x1c\x2f\xff\xeb\xf6\x54\x68\x08\x85\x9e\xda\x42\x0f\x25\x6c\x64\x69\xd6\x2b\x2a\x69\x84\x34\xaa\x6b\x42\xbe\x7b\x91\xb4\x8e\x6d\x6a\x9b\x50\xe8\x6d\xd1\x48\xef\xbd\xf9\x69\xb4\xcf\x0b\x00\xc1\x32\xfd\x48\x2b\x6b\x12\x8b\x1e\xca\x0a\x80\xd0\xa4\xb2\x43\xcf\x92\x0d\x79\xd1\x83\x98\x98\x43\xdf\x75\xdb\xed\x76\x85\x56\x26\x36\x6a\xa5\xa8\xdb\x64\xa3\xb1\x43\xdf\xcd\x6b\x09\x65\x54\x53\x17\x71\xc4\x88\x5e\x61\xe7\x64\x62\x8c\x5d\xb3\x98\xd8\x59\xb1\x6c\x06\x0e\x79\x22\x9d\x44\x0f\xdf\xc5\xc3\xfd\x57\xf1\x38\xaf\xe7\x68\x5f\x53\x00\x88\x20\x79\x2a\xf6\xdd\x50\x25\xe6\xd3\x73\xa1\x9d\xde\x97\x1e\x8f\x6a\x91\x4b\xed\xf9\xe5\x78\x49\xba\x74\xa4\x0c\x20\x3c\x69\x3c\x5d\x2a\x30\x76\x01\x8b\x61\xc5\xb1\x3c\xae\x68\x4c\x2a\x9a\xb0\x07\xf2\x1e\x14\x39\x27\xef\x12\x16\x6d\x46\x0d\xe5\x08\xd0\x08\x45\x17\x3e\x7e\x48\x40\x11\xbc\x74\x98\x80\x09\xac\x71\x86\x81\x27\x84\x88\x9c\xa3\x47\x0d\xc6\x8f\x14\x5d\x25\xfc\x0e\x72\x42\x78\x1a\x2c\x29\x69\x9f\xca\xfe\xb6\xeb\x78\x0f\x8c\x91\x5c\x55\xa8\x06\x3b\xca\xff\x45\x04\x45\xde\xa3\x62\xe3\x37\xc0\xb4\x04\x8b\xf2\x27\x02\xba\xc0\xbb\xa2\xb2\x41\xfe\x53\x42\x5a\x0b\xad\xf7\xd7\xf6\x5e\x0e\x9d\x0a\xa9\xca\xd6\x7f\x01\x66\x56\x06\x9e\x24\x43\x9a\x28\x5b\x0d\xeb\x03\x90\x15\x7c\x3a\x4d\x3f\x33\x90\xd6\xae\xce\x47\xd5\xc8\xd2\x58\xd4\x97\xb2\xae\x89\x2c\x4a\x7f\x35\xee\xe7\x66\xb2\x97\x82\x32\x4c\x27\xcc\x6e\x34\x8e\x32\x5b\xee\x61\x94\x36\xe1\xed\xf9\x28\x41\x46\xf4\x5c\x47\x71\x30\xe7\x03\x41\x0f\x22\x71\x34\x7e\x73\x39\x10\x1c\x12\xd5\xa9\x86\xad\xe1\x09\x52\x40\x65\x46\x83\x1a\x9a\xcd\x1c\x52\xc3\x4d\xb9\xc7\xc1\xe8\xbe\xfa\xfa\xec\xd6\x18\x6f\x57\xf0\x05\xb9\xf0\xbb\xfb\xff\x4d\x14\xb7\xd2\xf0\x30\x52\x1c\x14\xb9\x60\x71\x06\xf3\xd7\x40\xbf\x49\xc3\x30\x52\xac\xa3\xea\x24\xab\xa9\x0e\x67\xed\x86\x09\x66\x13\x7c\x23\xd7\x4d\xa4\x1c\x86\xf5\xee\x22\x51\xf4\xd9\x5d\xcd\xf3\x50\x14\x66\xff\xf5\xae\x4d\x7e\x79\x9a\x0d\x65\xa7\x26\x63\x35\x44\xb4\xf5\xb6\xd3\x64\x42\x3a\x95\xa3\xd0\xde\x03\x94\x9f\x4d\x7b\x37\xcb\xfd\x7d\xd7\x4f\x4f\x1e\x0f\x7f\x9f\x39\x42\x6d\xad\x06\xbc\xf2\xd4\xd8\x38\xa4\xcc\x97\x68\x97\xf2\xd5\xd6\xee\x7f\x05\x6b\x94\x61\xa0\x80\xb1\x4d\xeb\x5e\xf2\xe0\xb7\x58\xec\x3f\x8e\xec\xc5\x9a\x74\x61\xea\xb3\xb5\x8b\x52\x7b\x59\xfc\x0e\x00\x00\xff\xff\x95\x58\xf5\xd1\x0c\x06\x00\x00")

func apiTasksListJsonBytes() ([]byte, error) {
	return bindataRead(
		_apiTasksListJson,
		"api/tasks.list.json",
	)
}

func apiTasksListJson() (*asset, error) {
	bytes, err := apiTasksListJsonBytes()
	if err != nil {
		return nil, err
	}

	info := bindataFileInfo{name: "api/tasks.list.json", size: 1548, mode: os.FileMode(0644), modTime: time.Unix(1675080317, 0)}
	a := &asset{bytes: bytes, info: info, digest: [32]uint8{0x8f, 0xa0, 0xec, 0x4, 0xe1, 0xf, 0x51, 0x81, 0x1a, 0x45, 0xac, 0x94, 0x79, 0x5b, 0x78, 0xdc, 0x41, 0xb9, 0x70, 0xb2, 0x9a, 0xa6, 0xbf, 0xab, 0x85, 0xcf, 0x77, 0xd, 0x26, 0x44, 0xef, 0x68}}
	return a, nil
}

var _apiTermvectorsJson = []byte("\x1f\x8b\x08\x00\x00\x00\x00\x00\x00\xff\xbc\x56\x4d\x6f\xe3\x38\x0c\xbd\xe7\x57\x10\x3a\xed\x02\x6d\x7c\xef\x6d\x81\x1d\xec\x71\x07\x68\x6f\x83\x41\xa1\x4a\x74\x2d\x40\x16\xbd\x14\xdd\x34\x28\xf2\xdf\x17\x54\xdc\xd8\x71\x13\xb7\x93\x0e\x7a\x6a\xa3\x8f\xc7\xf7\x1e\x69\x8a\x2f\x2b\x00\x23\xc8\xed\x13\x3a\x21\xce\x06\x6e\x40\xd7\x00\x8c\x27\xd7\xb7\x98\xc4\x4a\xa0\xa4\xeb\xa6\x11\xe9\x6e\xaa\x6a\xb3\xd9\xac\x31\xda\x2c\xc1\xad\x1d\x55\x8f\x7d\xf0\x58\x61\xaa\x86\xb5\x8c\x96\x5d\x53\x31\xd6\xc8\x98\x1c\x56\xad\xcd\x82\x5c\x79\x72\xf9\x7a\x12\x6a\xdd\x48\x1b\xcd\xd5\x3e\x58\x8b\xd2\x90\x2f\xe1\x7f\x98\x7f\xbe\xdd\x99\x2b\x30\xdf\xff\xbd\xbd\x33\x3f\x87\x03\x3d\xc7\x91\x1b\x80\xe9\xac\x34\x85\x54\xf5\x12\x92\xc7\xe7\x5d\xf5\x22\xdb\x0e\x77\xd5\xfd\x54\xcd\xd5\xf4\xf8\x80\xbe\x7c\xe1\x2d\xe0\x4b\xf0\xb3\x43\x3f\x27\xb0\x2c\x79\xca\x0b\xc0\x94\xdb\xc7\x6b\x60\x14\xaa\xd0\xcd\xc2\x21\x3d\x1e\x88\x15\xa3\x31\x3b\x0e\xdd\xc1\xe6\xbb\x06\xa1\x80\x40\x48\xb0\x69\x82\x6b\x40\x1a\x84\xd7\x7c\x00\x63\x0e\x1e\xf3\xfa\x08\x84\xf1\xbf\x3e\x30\x7a\x45\x10\xee\xf1\xb0\xb5\x1b\x4f\x1d\x58\x4c\x98\x2d\x52\x3b\xcd\x4d\x2f\x00\xd5\x47\xa4\xd6\xc7\xd7\x3e\xc4\x26\xf8\x39\x97\x65\x32\x67\x9c\xf2\x73\x2e\x57\xb0\x69\x30\x41\x22\x81\xdc\xa1\x0b\x75\x40\x0f\x56\xb7\xa1\xb3\x6c\x5b\xc8\x0d\xf5\xd1\xc3\x03\x42\xee\xbb\x2e\x06\xf4\x6b\x33\xc6\xd9\xad\x66\x54\x4d\xb9\x95\xcd\x51\x96\xb5\x1e\xee\xb3\x7e\x1c\xa5\xe6\xcf\xbb\xfa\x40\x14\xd1\xa6\x65\x5b\x6f\x07\x9e\x19\x42\x0d\x42\x62\x23\x68\x00\xa8\xd5\x48\x4c\x6e\x0b\x36\xf9\xb1\x02\xc6\xe5\x51\x0a\xa3\xf4\x9c\x54\xca\x2c\x52\x6d\xfb\x28\x1a\xa5\xb6\x31\xe3\xd9\x34\x95\xdd\x93\x79\xaa\x03\x46\xbf\xa0\xf5\x1d\xb1\xef\xa8\x3d\x88\x72\xd4\x6b\xee\x72\xdf\x6a\x42\xdf\x68\xd5\xe3\x6a\xc2\xb0\x7f\xc2\x24\x3d\xf1\x9e\x1f\x47\x86\x68\x65\x1e\x6f\xfe\x82\x21\x0b\x29\x8f\x21\xcb\x72\xbe\xff\x02\x47\x6d\x6b\xaf\x33\x6a\x6d\x09\x7a\xd0\x3b\xaa\x6b\x8f\x0d\x42\x83\x80\x85\x0f\xeb\x3c\x41\xaa\xeb\x8c\xf3\xc6\xf4\xc9\xa2\x54\xa7\x07\xdc\x5f\xaa\xba\xb9\xc9\x1f\x94\xd0\x51\x0e\xca\xe4\xf7\x8b\x38\x20\x7f\x89\x0c\xbb\x8d\x64\x97\x8a\xe5\x52\x15\x03\xf0\x97\x88\x38\xbc\xe5\x9f\x7b\x3c\xf6\x2a\xb6\xa5\x59\x27\xf2\x08\xc4\x90\x1b\xcb\xbe\xac\x50\x87\x5c\x66\x8d\x89\xa4\x0e\xb9\x26\x6e\xd1\x03\x25\xf8\x63\x50\x72\x03\x6c\x93\xa7\xf6\xcf\x8b\xbe\x0d\xa6\x5e\x94\xe9\x6f\x50\x12\x1c\x0c\x68\xf0\x64\x63\x8f\x17\xf1\xe9\x2c\x63\x12\xf3\x19\x36\xdf\x0b\xc4\xf0\x12\xbe\x36\xce\x7c\x99\x3b\x68\xa3\x84\x16\x4f\xf2\xf9\x48\xb5\xce\x8b\xb5\xf4\xe6\x2c\x10\x32\x28\xf6\xb5\x82\x83\xcd\x40\x5d\x47\x19\xbd\x36\xba\x84\x96\xaf\xc7\xcd\x31\xcd\x5a\xae\x67\x93\xbc\xa4\xe2\x09\x39\x0f\xe6\x9c\x76\x35\xf5\xed\x03\xf2\xb2\xab\xdf\x9e\xbb\x18\x5c\x10\x18\xd0\x60\x7f\x09\x6a\x62\x70\x94\x5c\xcf\x5c\x9e\x60\x47\x49\x98\xa2\x59\x62\x72\x3f\xf8\x77\x9a\x0d\xa6\xbe\x3d\xe6\x42\xdd\xa1\xf7\xfd\x30\x21\x09\x72\xb2\x51\x87\x53\x7c\x7e\xfb\xff\xfd\xa3\xa0\xfe\xae\x89\x1d\x8e\xc3\xe9\x72\xe1\xbe\x8a\x2a\x24\x46\xea\xab\xe9\xdf\x41\x88\x79\x20\xbf\x9d\x90\x7f\x03\xfa\x37\xd6\x21\xe1\x7e\xb8\x42\x41\xde\x3f\xd4\xfa\x71\xeb\x78\xb5\xdd\xcf\x5e\xfb\xd7\x5c\x08\x1e\x51\x60\x32\x4d\xab\x9f\x6b\xb8\xc5\x71\x7e\x2b\x4d\x60\x4c\xfb\x99\xca\x55\x8a\xbb\xd5\x6e\xf5\x7f\x00\x00\x00\xff\xff\xbf\xc8\x01\x77\xc2\x0c\x00\x00")

func apiTermvectorsJsonBytes() ([]byte, error) {
	return bindataRead(
		_apiTermvectorsJson,
		"api/termvectors.json",
	)
}

func apiTermvectorsJson() (*asset, error) {
	bytes, err := apiTermvectorsJsonBytes()
	if err != nil {
		return nil, err
	}

	info := bindataFileInfo{name: "api/termvectors.json", size: 3266, mode: os.FileMode(0644), modTime: time.Unix(1675080317, 0)}
	a := &asset{bytes: bytes, info: info, digest: [32]uint8{0x8d, 0x5, 0x7e, 0x2b, 0x96, 0xda, 0x59, 0xf, 0x8f, 0x30, 0x85, 0x4, 0xb, 0x90, 0x4f, 0x9b, 0x6f, 0x1c, 0x9f, 0xfe, 0x56, 0x51, 0x83, 0x1, 0xd3, 0x91, 0xbc, 0x6, 0xd6, 0x42, 0xeb, 0xff}}
	return a, nil
}

var _apiUpdateJson = []byte("\x1f\x8b\x08\x00\x00\x00\x00\x00\x00\xff\xb4\x96\xcd\x6e\xe3\x36\x10\xc7\xef\x7e\x8a\x81\x4e\xbb\xa8\xd7\xea\x5e\x73\x2b\x90\x1e\x72\x6a\x81\x04\xe8\xa1\x58\xc8\x34\x39\xb2\x88\x52\xa4\x76\x38\x8c\x63\x04\x7e\xf7\x62\x48\xc9\x96\x53\xdb\x48\x37\xed\x29\xb1\x48\xce\xff\xc7\xe1\x7c\xbd\x2e\x00\xaa\x34\x18\xc5\x58\xdd\x81\xfc\x02\xa8\x4c\xd0\xa9\x47\xcf\x8a\x6d\xf0\xd5\x1d\x54\x1d\xf3\x70\x57\xd7\xbb\xdd\x6e\x85\x4e\x45\xb6\x7a\xa5\x43\xbd\x4d\xd6\x60\x8d\xbe\x1e\xbf\x45\x54\xa4\xbb\x9a\xb0\x45\x42\xaf\xb1\xee\x55\x64\xa4\xda\x04\x1d\xbf\x14\x8d\x55\xc7\xbd\xab\x96\x45\xa6\x47\xee\x82\x89\xd5\x1d\xfc\x59\xfd\xfe\xdb\xe3\x53\xf5\x6d\x5c\x48\xe4\x8e\x30\x00\xd5\xa0\xb8\x13\x8a\xfa\xd5\x7a\x83\x2f\x87\xfa\x95\xf7\x03\x1e\xea\x57\x6b\x0e\x75\x33\xc2\x2f\xe7\xbb\x8b\xcd\xdb\xfb\x67\xf6\x1a\x13\xf4\xf9\xea\xb7\x99\x39\xe2\x38\xa3\x01\xa8\xac\x39\xfb\x0d\x50\x89\x7d\x21\x8c\x4c\xd6\x6f\x8f\x2c\x79\x8d\xf0\x7b\xb2\x84\x72\x86\x29\xe1\xd9\x9a\xc1\xa8\xc9\x0e\x93\x9b\xef\x47\xbf\xc3\xc3\x7d\x75\xdc\x76\x58\xce\x94\x85\xf7\x7f\x12\x7f\xea\x10\xbc\xea\x11\x42\x0b\xdc\x21\x14\xad\x8b\x18\xa3\xe2\xbb\x29\x2e\x28\xc9\xf6\x49\x69\x0a\xb7\x99\xd8\xe2\x8d\xa8\x3c\x83\xea\xdf\xbe\x83\xd7\x2e\x19\x6c\xc4\x56\x23\xe8\x17\x99\xe0\x1d\x50\xb2\xe7\x8f\x0e\xb9\x43\x02\x0e\xa0\x8c\xc9\x60\x19\x32\xfb\x84\x43\xfe\x40\x18\x87\xe0\x23\x5e\x76\xcb\x4e\x59\x6e\xda\x40\x8d\xd2\x6c\x9f\xb1\x89\x9d\x22\x13\x3f\xe0\xa8\x47\xe4\x98\x75\x7d\xea\x37\x48\xe2\xaf\x6c\x13\x74\x18\x2c\xca\x92\x62\xe8\x53\x64\xd8\x20\x14\x51\xd8\x60\x1b\x08\x61\xa0\xa0\x11\x8d\xf5\x5b\xd8\x59\xee\xb2\x95\x12\xdb\x10\x06\xa4\x9c\xd9\x2b\xb8\xc7\x56\x25\x27\x22\x01\xbe\x2e\xa1\x47\xe5\xe5\x84\x6c\x1e\xc8\xf6\x8a\xf6\xa3\x60\xf0\x6e\xbf\x82\x47\x64\xd9\xb9\x56\xce\xad\xa1\x0d\x04\xca\xb9\x33\xa2\x25\x04\xf1\xe1\xce\x46\x84\x58\x36\x2b\xbf\x07\x1f\xfc\x17\x8f\x5b\x95\x01\x9f\x95\x4b\x08\x0e\x63\xe6\xf7\x10\x08\xf0\x7b\x52\x6e\xf2\x31\x07\x56\x6e\x76\xe3\xf1\xae\x22\x27\xcb\x45\xee\xd3\x69\x9d\x70\x70\x56\xab\x08\x3f\xc1\xd7\xcf\x97\x1f\xa6\x89\x21\x91\xbe\x1e\x1e\xce\x46\xbe\x1d\x1c\x4f\x94\x50\x48\x5b\xe5\x62\x8e\x06\x42\x4e\xe4\x33\xd1\x68\x1d\x5a\x8b\xce\xc8\x26\x1f\x78\x29\x7f\x15\x88\x61\x61\xcc\x4b\xf1\x74\xee\x26\x66\x83\x2f\x39\xae\x3f\x80\xfb\xcb\x05\xe5\xd1\x2a\xb4\x14\xfa\x31\x98\x05\x05\xcd\xf9\x05\x6e\xa3\x8d\x29\xf7\x9f\xa3\x31\x29\xcd\xa0\xbc\x99\x1c\x7b\xa4\x7c\x07\x9c\x53\x7e\xfb\xc1\x72\x54\x3e\x80\x58\x4a\x6a\x8b\xf0\xc9\x94\xcc\xb8\x83\x41\x59\x2f\xc1\x7a\x25\xb4\x06\x45\x52\xb9\x7e\x5c\xfd\xe1\x7e\x2a\x83\xc5\xd4\xb1\x1a\xae\xe0\x21\x82\x8d\x39\xf5\x20\x45\x34\x39\x05\x28\x24\x96\x14\x15\x57\xed\x3a\xf4\xc7\xbc\x48\x43\x44\x62\x90\x82\x8f\x91\x2f\xc3\x12\xb6\x84\xb1\xbb\xfa\x7a\xe8\x53\x7f\x0e\x1b\x32\x67\x69\xa7\xd2\x40\xa4\x6d\xe6\x1c\x90\x7f\xa6\x7a\x77\xea\x96\x17\x5f\xfc\xa1\x85\xb5\x9c\x5d\x0b\xa7\x87\x11\x22\x43\x63\xdb\xa2\x66\x34\x25\xab\x73\x2c\xf4\xea\x2f\x04\xee\xe4\xe2\x53\x9d\x82\x67\x1b\xed\xc6\xe5\xbc\x2b\x33\xc6\x12\x6c\x0b\xeb\x49\x7f\x34\x2c\x3f\x4b\x55\x3a\x69\xfc\x2b\x7b\xf9\x62\x6b\xf8\x94\x7b\x52\x79\xff\xcf\xc5\xb4\x09\x92\xd4\xdd\xb1\x9a\x8e\xf6\x31\xae\xae\x39\x9a\x69\xdf\x04\xdf\xe8\xe0\x5b\x67\xf5\xd5\x00\x29\x65\xec\x76\x13\x18\x50\xdb\x76\x0f\x5d\xd8\x41\x2f\xd5\x94\x6d\x8f\x11\x62\x17\x92\x2b\x6d\xea\x74\xb1\x4d\xce\x6a\xb2\x38\x06\x87\x82\x09\x00\x82\xd6\x89\xe2\x2c\xb0\x7f\xbe\x12\xd1\x63\x84\x7d\xa4\x6d\x65\x62\xab\x8f\xc1\x9a\x4b\xfe\x95\x51\xc2\xf6\x18\xd2\x55\xff\xc8\xf2\x4d\xad\x5f\x5f\xa4\xfa\x5b\x9e\x39\x61\x32\x79\x51\xef\x19\x29\x96\xa3\x3f\xfa\x1e\x47\xc5\xd1\xd4\xd4\xaa\x24\xf2\x74\xf0\x3a\x91\x0c\xbf\x7b\xf9\x9f\x29\xb8\x9b\x18\xcd\xad\x49\xea\x76\x36\x5a\xcf\x48\x5e\xb9\x9c\x91\x41\xba\xdb\xf5\x2c\x9c\xbf\xc9\x44\x9d\x55\xfe\x39\x70\x2d\x66\xa4\xd5\x26\x98\xfd\x7c\x10\xbf\x50\x38\xc7\x7a\x23\xf9\x62\xbd\xcd\xfe\x1f\x67\xce\x08\x68\xf3\x40\xb5\x2e\x87\xd6\xd2\x12\x65\x9a\xb6\xca\xc1\xda\x04\xbd\x3e\xcd\xec\x6f\xc6\xd4\xc5\x84\x72\x58\x1c\x16\x7f\x07\x00\x00\xff\xff\x31\x08\xce\xce\xa2\x0c\x00\x00")

func apiUpdateJsonBytes() ([]byte, error) {
	return bindataRead(
		_apiUpdateJson,
		"api/update.json",
	)
}

func apiUpdateJson() (*asset, error) {
	bytes, err := apiUpdateJsonBytes()
	if err != nil {
		return nil, err
	}

	info := bindataFileInfo{name: "api/update.json", size: 3234, mode: os.FileMode(0644), modTime: time.Unix(1675080317, 0)}
	a := &asset{bytes: bytes, info: info, digest: [32]uint8{0xf9, 0x43, 0x7b, 0x8c, 0x4a, 0x6b, 0xce, 0x4e, 0x91, 0xb, 0xc7, 0xcc, 0x2c, 0xa7, 0x92, 0x44, 0x11, 0x4a, 0xe3, 0xe1, 0xd1, 0xa, 0xf, 0x6f, 0x89, 0x75, 0x3e, 0xab, 0xe6, 0xe7, 0x5c, 0x4c}}
	return a, nil
}

var _apiUpdate_by_queryJson = []byte("\x1f\x8b\x08\x00\x00\x00\x00\x00\x00\xff\xb4\x59\x4d\x8f\xdb\x38\x12\xbd\xe7\x57\x14\x74\x49\x07\xeb\xb6\xa7\xaf\xbd\x83\x59\x04\xc8\x1e\x16\x18\x24\xbb\xe9\x00\x7b\x18\x0c\x14\x9a\x2a\x59\x9c\x50\xa4\x42\x16\xfd\x91\x20\xff\x7d\x51\x24\xa5\x96\xdd\x96\xec\xd9\xee\x39\x05\xb1\xa8\xe2\xab\x57\x5f\xaf\xd4\xdf\x5f\x01\x14\xa1\xab\x04\x61\xb9\x3e\x94\x5f\x03\xba\x43\x71\x0f\xfc\x33\x40\x51\x59\x19\x5a\x34\x24\x48\x59\x53\xdc\x43\xd1\x10\x75\xfe\x7e\xb5\xda\xed\x76\x4b\xd4\xc2\x93\x92\x4b\x69\x57\x9b\xa0\x2a\x5c\xa1\x59\xe5\xdf\x3c\x0a\x27\x9b\x95\xc3\x1a\x1d\x1a\x89\xab\x56\x78\x42\xb7\xaa\xac\xf4\xb7\xe9\xb6\xdb\xf5\xe1\x36\xde\xb6\x6c\xa8\xd5\xc5\x22\x5d\xd8\x22\x35\xb6\xf2\xc5\x3d\xfc\x56\xfc\xfb\xc3\xc3\xa7\xe2\xf7\xfc\x20\x38\x3d\xc0\x02\x28\x3a\x41\x0d\xe3\x59\x7d\x57\xa6\xc2\xfd\x8f\x55\x79\xea\xc3\x62\x7c\x34\x19\x9c\x39\x3c\xb2\xf4\x9d\x0e\x1d\x9e\x39\xf3\xfb\x60\x51\xda\x96\x49\xe1\xfb\x5b\xeb\x09\xa8\x51\x66\xe3\x61\x8d\xda\xee\xf8\x3f\x1e\x84\x43\xf8\x23\x78\x02\x69\x3b\x85\x15\xd4\xce\xb6\x90\x48\x59\xfe\xe1\xad\x19\xa3\x73\xe4\x47\x9e\x01\x14\x11\xc7\xd1\x4f\x50\x38\xfc\x1a\x94\xc3\xaa\x80\x7b\x20\x17\x70\x31\x7a\xc6\x78\xf9\xf7\x42\x2b\x4f\xc5\xf8\x49\x85\x5e\x3a\xd5\xc5\xe0\xf1\x81\xb7\xc0\xd0\xc5\xad\xc7\x4e\x38\x41\x58\x01\xbf\x02\xb6\x86\x78\x27\x18\xd1\xa2\x07\xb2\x19\xea\xdf\x21\x78\x84\xcf\xa5\xd0\xfa\x33\x58\x07\xd8\x76\x74\x00\x4f\x4e\x99\x0d\x9f\xea\xd0\xd5\xd6\xb5\x40\x0d\x82\xed\xd0\xc5\x2c\x01\x6b\x40\x68\xcd\x16\x95\x44\x5f\x0c\x70\x7e\x3c\x22\x4b\x90\x8f\x3c\x9c\x71\xe3\xcf\xf8\xd1\x27\x2c\xb0\xb5\x23\x57\x34\x8a\x2d\x66\x17\x2e\x61\x8f\x2f\x8f\x90\xbf\x3a\xf1\x80\xa3\x26\xda\x93\xb0\x09\x23\xf4\xe1\x1b\xba\x49\xbf\x12\x71\xf3\x9e\x7d\x6a\x10\x7a\x43\x0c\x93\x03\x50\x5b\x17\x61\xc6\x34\xcc\xf4\x9f\xa7\x35\xbf\x59\xee\x94\xae\xa4\x70\xd5\x24\x94\xb5\xb5\x1a\x85\x99\xc7\xf2\xd0\xa1\x54\xf5\x01\x76\x0d\x52\x83\x0e\x7a\xab\x20\x4c\x05\x9d\xc3\x5a\xed\x23\x26\x85\x1e\x7c\x63\x83\xae\x60\x3d\xa0\xaf\xe0\xa6\xc2\x5a\x04\x4d\xf7\x50\x0b\xed\xf1\xcd\x79\xc8\xf9\x50\x99\x62\x60\xa7\xd9\x43\x13\xda\x63\xbc\x36\x42\xf5\xfc\xf4\xb7\xe2\xed\xfb\x77\xc5\xa2\xf8\xf0\xf1\xb1\x4c\xc7\xe6\xa3\x85\x0f\x1f\x2f\x73\x9f\xcf\x43\x0f\x27\x92\x3f\x26\x3e\xff\xe7\xe6\xed\xfb\x77\x5c\x12\x1f\x3e\x4e\xf9\x55\x3f\x3b\x0f\x6a\x85\xba\xea\x93\x40\xf8\x01\xdb\xae\x41\x87\x60\x6c\x3e\x90\x23\xa1\x3c\x6c\xd4\x16\x0d\x28\x73\x65\xb6\x70\x53\x9a\x04\x69\x42\xbb\x46\x77\x21\x41\x48\x38\x62\x4e\x6c\x5d\x7b\xa4\x51\xc4\x7f\x9a\x60\x45\x6d\x8c\x75\x58\x06\x23\xb6\x42\x69\xb1\xd6\xa7\x5d\xe0\x52\x92\x9e\x41\xf1\xdf\x9c\x9e\x3e\xa6\x2b\x77\x5b\x69\x8d\x74\x48\xd8\xf7\xa0\x51\x76\x26\x00\x15\x73\x68\x60\x04\x03\x6e\x5a\xe5\x7d\xf4\xc5\x81\xd4\xd6\x63\x35\xe1\x82\xd0\xda\xee\x4a\x63\xcb\xbe\xc1\xbd\x98\x03\x64\x33\x3c\x50\x35\x88\xc7\x72\xeb\xbd\xc0\x7d\xe7\xd0\x7b\xee\x53\x0e\xbd\xd5\x5b\xf4\xa0\x0c\x59\x4e\x85\x53\x97\x97\x70\xf3\x89\x07\x91\x32\x52\x87\x0a\x7d\xdf\xc5\x73\x12\x5b\x97\x18\x30\x76\xb0\xde\x70\x7b\x5c\x23\x9a\x47\x22\x27\x18\x90\xd6\xd4\x5a\x49\x3a\xe3\xba\xb1\xc4\x11\x2d\xd2\xdd\x1e\x8c\x3d\x37\x02\x4f\x09\x99\xae\xf1\x51\x95\x73\x91\x8b\xb5\x75\xc4\xc3\xba\x73\x56\x22\x56\xc7\xc5\x3e\x2a\xf7\x7b\xe8\xcf\x5e\xa2\x5e\x10\xf3\x5e\xd9\xc4\x07\x17\x4e\x9a\xfb\xb0\x3e\xe4\x12\x6a\x14\x79\xd8\xa2\x8b\xc4\x0f\xbe\xff\xe3\x3c\x37\xb8\xef\x84\xa9\x86\x06\x3c\x97\x1d\x73\xce\xc6\x96\x66\x3b\x34\xc5\xa2\x48\xd9\x58\x2c\x0a\x63\x0d\x16\x0b\x4e\xc0\x49\xbf\xd9\x6e\x7a\xed\xea\x94\x4b\x88\x1f\xb3\x6d\x94\x65\xf4\x34\xaf\x80\x98\x31\x96\x37\x7c\xcd\x22\x97\x0a\xe7\xd3\xda\x52\xb3\x3c\x4f\x8a\x46\xa3\x92\x5e\x7a\xc1\x69\xc4\xd3\x5b\xd0\xed\x5a\xf0\xfd\x29\x52\xb5\x50\x3a\x38\xf4\x70\xe3\x83\x6c\xb8\x65\x76\xce\x6e\x55\x15\xe5\x0a\xee\x63\xa4\x05\x98\xd0\xa2\x53\x32\x75\xcf\x37\x4f\x7b\xc3\x79\x1f\x3a\xd5\xa1\x56\x66\x5a\xb5\x5c\xd3\xd5\xff\x65\x36\xe8\x09\x7a\x5b\x49\x9e\x10\xab\x8e\xa4\xbf\x58\xe5\xa1\x27\x0f\xad\xa8\x62\x06\x26\x31\x29\xd9\xc0\x72\xd4\x5e\x39\x13\x26\x8a\xb3\x1b\x34\xf7\xb3\x90\xf6\x6c\x73\x41\x18\x5b\x21\x47\xd8\x37\x9c\x1f\xc7\x82\xe9\x91\xbd\x2c\xa8\x38\x19\xcc\x08\xaa\x13\xa6\xb2\xed\x04\xd8\xaf\xcf\xc2\xf8\x9f\x18\xf4\x3c\xee\x7e\x0d\x12\xcd\xf1\xd4\x03\x7f\x30\x24\xf6\xe7\xaf\x76\x36\xf0\xe8\xfa\x4b\x44\x68\x6e\xa0\x12\xf2\x25\xb0\x15\x3a\x4c\x49\x61\x2f\x9d\xd5\x7a\x12\x07\xa9\x16\xaf\x0b\x55\x63\x77\xa0\xad\xd9\x80\xe0\xaa\xf5\xca\x13\xeb\xe0\xad\xc2\x1d\x63\x62\x8e\x52\x92\x3d\x86\xac\x15\xca\x90\x50\x86\xbb\x33\xc7\x37\x22\xc1\xaa\xef\xd2\xe7\xe1\xc6\x67\xe5\xac\x80\xbf\x20\xd5\x62\x8c\x4a\x6a\xd0\x94\x35\x12\x8f\x03\x96\x4b\xbe\x7c\xf2\xfb\xa9\x94\x3b\xf1\x3b\x22\x19\xe5\x62\xbc\x7f\x16\xb4\x6a\xd1\x86\xe9\x3e\x74\x99\xeb\x7f\xee\x3b\xad\xa4\x22\xc8\xa6\x22\x6f\x28\x64\x93\x39\xeb\x2b\x78\x09\xef\x52\x01\xc4\x15\xc4\xd8\xfe\xfc\x44\x83\xf4\xea\xdb\x34\x9b\xd7\x28\xb1\xf7\xf1\x0c\xc7\x39\x4e\x2b\xb2\xe0\x90\x82\x1b\x17\xe2\xdd\x94\x26\xf3\x3c\x27\xff\x8a\x32\xf8\x39\x76\xd8\x5f\xee\x7f\xae\x94\xc3\xd8\xc3\x7e\x81\x4e\x28\x37\x51\x08\xa5\xb7\xc1\xcd\xb4\xad\xcb\x50\x3e\xb9\x10\x1b\x55\xdc\x37\x46\x24\x70\xee\x67\xeb\x59\x33\x5b\xc7\xd2\x64\xc1\xff\x8a\x01\x6f\x7c\x34\x22\x6f\x16\x66\x89\xfb\xa8\xac\x9e\xc5\xdc\xd3\x9b\xb3\xd5\xa4\x96\x18\x77\x82\x82\xd5\xb1\x03\xf3\xd0\xb2\xe8\x7b\x71\x68\xe4\x84\xa4\xb8\xfd\x65\x62\x07\x94\x57\x80\x23\x74\xad\x32\x82\xb0\x14\x35\xcd\x6c\xc9\xd7\xa4\x3b\x6f\x47\xad\xd8\xab\x36\xb4\x60\x86\xd4\xef\x77\x7f\x9f\x84\x8b\xd6\x28\xc7\x05\xca\xd3\x6b\x01\xa1\x8b\xf2\x59\xc8\x86\x1b\xf3\xae\x51\xb2\x19\xad\x4b\xb8\x47\x19\x62\x33\xd9\x29\xad\x61\xc0\x0c\x28\x9c\x3e\x4c\x55\x2f\x89\x27\x5a\xf8\xcf\x90\xfd\xd0\x8f\x8b\xd7\x24\x36\xaf\xfb\x66\x9d\x3b\x49\x74\x40\xdb\xcd\x86\xe1\x32\xf5\x7c\x9b\xf2\xa4\xa4\xd0\xd0\x05\xd7\x59\x3f\x35\x59\xb2\x66\x7d\x59\xd9\xf5\x58\x55\xc3\xa7\x96\x5e\x1b\xb3\xde\x12\x2e\x66\x8d\xe0\x3e\x34\x8b\x6a\x7e\x82\x5c\x07\x2d\x0d\x32\x26\x6b\xc0\xa2\x58\xae\xa6\x0f\x40\x0d\x0e\xc8\x72\x8e\xdc\x28\x43\xe8\x8c\xd0\x6f\x58\xa3\x34\x8a\x72\x1f\x80\x1b\x87\x71\x36\x4e\x74\xc8\x1c\x8a\x52\x0a\xd9\x3c\x17\x73\xa6\x53\xd5\x43\x80\xa3\xd5\xd1\x54\x0e\x3e\xcf\xe3\x28\xfe\xfa\x53\x7d\xc7\xaa\x46\x73\x25\xcd\x73\x8d\x5b\xd4\xac\x23\x69\x72\xd3\x77\x58\x3b\xf4\xcd\x8b\xd1\x8d\x75\x8d\x92\x5b\x7d\x44\x80\x9e\x61\xe7\x3b\xb0\x9a\xd8\x8c\xfe\x9f\xe1\x3b\x2c\x73\x77\xed\x85\x86\xa0\x5a\x4c\x65\xce\x7b\xca\x56\x55\x41\x68\x58\x07\xfd\x65\xe0\x2f\xf3\xbb\x13\x2a\x95\x54\x6c\x07\xa3\x75\x66\xf4\x2d\x60\xa2\xcc\xf9\xd5\xb2\xb6\xae\x64\x3d\xbe\xc5\x32\x59\x78\x9e\xca\x46\x0e\x24\x4b\xec\xa1\x89\x25\x91\x1d\x77\xe6\x8c\xae\x0d\x9e\xe2\x87\xb5\x78\x2d\xac\xb1\xb6\x0e\x21\x6f\xc0\xb1\x89\x29\x6a\xce\x6e\xae\x83\x34\x3a\x96\x23\x77\x0b\x68\x51\x98\xb8\x15\x35\x6c\x49\xb5\x82\x45\x73\xbc\xd9\x1a\x7d\x58\xc2\x03\xc6\x65\xe9\x73\xfc\x66\xc0\x74\x09\xad\x8f\xa0\x2d\xc0\x72\x3b\xd8\x29\x8f\x71\x85\xe1\xcd\xca\x1c\x78\x31\xb9\x35\xb8\x11\x11\x69\x54\xbd\xa0\xd1\x47\x47\x4c\xfc\x82\xfc\x95\x03\x43\x36\x5e\x4c\x96\x84\x1e\xb9\x9e\x9d\xee\x3f\x77\xa6\xeb\x6e\x1e\x9f\x3b\x64\xf1\x25\x3c\xfc\x0d\xee\xa6\xb4\x4c\x94\xb0\xe5\xa4\x9e\x9a\x9c\x2f\xb5\x08\x54\x46\xc0\x05\x4b\xa5\x9f\x26\xc3\xc6\x51\x53\xdf\x90\x1b\x48\x04\x19\x2f\x1c\xb2\xac\xb3\x3b\x74\x3d\xb1\x27\xe1\xb8\x90\x55\xd2\xb6\x9d\x46\x7a\xda\xb0\x2f\x7d\x50\x1a\xd5\xc9\xc9\x5f\x06\xe6\x8b\xf8\xa4\x32\xd6\xda\xca\x2f\x10\x0c\x29\x3d\x9f\x4c\xa0\x3c\x64\xb0\x53\xa5\xd2\xef\xb1\x65\x87\xae\xf4\x28\xad\x39\xff\x29\x7a\x2e\x1c\xd1\xa1\xd9\x38\xb0\x0a\xa0\xc6\x59\x22\x3d\x5e\xa5\x8f\xda\xa6\x32\xe0\xc3\xfa\x76\x58\xac\x3b\x74\x90\x00\x2d\xe1\xf6\x2e\xd6\x81\x8f\xfa\x3c\xdb\x99\x1a\xf1\xfa\xcc\xa7\xbe\x2b\x7d\xb8\xbb\xe4\xc3\xa8\xf8\x75\xfe\xc6\xa2\x3c\x90\xf0\x5f\x46\x53\x21\x76\xb5\xd8\x71\xc9\x9e\x94\xf3\x51\x35\xc7\xd7\x94\x37\xaf\x29\x59\x4b\x6f\x30\x09\xfc\xc4\x2f\xcf\xfc\x55\xe3\xd5\xc8\xdb\x62\x6d\xab\xc3\xf8\x0f\x6d\x67\xf0\xe6\x55\xa7\xc2\x5a\x19\x15\x33\x22\xf8\xfe\xfa\xb4\x93\xbf\x7b\xf8\x35\xdd\xc3\xb6\x7f\xbc\xfa\xf1\xea\x7f\x01\x00\x00\xff\xff\x7a\x14\xcb\x42\x66\x1c\x00\x00")

func apiUpdate_by_queryJsonBytes() ([]byte, error) {
	return bindataRead(
		_apiUpdate_by_queryJson,
		"api/update_by_query.json",
	)
}

func apiUpdate_by_queryJson() (*asset, error) {
	bytes, err := apiUpdate_by_queryJsonBytes()
	if err != nil {
		return nil, err
	}

	info := bindataFileInfo{name: "api/update_by_query.json", size: 7270, mode: os.FileMode(0644), modTime: time.Unix(1675080317, 0)}
	a := &asset{bytes: bytes, info: info, digest: [32]uint8{0x9f, 0xa8, 0x3a, 0xe7, 0x56, 0xd2, 0x4b, 0x7e, 0xca, 0x99, 0xa8, 0x69, 0xda, 0xda, 0x42, 0xf8, 0xcb, 0xfe, 0xc1, 0x98, 0x3d, 0x8d, 0x48, 0xfb, 0x41, 0x57, 0xae, 0x52, 0x9b, 0x92, 0xfb, 0x49}}
	return a, nil
}

// Asset loads and returns the asset for the given name.
// It returns an error if the asset could not be found or
// could not be loaded.
func Asset(name string) ([]byte, error) {
	canonicalName := strings.Replace(name, "\\", "/", -1)
	if f, ok := _bindata[canonicalName]; ok {
		a, err := f()
		if err != nil {
			return nil, fmt.Errorf("Asset %s can't read by error: %v", name, err)
		}
		return a.bytes, nil
	}
	return nil, fmt.Errorf("Asset %s not found", name)
}

// AssetString returns the asset contents as a string (instead of a []byte).
func AssetString(name string) (string, error) {
	data, err := Asset(name)
	return string(data), err
}

// MustAsset is like Asset but panics when Asset would return an error.
// It simplifies safe initialization of global variables.
func MustAsset(name string) []byte {
	a, err := Asset(name)
	if err != nil {
		panic("asset: Asset(" + name + "): " + err.Error())
	}

	return a
}

// MustAssetString is like AssetString but panics when Asset would return an
// error. It simplifies safe initialization of global variables.
func MustAssetString(name string) string {
	return string(MustAsset(name))
}

// AssetInfo loads and returns the asset info for the given name.
// It returns an error if the asset could not be found or
// could not be loaded.
func AssetInfo(name string) (os.FileInfo, error) {
	canonicalName := strings.Replace(name, "\\", "/", -1)
	if f, ok := _bindata[canonicalName]; ok {
		a, err := f()
		if err != nil {
			return nil, fmt.Errorf("AssetInfo %s can't read by error: %v", name, err)
		}
		return a.info, nil
	}
	return nil, fmt.Errorf("AssetInfo %s not found", name)
}

// AssetDigest returns the digest of the file with the given name. It returns an
// error if the asset could not be found or the digest could not be loaded.
func AssetDigest(name string) ([sha256.Size]byte, error) {
	canonicalName := strings.Replace(name, "\\", "/", -1)
	if f, ok := _bindata[canonicalName]; ok {
		a, err := f()
		if err != nil {
			return [sha256.Size]byte{}, fmt.Errorf("AssetDigest %s can't read by error: %v", name, err)
		}
		return a.digest, nil
	}
	return [sha256.Size]byte{}, fmt.Errorf("AssetDigest %s not found", name)
}

// Digests returns a map of all known files and their checksums.
func Digests() (map[string][sha256.Size]byte, error) {
	mp := make(map[string][sha256.Size]byte, len(_bindata))
	for name := range _bindata {
		a, err := _bindata[name]()
		if err != nil {
			return nil, err
		}
		mp[name] = a.digest
	}
	return mp, nil
}

// AssetNames returns the names of the assets.
func AssetNames() []string {
	names := make([]string, 0, len(_bindata))
	for name := range _bindata {
		names = append(names, name)
	}
	return names
}

// _bindata is a table, holding each asset generator, mapped to its name.
var _bindata = map[string]func() (*asset, error){
	"api/_common.json":                      api_commonJson,
	"api/bulk.json":                         apiBulkJson,
	"api/cat.aliases.json":                  apiCatAliasesJson,
	"api/cat.allocation.json":               apiCatAllocationJson,
	"api/cat.count.json":                    apiCatCountJson,
	"api/cat.fielddata.json":                apiCatFielddataJson,
	"api/cat.health.json":                   apiCatHealthJson,
	"api/cat.help.json":                     apiCatHelpJson,
	"api/cat.indices.json":                  apiCatIndicesJson,
	"api/cat.master.json":                   apiCatMasterJson,
	"api/cat.nodeattrs.json":                apiCatNodeattrsJson,
	"api/cat.nodes.json":                    apiCatNodesJson,
	"api/cat.pending_tasks.json":            apiCatPending_tasksJson,
	"api/cat.plugins.json":                  apiCatPluginsJson,
	"api/cat.recovery.json":                 apiCatRecoveryJson,
	"api/cat.repositories.json":             apiCatRepositoriesJson,
	"api/cat.segments.json":                 apiCatSegmentsJson,
	"api/cat.shards.json":                   apiCatShardsJson,
	"api/cat.snapshots.json":                apiCatSnapshotsJson,
	"api/cat.tasks.json":                    apiCatTasksJson,
	"api/cat.templates.json":                apiCatTemplatesJson,
	"api/cat.thread_pool.json":              apiCatThread_poolJson,
	"api/clear_scroll.json":                 apiClear_scrollJson,
	"api/cluster.allocation_explain.json":   apiClusterAllocation_explainJson,
	"api/cluster.get_settings.json":         apiClusterGet_settingsJson,
	"api/cluster.health.json":               apiClusterHealthJson,
	"api/cluster.pending_tasks.json":        apiClusterPending_tasksJson,
	"api/cluster.put_settings.json":         apiClusterPut_settingsJson,
	"api/cluster.remote_info.json":          apiClusterRemote_infoJson,
	"api/cluster.reroute.json":              apiClusterRerouteJson,
	"api/cluster.state.json":                apiClusterStateJson,
	"api/cluster.stats.json":                apiClusterStatsJson,
	"api/count.json":                        apiCountJson,
	"api/create.json":                       apiCreateJson,
	"api/delete.json":                       apiDeleteJson,
	"api/delete_by_query.json":              apiDelete_by_queryJson,
	"api/delete_script.json":                apiDelete_scriptJson,
	"api/exists.json":                       apiExistsJson,
	"api/exists_source.json":                apiExists_sourceJson,
	"api/explain.json":                      apiExplainJson,
	"api/field_caps.json":                   apiField_capsJson,
	"api/get.json":                          apiGetJson,
	"api/get_script.json":                   apiGet_scriptJson,
	"api/get_source.json":                   apiGet_sourceJson,
	"api/index.json":                        apiIndexJson,
	"api/indices.analyze.json":              apiIndicesAnalyzeJson,
	"api/indices.clear_cache.json":          apiIndicesClear_cacheJson,
	"api/indices.close.json":                apiIndicesCloseJson,
	"api/indices.create.json":               apiIndicesCreateJson,
	"api/indices.delete.json":               apiIndicesDeleteJson,
	"api/indices.delete_alias.json":         apiIndicesDelete_aliasJson,
	"api/indices.delete_template.json":      apiIndicesDelete_templateJson,
	"api/indices.exists.json":               apiIndicesExistsJson,
	"api/indices.exists_alias.json":         apiIndicesExists_aliasJson,
	"api/indices.exists_template.json":      apiIndicesExists_templateJson,
	"api/indices.exists_type.json":          apiIndicesExists_typeJson,
	"api/indices.flush.json":                apiIndicesFlushJson,
	"api/indices.flush_synced.json":         apiIndicesFlush_syncedJson,
	"api/indices.forcemerge.json":           apiIndicesForcemergeJson,
	"api/indices.get.json":                  apiIndicesGetJson,
	"api/indices.get_alias.json":            apiIndicesGet_aliasJson,
	"api/indices.get_field_mapping.json":    apiIndicesGet_field_mappingJson,
	"api/indices.get_mapping.json":          apiIndicesGet_mappingJson,
	"api/indices.get_settings.json":         apiIndicesGet_settingsJson,
	"api/indices.get_template.json":         apiIndicesGet_templateJson,
	"api/indices.get_upgrade.json":          apiIndicesGet_upgradeJson,
	"api/indices.open.json":                 apiIndicesOpenJson,
	"api/indices.put_alias.json":            apiIndicesPut_aliasJson,
	"api/indices.put_mapping.json":          apiIndicesPut_mappingJson,
	"api/indices.put_settings.json":         apiIndicesPut_settingsJson,
	"api/indices.put_template.json":         apiIndicesPut_templateJson,
	"api/indices.recovery.json":             apiIndicesRecoveryJson,
	"api/indices.refresh.json":              apiIndicesRefreshJson,
	"api/indices.rollover.json":             apiIndicesRolloverJson,
	"api/indices.segments.json":             apiIndicesSegmentsJson,
	"api/indices.shard_stores.json":         apiIndicesShard_storesJson,
	"api/indices.shrink.json":               apiIndicesShrinkJson,
	"api/indices.split.json":                apiIndicesSplitJson,
	"api/indices.stats.json":                apiIndicesStatsJson,
	"api/indices.update_aliases.json":       apiIndicesUpdate_aliasesJson,
	"api/indices.upgrade.json":              apiIndicesUpgradeJson,
	"api/indices.validate_query.json":       apiIndicesValidate_queryJson,
	"api/info.json":                         apiInfoJson,
	"api/ingest.delete_pipeline.json":       apiIngestDelete_pipelineJson,
	"api/ingest.get_pipeline.json":          apiIngestGet_pipelineJson,
	"api/ingest.processor_grok.json":        apiIngestProcessor_grokJson,
	"api/ingest.put_pipeline.json":          apiIngestPut_pipelineJson,
	"api/ingest.simulate.json":              apiIngestSimulateJson,
	"api/mget.json":                         apiMgetJson,
	"api/msearch.json":                      apiMsearchJson,
	"api/msearch_template.json":             apiMsearch_templateJson,
	"api/mtermvectors.json":                 apiMtermvectorsJson,
	"api/nodes.hot_threads.json":            apiNodesHot_threadsJson,
	"api/nodes.info.json":                   apiNodesInfoJson,
	"api/nodes.reload_secure_settings.json": apiNodesReload_secure_settingsJson,
	"api/nodes.stats.json":                  apiNodesStatsJson,
	"api/nodes.usage.json":                  apiNodesUsageJson,
	"api/ping.json":                         apiPingJson,
	"api/put_script.json":                   apiPut_scriptJson,
	"api/rank_eval.json":                    apiRank_evalJson,
	"api/reindex.json":                      apiReindexJson,
	"api/reindex_rethrottle.json":           apiReindex_rethrottleJson,
	"api/render_search_template.json":       apiRender_search_templateJson,
	"api/scripts_painless_execute.json":     apiScripts_painless_executeJson,
	"api/scroll.json":                       apiScrollJson,
	"api/search.json":                       apiSearchJson,
	"api/search_shards.json":                apiSearch_shardsJson,
	"api/search_template.json":              apiSearch_templateJson,
	"api/snapshot.create.json":              apiSnapshotCreateJson,
	"api/snapshot.create_repository.json":   apiSnapshotCreate_repositoryJson,
	"api/snapshot.delete.json":              apiSnapshotDeleteJson,
	"api/snapshot.delete_repository.json":   apiSnapshotDelete_repositoryJson,
	"api/snapshot.get.json":                 apiSnapshotGetJson,
	"api/snapshot.get_repository.json":      apiSnapshotGet_repositoryJson,
	"api/snapshot.restore.json":             apiSnapshotRestoreJson,
	"api/snapshot.status.json":              apiSnapshotStatusJson,
	"api/snapshot.verify_repository.json":   apiSnapshotVerify_repositoryJson,
	"api/tasks.cancel.json":                 apiTasksCancelJson,
	"api/tasks.get.json":                    apiTasksGetJson,
	"api/tasks.list.json":                   apiTasksListJson,
	"api/termvectors.json":                  apiTermvectorsJson,
	"api/update.json":                       apiUpdateJson,
	"api/update_by_query.json":              apiUpdate_by_queryJson,
}

// AssetDebug is true if the assets were built with the debug flag enabled.
const AssetDebug = false

// AssetDir returns the file names below a certain
// directory embedded in the file by go-bindata.
// For example if you run go-bindata on data/... and data contains the
// following hierarchy:
//
//	data/
//	  foo.txt
//	  img/
//	    a.png
//	    b.png
//
// then AssetDir("data") would return []string{"foo.txt", "img"},
// AssetDir("data/img") would return []string{"a.png", "b.png"},
// AssetDir("foo.txt") and AssetDir("notexist") would return an error, and
// AssetDir("") will return []string{"data"}.
func AssetDir(name string) ([]string, error) {
	node := _bintree
	if len(name) != 0 {
		canonicalName := strings.Replace(name, "\\", "/", -1)
		pathList := strings.Split(canonicalName, "/")
		for _, p := range pathList {
			node = node.Children[p]
			if node == nil {
				return nil, fmt.Errorf("Asset %s not found", name)
			}
		}
	}
	if node.Func != nil {
		return nil, fmt.Errorf("Asset %s not found", name)
	}
	rv := make([]string, 0, len(node.Children))
	for childName := range node.Children {
		rv = append(rv, childName)
	}
	return rv, nil
}

type bintree struct {
	Func     func() (*asset, error)
	Children map[string]*bintree
}

var _bintree = &bintree{nil, map[string]*bintree{
	"api": {nil, map[string]*bintree{
		"_common.json": {api_commonJson, map[string]*bintree{}},
		"bulk.json": {apiBulkJson, map[string]*bintree{}},
		"cat.aliases.json": {apiCatAliasesJson, map[string]*bintree{}},
		"cat.allocation.json": {apiCatAllocationJson, map[string]*bintree{}},
		"cat.count.json": {apiCatCountJson, map[string]*bintree{}},
		"cat.fielddata.json": {apiCatFielddataJson, map[string]*bintree{}},
		"cat.health.json": {apiCatHealthJson, map[string]*bintree{}},
		"cat.help.json": {apiCatHelpJson, map[string]*bintree{}},
		"cat.indices.json": {apiCatIndicesJson, map[string]*bintree{}},
		"cat.master.json": {apiCatMasterJson, map[string]*bintree{}},
		"cat.nodeattrs.json": {apiCatNodeattrsJson, map[string]*bintree{}},
		"cat.nodes.json": {apiCatNodesJson, map[string]*bintree{}},
		"cat.pending_tasks.json": {apiCatPending_tasksJson, map[string]*bintree{}},
		"cat.plugins.json": {apiCatPluginsJson, map[string]*bintree{}},
		"cat.recovery.json": {apiCatRecoveryJson, map[string]*bintree{}},
		"cat.repositories.json": {apiCatRepositoriesJson, map[string]*bintree{}},
		"cat.segments.json": {apiCatSegmentsJson, map[string]*bintree{}},
		"cat.shards.json": {apiCatShardsJson, map[string]*bintree{}},
		"cat.snapshots.json": {apiCatSnapshotsJson, map[string]*bintree{}},
		"cat.tasks.json": {apiCatTasksJson, map[string]*bintree{}},
		"cat.templates.json": {apiCatTemplatesJson, map[string]*bintree{}},
		"cat.thread_pool.json": {apiCatThread_poolJson, map[string]*bintree{}},
		"clear_scroll.json": {apiClear_scrollJson, map[string]*bintree{}},
		"cluster.allocation_explain.json": {apiClusterAllocation_explainJson, map[string]*bintree{}},
		"cluster.get_settings.json": {apiClusterGet_settingsJson, map[string]*bintree{}},
		"cluster.health.json": {apiClusterHealthJson, map[string]*bintree{}},
		"cluster.pending_tasks.json": {apiClusterPending_tasksJson, map[string]*bintree{}},
		"cluster.put_settings.json": {apiClusterPut_settingsJson, map[string]*bintree{}},
		"cluster.remote_info.json": {apiClusterRemote_infoJson, map[string]*bintree{}},
		"cluster.reroute.json": {apiClusterRerouteJson, map[string]*bintree{}},
		"cluster.state.json": {apiClusterStateJson, map[string]*bintree{}},
		"cluster.stats.json": {apiClusterStatsJson, map[string]*bintree{}},
		"count.json": {apiCountJson, map[string]*bintree{}},
		"create.json": {apiCreateJson, map[string]*bintree{}},
		"delete.json": {apiDeleteJson, map[string]*bintree{}},
		"delete_by_query.json": {apiDelete_by_queryJson, map[string]*bintree{}},
		"delete_script.json": {apiDelete_scriptJson, map[string]*bintree{}},
		"exists.json": {apiExistsJson, map[string]*bintree{}},
		"exists_source.json": {apiExists_sourceJson, map[string]*bintree{}},
		"explain.json": {apiExplainJson, map[string]*bintree{}},
		"field_caps.json": {apiField_capsJson, map[string]*bintree{}},
		"get.json": {apiGetJson, map[string]*bintree{}},
		"get_script.json": {apiGet_scriptJson, map[string]*bintree{}},
		"get_source.json": {apiGet_sourceJson, map[string]*bintree{}},
		"index.json": {apiIndexJson, map[string]*bintree{}},
		"indices.analyze.json": {apiIndicesAnalyzeJson, map[string]*bintree{}},
		"indices.clear_cache.json": {apiIndicesClear_cacheJson, map[string]*bintree{}},
		"indices.close.json": {apiIndicesCloseJson, map[string]*bintree{}},
		"indices.create.json": {apiIndicesCreateJson, map[string]*bintree{}},
		"indices.delete.json": {apiIndicesDeleteJson, map[string]*bintree{}},
		"indices.delete_alias.json": {apiIndicesDelete_aliasJson, map[string]*bintree{}},
		"indices.delete_template.json": {apiIndicesDelete_templateJson, map[string]*bintree{}},
		"indices.exists.json": {apiIndicesExistsJson, map[string]*bintree{}},
		"indices.exists_alias.json": {apiIndicesExists_aliasJson, map[string]*bintree{}},
		"indices.exists_template.json": {apiIndicesExists_templateJson, map[string]*bintree{}},
		"indices.exists_type.json": {apiIndicesExists_typeJson, map[string]*bintree{}},
		"indices.flush.json": {apiIndicesFlushJson, map[string]*bintree{}},
		"indices.flush_synced.json": {apiIndicesFlush_syncedJson, map[string]*bintree{}},
		"indices.forcemerge.json": {apiIndicesForcemergeJson, map[string]*bintree{}},
		"indices.get.json": {apiIndicesGetJson, map[string]*bintree{}},
		"indices.get_alias.json": {apiIndicesGet_aliasJson, map[string]*bintree{}},
		"indices.get_field_mapping.json": {apiIndicesGet_field_mappingJson, map[string]*bintree{}},
		"indices.get_mapping.json": {apiIndicesGet_mappingJson, map[string]*bintree{}},
		"indices.get_settings.json": {apiIndicesGet_settingsJson, map[string]*bintree{}},
		"indices.get_template.json": {apiIndicesGet_templateJson, map[string]*bintree{}},
		"indices.get_upgrade.json": {apiIndicesGet_upgradeJson, map[string]*bintree{}},
		"indices.open.json": {apiIndicesOpenJson, map[string]*bintree{}},
		"indices.put_alias.json": {apiIndicesPut_aliasJson, map[string]*bintree{}},
		"indices.put_mapping.json": {apiIndicesPut_mappingJson, map[string]*bintree{}},
		"indices.put_settings.json": {apiIndicesPut_settingsJson, map[string]*bintree{}},
		"indices.put_template.json": {apiIndicesPut_templateJson, map[string]*bintree{}},
		"indices.recovery.json": {apiIndicesRecoveryJson, map[string]*bintree{}},
		"indices.refresh.json": {apiIndicesRefreshJson, map[string]*bintree{}},
		"indices.rollover.json": {apiIndicesRolloverJson, map[string]*bintree{}},
		"indices.segments.json": {apiIndicesSegmentsJson, map[string]*bintree{}},
		"indices.shard_stores.json": {apiIndicesShard_storesJson, map[string]*bintree{}},
		"indices.shrink.json": {apiIndicesShrinkJson, map[string]*bintree{}},
		"indices.split.json": {apiIndicesSplitJson, map[string]*bintree{}},
		"indices.stats.json": {apiIndicesStatsJson, map[string]*bintree{}},
		"indices.update_aliases.json": {apiIndicesUpdate_aliasesJson, map[string]*bintree{}},
		"indices.upgrade.json": {apiIndicesUpgradeJson, map[string]*bintree{}},
		"indices.validate_query.json": {apiIndicesValidate_queryJson, map[string]*bintree{}},
		"info.json": {apiInfoJson, map[string]*bintree{}},
		"ingest.delete_pipeline.json": {apiIngestDelete_pipelineJson, map[string]*bintree{}},
		"ingest.get_pipeline.json": {apiIngestGet_pipelineJson, map[string]*bintree{}},
		"ingest.processor_grok.json": {apiIngestProcessor_grokJson, map[string]*bintree{}},
		"ingest.put_pipeline.json": {apiIngestPut_pipelineJson, map[string]*bintree{}},
		"ingest.simulate.json": {apiIngestSimulateJson, map[string]*bintree{}},
		"mget.json": {apiMgetJson, map[string]*bintree{}},
		"msearch.json": {apiMsearchJson, map[string]*bintree{}},
		"msearch_template.json": {apiMsearch_templateJson, map[string]*bintree{}},
		"mtermvectors.json": {apiMtermvectorsJson, map[string]*bintree{}},
		"nodes.hot_threads.json": {apiNodesHot_threadsJson, map[string]*bintree{}},
		"nodes.info.json": {apiNodesInfoJson, map[string]*bintree{}},
		"nodes.reload_secure_settings.json": {apiNodesReload_secure_settingsJson, map[string]*bintree{}},
		"nodes.stats.json": {apiNodesStatsJson, map[string]*bintree{}},
		"nodes.usage.json": {apiNodesUsageJson, map[string]*bintree{}},
		"ping.json": {apiPingJson, map[string]*bintree{}},
		"put_script.json": {apiPut_scriptJson, map[string]*bintree{}},
		"rank_eval.json": {apiRank_evalJson, map[string]*bintree{}},
		"reindex.json": {apiReindexJson, map[string]*bintree{}},
		"reindex_rethrottle.json": {apiReindex_rethrottleJson, map[string]*bintree{}},
		"render_search_template.json": {apiRender_search_templateJson, map[string]*bintree{}},
		"scripts_painless_execute.json": {apiScripts_painless_executeJson, map[string]*bintree{}},
		"scroll.json": {apiScrollJson, map[string]*bintree{}},
		"search.json": {apiSearchJson, map[string]*bintree{}},
		"search_shards.json": {apiSearch_shardsJson, map[string]*bintree{}},
		"search_template.json": {apiSearch_templateJson, map[string]*bintree{}},
		"snapshot.create.json": {apiSnapshotCreateJson, map[string]*bintree{}},
		"snapshot.create_repository.json": {apiSnapshotCreate_repositoryJson, map[string]*bintree{}},
		"snapshot.delete.json": {apiSnapshotDeleteJson, map[string]*bintree{}},
		"snapshot.delete_repository.json": {apiSnapshotDelete_repositoryJson, map[string]*bintree{}},
		"snapshot.get.json": {apiSnapshotGetJson, map[string]*bintree{}},
		"snapshot.get_repository.json": {apiSnapshotGet_repositoryJson, map[string]*bintree{}},
		"snapshot.restore.json": {apiSnapshotRestoreJson, map[string]*bintree{}},
		"snapshot.status.json": {apiSnapshotStatusJson, map[string]*bintree{}},
		"snapshot.verify_repository.json": {apiSnapshotVerify_repositoryJson, map[string]*bintree{}},
		"tasks.cancel.json": {apiTasksCancelJson, map[string]*bintree{}},
		"tasks.get.json": {apiTasksGetJson, map[string]*bintree{}},
		"tasks.list.json": {apiTasksListJson, map[string]*bintree{}},
		"termvectors.json": {apiTermvectorsJson, map[string]*bintree{}},
		"update.json": {apiUpdateJson, map[string]*bintree{}},
		"update_by_query.json": {apiUpdate_by_queryJson, map[string]*bintree{}},
	}},
}}

// RestoreAsset restores an asset under the given directory.
func RestoreAsset(dir, name string) error {
	data, err := Asset(name)
	if err != nil {
		return err
	}
	info, err := AssetInfo(name)
	if err != nil {
		return err
	}
	err = os.MkdirAll(_filePath(dir, filepath.Dir(name)), os.FileMode(0755))
	if err != nil {
		return err
	}
	err = os.WriteFile(_filePath(dir, name), data, info.Mode())
	if err != nil {
		return err
	}
	return os.Chtimes(_filePath(dir, name), info.ModTime(), info.ModTime())
}

// RestoreAssets restores an asset under the given directory recursively.
func RestoreAssets(dir, name string) error {
	children, err := AssetDir(name)
	// File
	if err != nil {
		return RestoreAsset(dir, name)
	}
	// Dir
	for _, child := range children {
		err = RestoreAssets(dir, filepath.Join(name, child))
		if err != nil {
			return err
		}
	}
	return nil
}

func _filePath(dir, name string) string {
	canonicalName := strings.Replace(name, "\\", "/", -1)
	return filepath.Join(append([]string{dir}, strings.Split(canonicalName, "/")...)...)
}
